Latitude (º),Longitude (º),Altitude (m),Start year,End year,Years,K,a,b,c,K_r,a_r,b_r,c_r,NSE_all,R2_all,RMSE_all
-7.6111,-72.6811,170.0,1928.0,2015.0,88.0,1019.1,0.1471,12.4,0.7615,2742.4023,0.15979974,18.801283,0.9235802,0.6474672973436137,0.6474672973436137,36.38878823267059
-8.93527778,-72.785,,1981.0,2018.0,32.0,668.49,0.2501,9.19,0.7062,2522.0269,0.1373618,12.931603,0.8979944,0.7823765961789689,0.7823765961789689,37.94309966207666
-9.9758,-67.8,160.0,1970.0,2016.0,45.0,883.77,0.1037,9.19,0.706,3234.553,0.16462642,25.379631,0.9336849,0.7156042010003658,0.7156042010003658,32.528528223645395
-10.64972222,-68.50666667,,1978.0,2013.0,33.0,909.46,0.1106,9.19,0.7061,2978.9683,0.16776127,21.604445,0.9214637,0.676939511192435,0.676939511192435,36.54318853281926
-0.3992,-51.4203,,1981.0,2018.0,38.0,759.9,0.235,9.19,0.706,826.1878,0.13541257,26.39871,0.78833795,-0.14938586798513365,-0.14938586798513365,93.14646492075902
-0.5711,-52.575,,1970.0,2013.0,44.0,706.0,0.178,9.19,0.706,1608.0264,0.124791816,33.973553,0.8608697,0.4775144908983663,0.4775144908983663,46.3931782598975
0.50805556,-50.74833333,,1985.0,2018.0,34.0,658.9,0.25,9.19,0.706,740.4055,0.116474405,4.928174,0.7536494,0.774891246075009,0.774891246075009,38.04028300506498
0.045,-51.11,14.0,1968.0,2016.0,49.0,918.8,0.171,9.19,0.706,586.66815,0.12076389,15.744882,0.7451034,-0.16193009917868717,-0.16193009917868717,87.62087473964124
0.3031,-51.1267,,1984.0,2021.0,38.0,849.0,0.2192,12.6,0.7688,404.8273,0.13883275,6.8263707,0.7000352,0.4183662301639435,0.4183662301639435,50.238261941152274
0.8803,-52.0094,189.0,1972.0,2020.0,59.0,878.3,0.1732,12.4,0.7703,2959.5872,0.13950787,99.25526,0.9757645,-0.3010924508078492,-0.3010924508078492,64.98994272099037
1.22611111,-50.89722222,,1975.0,2018.0,44.0,786.5,0.157,9.19,0.706,2213.4966,0.11150084,28.248604,0.8884861,0.804672056711947,0.804672056711947,29.14450271645014
1.58027778,-50.90277778,,1985.0,2017.0,33.0,998.1,0.164,9.19,0.706,2938.774,0.1269593,17.645685,0.8991414,0.9834315920953757,0.9834315920953757,11.063629083128303
2.4956,-50.9508,,1976.0,2018.0,43.0,1158.5,0.244,9.19,0.706,3016.122,0.16403879,21.4958,0.8944924,0.7598976683867398,0.7598976683867398,67.36975554192578
2.0547,-50.7881,,1978.0,2018.0,41.0,1337.0,0.157,9.19,0.706,3241.224,0.15245226,22.766344,0.89820284,0.9001219970445186,0.9001219970445186,35.42762722069149
2.6983,-51.3614,,1985.0,2018.0,34.0,853.6,0.157,9.19,0.706,2295.4998,0.15782718,24.241838,0.88072985,0.9785575966841576,0.9785575966841576,10.480134844613511
-13.3672,-39.0772,59.0,1972.0,2021.0,49.0,1172.9,0.1826,32.7,0.7706,5256.237,0.20681062,56.765503,0.9874864,0.38535713919651804,0.38535713919651804,34.511769414094346
-3.9,-38.6667,67.0,1974.0,2021.0,48.0,3000.3,0.137,26.1,0.9097,2463.5752,0.17006154,11.439377,0.85683435,-0.8934424249291057,-0.8934424249291057,93.95031220681828
-4.15,-38.83333333,,1979.0,2021.0,42.0,2552.6,0.1704,26.3,0.9097,2202.7498,0.16385032,11.501701,0.857133,-0.23898084576199685,-0.23898084576199685,73.13234073820252
-5.9,-38.6167,120.0,1974.0,2016.0,43.0,450.37,0.0745,0.0,0.6616,1995.8408,0.18103397,13.247115,0.86017597,-0.3741981828093748,-0.3741981828093748,75.90728903458375
-5.7,-39.0167,170.0,1974.0,2016.0,43.0,449.96,0.0699,0.0,0.6575,2066.7566,0.1918476,13.2471,0.86017585,-0.9257343453439422,-0.9257343453439422,88.96981887988183
-6.25,-38.9167,188.0,1974.0,2016.0,43.0,413.33,0.0762,0.0,0.6567,1959.8773,0.19679524,14.051033,0.8682159,-0.7289147126407098,-0.7289147126407098,79.08010950185582
-6.4,-38.85,160.0,1974.0,2016.0,43.0,438.86,0.0743,0.0,0.6567,2105.6147,0.18114944,14.394381,0.8691751,-0.39084687291772124,-0.39084687291772124,74.85668263141748
-6.1167,-39.45,250.0,1974.0,2016.0,43.0,407.99,0.0765,0.0,0.6567,2038.4113,0.15283355,14.394396,0.8691752,-0.03990218169338888,-0.03990218169338888,60.59594889718759
-6.6,-39.06666667,246.0,1974.0,2016.0,43.0,498.58,0.0705,0.0,0.6566,2703.0364,0.18355982,14.393982,0.86917144,-1.4633967813721895,-1.4633967813721895,111.84445107331933
-6.5333,-39.5,230.0,1974.0,2016.0,43.0,464.89,0.0727,0.0,0.6567,2434.8406,0.22383296,14.942926,0.8705684,-2.2869026562214105,-2.2869026562214105,121.28588965481941
-6.3667,-39.3,213.0,1974.0,2016.0,43.0,490.95,0.071,0.0,0.6567,2808.2527,0.15261105,14.393913,0.86917084,-0.9947270676483777,-0.9947270676483777,99.24689558035321
-7.23333333,-39.4,421.0,1974.0,2015.0,42.0,1188.875,0.178,11.5,0.7602,2860.9392,0.18116386,15.124689,0.8606231,0.07106528129097123,0.07106528129097123,81.0450629363027
-6.77897222,-39.29522222,345.0,1974.0,2016.0,43.0,457.58,0.0719,0.0,0.6573,2755.9111,0.17331757,14.942678,0.8705662,-1.8923676272470829,-1.8923676272470829,111.61312080670533
-15.79,-47.9228,1160.0,1962.0,2021.0,70.0,1926.2,0.1349,9.8,0.8678,2110.74,0.1728712,4.7309895,0.8489332,-0.6049397541900041,-0.6049397541900041,120.85538847336012
-18.9856,-40.7461,180.0,1970.0,2016.0,47.0,3267.4,0.1649,52.2,0.9207,1683.2583,0.19245312,3.9856162,0.81189483,-15.981483013757579,-15.981483013757579,189.70338130385173
-18.9817,-39.9933,60.0,1972.0,2016.0,44.0,3091.8,0.1607,38.5,0.924,1405.1271,0.19744089,3.6883295,0.8045205,-6.2247944955468535,-6.2247944955468535,145.55918708927
-20.6806,-41.3483,180.0,1964.0,2012.0,48.0,2263.8,0.1423,19.3,0.8536,17073.242,0.17033297,88.043526,1.1338216,0.8582058362008044,0.8582058362008044,29.428809240170644
-15.93939999,-50.14059999,513.0,1980.0,2019.0,40.0,1174.71,0.164,13.454,0.79,2726.5537,0.17094629,28.659246,0.9072978,0.9729169864894313,0.9729169864894313,10.94830164492581
-16.6736,-49.2639,742.0,1962.0,2016.0,75.0,903.0,0.197,13.8,0.7682,2880.8489,0.1679131,31.914396,0.9129757,0.942421694820973,0.942421694820973,14.648344228101717
-17.72416667,-48.17111111,751.0,1977.0,2016.0,40.0,881.7487,0.1333,10.5332,0.7519,2093.648,0.17299804,13.001677,0.8649683,-0.6773818124992004,-0.6773818124992004,72.97054550057318
-20.76471778,-42.87062194,698.0,1961.0,2017.0,56.0,4985.9,0.1572,28.0,0.9811,25039.506,0.1606635,94.30864,1.1545911,0.8968950499014299,0.8968950499014299,29.21055175373797
-16.7025,-44.11719999,678.0,1975.0,2014.0,40.0,4361.2,0.2009,34.8,0.9851,3489.1018,0.17205061,35.36901,0.95493096,0.8738562417350278,0.8738562417350278,27.704658554532205
-17.7725,-47.0986,1000.0,1974.0,2018.0,45.0,778.7,0.1834,10.0,0.7399,2344.9814,0.15683994,5.976616,0.8722642,-4.190329709492853,-4.190329709492853,145.14951537920203
-18.5928,-43.4125,940.0,1943.0,2019.0,77.0,4022.58,0.1536,31.91,0.9588,2795.4697,0.15700544,15.261402,0.8673222,0.01719496805099674,0.01719496805099674,69.69479830303419
-18.3061,-44.2258,510.0,1941.0,2018.0,78.0,2518.4,0.1577,29.6,0.9121,3153.16,0.14781314,19.272802,0.8950457,-0.6167895975764528,-0.6167895975764528,71.09621245756776
-18.9231,-48.2886,869.0,1981.0,2015.0,35.0,330.4083,0.1452,0.0,0.6164,1581.8157,0.14211144,7.606063,0.8217542,-0.2410206083558002,-0.2410206083558002,71.37187893533056
-19.6783,-41.8361,290.0,1970.0,2013.0,43.0,5121.4,0.1701,29.2,0.9876,9131.907,0.15108074,54.921074,1.0302414,0.9270646584050659,0.9270646584050659,25.063275032669956
-19.9228,-43.1778,623.0,1958.0,2014.0,56.0,583.2,0.1802,6.1,0.7048,14947.617,0.1715638,67.43508,1.0784285,-0.4847228340911782,-0.4847228340911782,77.69774291791542
-19.2372,-44.1231,636.0,1961.0,2020.0,59.0,679.1,0.2645,10.4,0.7438,4668.2275,0.1883455,26.346714,0.91683024,-1.0034979422729218,-1.0034979422729218,106.27152856505106
-20.73999999,-42.02389999,399.0,1941.0,2014.0,73.0,2047.2,0.1635,20.9,0.8972,39277.28,0.1446798,118.13863,1.2326115,0.8622269900633018,0.8622269900633018,23.472866874282207
-20.6825,-42.80669999,583.0,1969.0,2014.0,45.0,4843.2,0.1501,28.702,0.9943,20717.508,0.1715252,84.43387,1.127889,0.9009483130668076,0.9009483130668076,25.33402295044184
-20.2772,-42.3256,595.0,1968.0,2021.0,53.0,975.8,0.183,13.9,0.7831,75025.48,0.17510232,141.69504,1.3070486,0.3624947606106306,0.3624947606106306,47.556123802958076
-20.62529999,-44.4333,915.0,1942.0,2005.0,63.0,1488.24,0.135,8.95,0.8209,3976.3882,0.2036899,15.125956,0.8985951,-2.1662982018535364,-2.1662982018535364,155.51661340430633
-20.0211,-45.96609999,654.0,1941.0,1988.0,47.0,1405.17,0.1604,7.85,0.8133,3498.3254,0.17258206,18.125889,0.8882273,0.5799378407705638,0.5799378407705638,64.0087411792277
-20.4722,-45.03609999,738.0,1941.0,2005.0,64.0,654.72,0.1517,9.66,0.6925,4382.1343,0.20847145,24.399765,0.92293507,-5.439508176572016,-5.439508176572016,138.0426236253488
-20.0367,-45.53529999,658.0,1974.0,2005.0,31.0,1507.21,0.156,16.98,0.8087,4543.9463,0.15595123,25.134453,0.91689795,-0.4262953170658266,-0.4262953170658266,81.51244108636867
-21.7692,-42.5397,214.0,1960.0,2014.0,54.0,1210.6,0.221,13.9,0.8215,14456.621,0.17846821,92.55482,1.1161735,0.8238352025610806,0.8238352025610806,32.36297832529482
-21.35559999,-43.0503,398.0,1941.0,2020.0,79.0,2121.1,0.1637,11.6,0.8965,15285.237,0.14157195,91.80621,1.1198064,0.5061802680013447,0.5061802680013447,68.65827753268704
-21.8964,-43.0414,452.0,1944.0,2020.0,76.0,2211.0,0.1699,12.6,0.9062,12843.489,0.17309208,92.67668,1.083639,0.6185300406863268,0.6185300406863268,59.469738011130545
-21.9664,-43.3725,451.0,1964.0,2014.0,51.0,3162.2,0.1447,22.5,0.6469,8349.087,0.16374071,59.624332,1.0404499,-0.9099340376730491,-0.9099340376730491,264.0227205139794
-21.34359999,-45.17029999,813.0,1942.0,2020.0,79.0,655.9,0.2113,4.0,0.7317,3613.45,0.17052944,17.244518,0.90801275,0.0931744616294794,0.0931744616294794,84.5401881469149
-22.35419999,-45.8539,834.0,1968.0,2017.0,50.0,1747.1,0.1703,15.2,0.8814,3389.2678,0.20685326,24.754684,0.92192775,0.39818515858821135,0.39818515858821135,56.13375736561459
-17.8308,-54.31309999,268.0,,,35.0,5690.78,0.163,32.38,1.05,1924.7965,0.15429693,0.30080363,0.8952776,-7.8766343603597875,-7.8766343603597875,219.32665310736223
-17.79029999,-55.7736,134.0,,,35.0,7766.55,0.263,32.54,1.05,1355.449,0.15168096,5.940323,0.8311176,0.4997297660107226,0.4997297660107226,106.63780766257167
-17.6233,-56.965,101.0,,,37.0,6993.54,0.263,32.62,1.05,1706.4285,0.15970725,10.8510895,0.83303607,0.6877506908796206,0.6877506908796206,75.7008668947931
-18.9978,-52.58809999,570.0,,,30.0,6127.41,0.133,32.63,1.05,892.9379,0.15348479,7.508731,0.75620025,0.9291188011569379,0.9291188011569379,18.694377779140865
-18.6917,-52.59309999,721.0,,,30.0,7140.0,0.273,32.62,1.05,768.0235,0.14320569,8.58099,0.73043406,0.009474760475693178,0.009474760475693178,143.6841848808606
-18.1906,-54.2578,316.0,,,31.0,5519.45,0.163,32.92,1.06,1339.464,0.16695313,1.5287824,0.8178833,-2.8194931311792217,-2.8194931311792217,132.63470515376977
-18.5472,-53.1353,635.0,,,30.0,5701.19,0.173,32.7,1.06,1036.1769,0.12939467,4.957001,0.76456416,0.8442896478431537,0.8442896478431537,28.940680947149087
-18.0986,-54.54719999,113.0,,,36.0,6401.78,0.183,32.8,1.06,2135.285,0.19235648,0.32643774,0.89184326,-10.449288626356328,-10.449288626356328,289.1236604663362
-18.91,-54.8322,340.0,,,30.0,6552.89,0.163,32.83,1.06,1351.9844,0.18179297,5.8799596,0.80213195,0.5404526413037796,0.5404526413037796,54.756099727685545
-18.6492,-54.35719999,250.0,,,34.0,5770.01,0.183,32.3,1.05,1398.908,0.1984253,2.0978458,0.8090203,-1.9990419171283365,-1.9990419171283365,140.1623012401729
-19.39079999,-51.6089,458.0,,,30.0,5856.28,0.183,32.49,1.05,1498.9728,0.16138637,6.815091,0.8104232,0.6698030838488415,0.6698030838488415,46.95755056971167
-19.2292,-51.875,734.0,,,30.0,9048.45,0.313,32.6,1.05,1360.5276,0.17082363,8.055182,0.79833657,0.18458468466996292,0.18458468466996292,196.68684614305627
-19.7364,-51.9336,502.0,,,30.0,5946.47,0.213,32.78,1.06,1446.9187,0.1466358,4.5338974,0.8210397,0.6672061791351704,0.6672061791351704,51.72996829861798
-19.4442,-52.5583,370.0,,,30.0,5993.0,0.223,32.76,1.06,1107.7511,0.15513654,6.0183516,0.7838495,0.8823079250625387,0.8823079250625387,32.32825153941911
-19.6781,-52.8964,471.0,,,30.0,5936.06,0.203,32.9,1.06,1122.5636,0.15361558,6.742631,0.79165137,0.9063757445153534,0.9063757445153534,26.205953040029012
-19.5536,-52.1664,401.0,,,30.0,5834.67,0.163,32.63,1.05,1217.8035,0.14313385,6.464111,0.8011837,0.8732970467658892,0.8732970467658892,26.681821670040026
-19.3769,-53.5697,447.0,,,30.0,6013.69,0.203,32.37,1.05,1170.9664,0.16744067,6.7973723,0.79304874,0.9159366065893944,0.9159366065893944,26.45942644502851
-19.7847,-53.9639,524.0,,,30.0,5471.1,0.183,32.67,1.06,1315.178,0.15228257,9.146849,0.8092268,0.9275051314582962,0.9275051314582962,19.73210580874472
-19.2719,-53.4908,571.0,,,30.0,5963.15,0.173,32.34,1.05,1241.8771,0.17136344,6.4311857,0.7899389,0.7952338214803958,0.7952338214803958,36.33957010257841
-19.9533,-54.8786,259.0,,,33.0,5418.41,0.163,32.36,1.05,1260.1893,0.17661151,5.8807945,0.80214185,0.36881049500900875,0.36881049500900875,55.716939303134474
-19.4397,-54.9833,233.0,,,33.0,6018.5,0.213,32.81,1.06,1224.81,0.19864777,5.8811502,0.8021461,0.8098907548402159,0.8098907548402159,39.53946819307119
-19.4967,-53.9967,404.0,,,35.0,6234.04,0.183,32.29,1.05,1177.9589,0.15064268,6.867924,0.7998212,0.900436782890593,0.900436782890593,27.599552201709233
-19.9178,-54.3586,456.0,,,32.0,6327.62,0.183,32.63,1.05,1346.3337,0.17804497,9.207945,0.81111294,0.9501358951684481,0.9501358951684481,19.641248938408438
-19.3222,-54.1611,357.0,,,30.0,7003.09,0.193,33.37,1.07,1142.8221,0.14905037,5.90351,0.7973572,0.8700416332791636,0.8700416332791636,33.30798423142174
-19.9447,-55.7944,130.0,,,31.0,7152.43,0.213,32.28,1.05,2302.736,0.23989087,20.781462,0.86031306,0.9870022940838785,0.9870022940838785,12.92301302530054
-19.1733,-56.7122,96.0,,,34.0,5984.28,0.233,32.4,1.05,1430.8383,0.17711198,5.4927454,0.82743454,0.8403421938738764,0.8403421938738764,41.03924983810131
-19.6967,-56.2828,103.0,,,32.0,6252.52,0.163,32.96,1.06,2122.697,0.18748072,20.7831,0.8603254,0.9897564837641344,0.9897564837641344,7.772500308762632
-19.0033,-56.0889,123.0,,,34.0,6481.44,0.183,32.45,1.05,1489.2861,0.18605551,5.4932456,0.8274408,0.6117978491333127,0.6117978491333127,56.41228686841195
-19.8708,-56.9836,133.0,,,34.0,6665.92,0.223,32.46,1.05,2113.1865,0.17497501,22.118011,0.8607226,0.714136959188135,0.714136959188135,58.57725045033332
-19.3592,-56.4092,105.0,,,31.0,6002.67,0.213,32.84,1.06,1469.0734,0.18672416,5.4933305,0.8274419,0.5981749016922386,0.5981749016922386,57.28617333537917
-19.2583,-57.2353,86.0,,,30.0,5944.54,0.183,32.56,1.05,1430.8383,0.17711198,5.4927454,0.82743454,0.5630297802156041,0.5630297802156041,54.727962288680544
-19.9186,-57.7894,83.0,,,33.0,7430.45,0.193,32.57,1.05,2113.1865,0.17497501,22.118011,0.8607226,0.7029883667119818,0.7029883667119818,58.690204646284364
-19.3053,-57.5933,97.0,,,30.0,5994.5,0.243,32.79,1.06,1430.8383,0.17711198,5.4927454,0.82743454,0.830804096798925,0.830804096798925,42.11919416900428
-19.6008,-57.4381,83.0,,,34.0,6132.64,0.223,32.41,1.05,2113.1865,0.17497501,22.118011,0.8607226,0.8134200996786365,0.8134200996786365,43.59720739074692
-20.8,-51.6333,260.0,,,34.0,5618.3,0.203,32.93,1.06,1554.3018,0.15724218,6.0041,0.8017907,0.31170760464824654,0.31170760464824654,67.19618459726121
-20.3636,-51.4239,348.0,,,30.0,5294.07,0.143,32.7,1.06,2324.7747,0.14964418,2.3750024,0.8789557,-11.958007039303476,-11.958007039303476,218.34883867157868
-20.0683,-51.1036,375.0,,,30.0,5921.58,0.173,33.07,1.06,2222.1191,0.15493524,2.8131833,0.8616735,-5.056779729373881,-5.056779729373881,185.58065709248623
-20.4453,-52.9019,292.0,,,37.0,6324.52,0.193,32.48,1.05,1219.7677,0.15482299,10.177765,0.7984861,0.830116905444884,0.830116905444884,37.87329437490559
-20.1019,-52.9258,376.0,,,30.0,5496.57,0.193,32.85,1.06,1158.2064,0.13968366,8.461627,0.79800993,0.924034440565344,0.924034440565344,21.018649492463247
-20.6028,-52.2183,391.0,,,30.0,5325.19,0.193,32.61,1.05,1150.7217,0.15682511,7.610355,0.79810023,0.9264797167565972,0.9264797167565972,20.90399249698877
-20.4447,-53.7581,373.0,,,40.0,5962.36,0.233,32.59,1.05,1449.8077,0.14947087,13.761631,0.81805354,0.7066826574050498,0.7066826574050498,55.138109520655355
-20.6769,-53.5714,345.0,,,30.0,5475.24,0.173,32.57,1.05,1453.6707,0.1498054,15.119508,0.8190058,0.9569009576844755,0.9569009576844755,15.211263146532263
-20.4931,-54.8114,518.0,,,34.0,6581.91,0.173,32.66,1.05,2150.19,0.1723637,20.13965,0.85411406,0.975032986408406,0.975032986408406,13.883323841859804
-20.4517,-54.6275,562.0,1991.0,2020.0,30.0,1009.6,0.1834,15.3,0.7796,2139.109,0.18290518,19.188408,0.8490513,0.22484557334036304,0.22484557334036304,51.956553227577885
-20.1022,-54.4347,577.0,,,30.0,5249.12,0.213,32.51,1.05,1543.429,0.15593164,9.2125025,0.81115943,0.8694180247402632,0.8694180247402632,29.873433563891638
-20.1278,-55.3933,171.0,,,35.0,6686.77,0.213,32.63,1.06,2312.0967,0.22935218,20.781464,0.86031306,0.9954126118053254,0.9954126118053254,6.857579874163243
-20.4489,-55.4308,175.0,,,33.0,6515.63,0.223,32.48,1.05,2403.8962,0.20614316,20.781038,0.86030984,0.9855103033472726,0.9855103033472726,12.883700192681774
-20.0703,-55.6453,146.0,,,34.0,7107.71,0.213,32.37,1.05,2349.6406,0.23281027,20.781208,0.86031115,0.9894433911876414,0.9894433911876414,11.54522563573598
-20.2408,-56.3958,141.0,,,30.0,6408.84,0.223,32.63,1.05,2113.1865,0.17497501,22.118011,0.8607226,0.7677740798787883,0.7677740798787883,50.527570421571816
-20.7644,-56.0931,139.0,,,33.0,6249.01,0.183,32.48,1.06,2125.2498,0.15624702,22.118309,0.86072475,0.913738934450721,0.913738934450721,24.713897956628863
-20.1019,-56.7953,140.0,,,32.0,7143.01,0.193,33.11,1.06,2113.1865,0.17497501,22.118011,0.8607226,0.8174006535612806,0.8174006535612806,42.04958035897839
-20.8006,-52.3883,316.0,,,41.0,5518.75,0.163,32.76,1.06,1230.8823,0.14271846,13.176752,0.8005618,0.9546666146535905,0.9546666146535905,14.511856510176502
-21.7258,-52.3342,293.0,,,41.0,6326.17,0.183,32.66,1.05,18240.02,0.17769128,141.62444,1.1394402,0.1986034591264334,0.1986034591264334,78.65817767836596
-21.2953,-52.8106,393.0,,,37.0,5786.05,0.153,32.77,1.06,3095.0754,0.14359087,45.709896,0.9246224,0.6761725947987263,0.6761725947987263,39.11306331034295
-21.6153,-53.0522,271.0,,,41.0,6424.37,0.223,32.1,1.06,4863.6963,0.13765676,60.7296,0.97964567,0.15517222339197023,0.15517222339197023,94.54341127482792
-21.6472,-54.4253,530.0,,,41.0,6120.84,0.213,32.72,1.06,3824.5366,0.14146027,41.593735,0.94092304,0.6189321402125713,0.6189321402125713,57.07122967898427
-21.8061,-54.60309999,321.0,,,41.0,7146.46,0.223,32.55,1.06,5551.366,0.14016291,50.036434,0.9799514,0.4459043737375392,0.4459043737375392,84.12610830510866
-21.6889,-57.3597,213.0,,,32.0,6568.71,0.203,32.86,1.06,3322.7039,0.17177023,26.9607,0.90249854,0.9864127480132084,0.9864127480132084,11.059263783914165
-22.1864,-52.7133,284.0,,,41.0,5593.33,0.173,32.72,1.06,9680.145,0.20205379,88.02083,1.055103,0.8712137479284843,0.8712137479284843,25.80775103987505
-22.6244,-54.8247,454.0,,,36.0,6149.91,0.193,32.83,1.06,17075.96,0.1690803,94.69239,1.1265689,0.7855418472489373,0.7855418472489373,39.53502887856225
-22.3981,-54.7917,293.0,,,41.0,6546.29,0.173,32.67,1.06,17436.352,0.15585074,94.94231,1.1306272,0.7312532252468704,0.7312532252468704,43.692901430110126
-22.0142,-57.0322,232.0,,,33.0,6395.67,0.203,32.61,1.05,3277.3252,0.14036,27.369797,0.90467334,0.8757372222849618,0.8757372222849618,33.99018876859039
-23.0578,-54.1939,366.0,,,41.0,5813.08,0.183,32.43,1.05,20173.625,0.17950869,105.40742,1.1553307,0.7802133433441985,0.7802133433441985,38.09065637207545
-23.6819,-54.5617,333.0,,,40.0,5959.36,0.193,32.43,1.05,36896.94,0.1747444,115.83579,1.2218413,0.8732887386339394,0.8732887386339394,30.86251949516589
-22.9703,-54.5633,307.0,,,40.0,7146.46,0.183,32.32,1.05,18675.986,0.17606,107.282394,1.1466285,0.41467865263902237,0.41467865263902237,76.65004651090126
-23.0978,-55.2436,460.0,,,41.0,7848.9,0.173,33.17,1.05,13302.58,0.1329219,70.95167,1.0827218,0.6616667136050374,0.6616667136050374,60.106916089749745
-1.5656,-48.7669,9.0,1980.0,2022.0,37.0,2742.209,0.151,18.573,0.892,2819.6516,0.16340378,35.793484,0.9369364,0.4832183655347435,0.4832183655347435,64.13875076474837
-1.5264,-52.57829999,19.0,1983.0,2014.0,31.0,6611.0,0.1621,63.0,1.0044,3570.0344,0.1760779,61.28316,0.98884904,0.41124060567786735,0.41124060567786735,42.722264581350956
-1.9014,-55.5186,37.0,1970.0,2014.0,44.0,3812.1,0.143,33.9,0.9321,14852.4795,0.09768536,113.67828,1.1268669,0.1662330617358886,0.1662330617358886,61.15870899178691
-4.8233,-56.0,45.0,1960.0,2013.0,54.0,3490.9,0.1785,33.5,0.931,3496.9514,0.19856066,41.392273,0.93475443,0.9692763667545174,0.9692763667545174,12.534118388265258
-5.3656,-49.125,95.0,1974.0,2015.0,41.0,2409.3,0.1677,17.5,0.8713,1395.7216,0.15951334,8.966534,0.8350245,0.9290462755853583,0.9290462755853583,24.695303138640472
-6.7947,-49.5486,270.0,1984.0,2020.0,37.0,2565.0,0.1511,24.6,0.8776,2661.913,0.13120678,42.3662,0.9207575,0.3860775947578592,0.3860775947578592,56.09900786789487
-6.1053,-49.3775,84.0,1985.0,2020.0,36.0,2128.2,0.1707,24.4,0.8775,2814.167,0.150989,49.634686,0.93709254,0.48980721287369455,0.48980721287369455,46.08878462950065
-7.9681,-35.1567,91.0,1967.0,2012.0,44.0,304.281,0.2129,2.8307,0.558,1304.4275,0.21240783,14.535318,0.860968,0.9708940266116448,0.9708940266116448,10.901317709065538
-7.5667,-35.0,130.0,1925.0,1967.0,43.0,491.151,0.1987,2.8231,0.5573,1385.8612,0.22745553,14.534678,0.8609623,0.856880715490415,0.856880715490415,36.92735602240332
-7.9833,-38.3,435.0,1967.0,2020.0,50.0,989.995,0.2075,14.4,0.7847,1790.2234,0.18494639,15.124853,0.86062455,0.765822463361793,0.765822463361793,31.46937390795318
-8.67939999,-35.57719999,110.0,1977.0,2012.0,36.0,1193.0,0.2613,12.1,0.8169,1329.0312,0.22562194,14.535061,0.8609657,0.8689713699308406,0.8689713699308406,35.628465697023366
-8.69999999,-36.45,821.0,1963.0,2022.0,59.0,960.2,0.2483,12.1,0.8173,1329.0312,0.22562194,14.535061,0.8609657,0.9968982972567103,0.9968982972567103,4.175260211896464
-3.4622,-42.3733,36.0,1984.0,2019.0,33.0,4561.0,0.1594,35.0,0.9738,2307.9587,0.16134742,12.8862705,0.85670555,0.3567558744621133,0.3567558744621133,57.4117666548596
-25.46669999,-48.8333,8.0,1940.0,2014.0,75.0,1254.6,0.2655,34.7,0.8131,9002.364,0.1878597,43.5499,1.0075811,-3.5201429760206704,-3.5201429760206704,118.14817641457199
-20.9692,-42.0517,188.0,1940.0,2015.0,75.0,1775.2,0.1784,16.8,0.8644,49767.11,0.13054293,137.23769,1.2717427,0.7263720930990988,0.7263720930990988,39.07915013659998
-21.62529999,-41.9853,42.0,1943.0,2015.0,72.0,1694.1,0.1533,25.0,0.861,43955.492,0.1663165,151.86584,1.2431571,0.8210503612391646,0.8210503612391646,21.069390325745754
-21.9333,-42.6167,341.0,1965.0,1998.0,34.0,1743.0,0.1864,23.4,0.8394,10814.898,0.18849473,78.52386,1.0763991,0.9501221670447305,0.9501221670447305,14.665609977227382
-21.54189999,-42.18249999,70.0,1966.0,2014.0,48.0,1266.9,0.1917,13.2,0.8156,46002.125,0.16213797,155.1131,1.2423421,0.7439335072019004,0.7439335072019004,38.05320303932268
-22.1403,-43.1542,278.0,1936.0,2014.0,78.0,2085.0,0.1877,17.3,0.8976,8738.5625,0.15598275,61.24945,1.0344728,0.9083039442206136,0.9083039442206136,24.439796434951273
-22.4819,-43.83919999,356.0,1935.0,2012.0,77.0,2055.6,0.1733,20.0,0.8908,2912.1638,0.2215227,14.977876,0.89690757,-1.7077399024513915,-1.7077399024513915,114.27615502348324
-22.30359999,-44.1869,620.0,1944.0,2015.0,71.0,1078.9,0.1597,12.5,0.7675,2888.8206,0.13108179,9.156147,0.883238,-2.0073450827522183,-2.0073450827522183,115.59866684882485
-22.4833,-44.4453,440.0,1962.0,2010.0,48.0,1020.1,0.1598,13.1,0.7734,3392.9207,0.19098854,9.113995,0.8814772,-13.242641179665945,-13.242641179665945,228.12860457688885
-5.9,-35.7667,97.0,,,50.0,620.735,0.221,9.778,0.741,2135.5095,0.15550342,13.247093,0.8601758,-0.3027231718576837,-0.3027231718576837,67.8941425290379
-5.6167,-35.6667,100.0,,,48.0,657.575,0.219,9.778,0.741,2180.9348,0.17484997,13.24708,0.86017567,-0.5176525508102123,-0.5176525508102123,77.00284511169382
-5.6333,-35.4333,40.0,,,50.0,1037.366,0.186,9.778,0.741,2180.9348,0.17484997,13.24708,0.86017567,0.8503078058162368,0.8503078058162368,33.444461394649345
-5.9833,-35.6167,89.0,,,50.0,756.019,0.235,9.778,0.741,2135.5095,0.15550342,13.247093,0.8601758,0.705481651792118,0.705481651792118,41.632585320293984
-5.95,-35.9333,149.0,,,50.0,674.097,0.195,9.778,0.741,2180.9348,0.17484997,13.24708,0.86017567,-1.0117680895915848,-1.0117680895915848,82.54821520971151
-5.7,-35.8167,111.0,,,50.0,584.125,0.208,9.778,0.741,2180.9348,0.17484997,13.24708,0.86017567,-2.0028300440967053,-2.0028300440967053,92.0399078216909
-5.2167,-35.8333,71.0,,,50.0,576.418,0.198,9.778,0.741,2180.9348,0.17484997,13.24708,0.86017567,-2.6428962622019236,-2.6428962622019236,96.1224943972438
-5.8167,-35.8167,118.0,,,48.0,638.073,0.236,9.778,0.741,2180.9348,0.17484997,13.24708,0.86017567,-0.3056630699768681,-0.3056630699768681,74.28756509213014
-5.8,-35.3333,15.0,,,50.0,922.965,0.209,9.778,0.741,2180.9348,0.17484997,13.24708,0.86017567,0.7786796553224863,0.7786796553224863,39.64098854002194
-5.3833,-35.4667,76.0,,,48.0,786.762,0.198,9.778,0.741,2180.9348,0.17484997,13.24708,0.86017567,0.11204400920648672,0.11204400920648672,64.77436922622762
-5.6833,-35.3,41.0,,,50.0,793.552,0.179,9.778,0.741,2180.9348,0.17484997,13.24708,0.86017567,-0.21563498637564704,-0.21563498637564704,70.94075709925531
-5.8167,-35.55,65.0,,,50.0,810.512,0.231,9.778,0.741,2180.9348,0.17484997,13.24708,0.86017567,0.6509239172303055,0.6509239172303055,47.80085540292694
-5.8333,-35.7167,115.0,,,50.0,494.926,0.226,9.778,0.741,2180.9348,0.17484997,13.24708,0.86017567,-3.3611018669532156,-3.3611018669532156,101.08284216949532
-5.8667,-35.9333,168.0,,,50.0,529.629,0.242,9.778,0.741,2180.9348,0.17484997,13.24708,0.86017567,-1.6892749831004834,-1.6892749831004834,90.71174559727952
-5.15,-35.8667,,,,50.0,518.113,0.19,9.778,0.741,2180.9348,0.17484997,13.24708,0.86017567,-4.935055368370932,-4.935055368370932,106.84565923930752
-5.7,-36.25,198.0,,,50.0,643.977,0.217,9.778,0.741,2180.9348,0.17484997,13.24708,0.86017567,-0.7290040725583771,-0.7290040725583771,79.84087930115112
-5.5833,-36.1167,160.0,,,50.0,615.241,0.218,9.778,0.741,2180.9348,0.17484997,13.24708,0.86017567,-1.0832570244360777,-1.0832570244360777,84.06825279739466
-5.9667,-36.0667,175.0,,,50.0,660.815,0.237,9.778,0.741,2180.9348,0.17484997,13.24708,0.86017567,-0.07580299297922344,-0.07580299297922344,70.12350199664918
-5.6667,-36.6,109.0,,,50.0,659.133,0.184,9.778,0.741,2180.9348,0.17484997,13.24708,0.86017567,-1.6215776674920477,-1.6215776674920477,88.2357937573419
-5.7667,-36.0167,180.0,,,50.0,631.163,0.203,9.778,0.741,2180.9348,0.17484997,13.24708,0.86017567,-1.3583748008395524,-1.3583748008395524,86.38944906042164
-5.25,-36.7167,20.0,,,50.0,691.068,0.195,9.778,0.741,1739.2527,0.16783817,10.976351,0.8492003,0.02592278819002669,0.02592278819002669,58.88623812347596
-5.5,-36.5,80.0,,,48.0,743.964,0.204,9.778,0.741,2180.9348,0.17484997,13.24708,0.86017567,-0.07239284798706813,-0.07239284798706813,68.9408505457078
-5.0167,-36.9667,215.0,,,50.0,552.732,0.217,9.778,0.741,1706.3002,0.18179,10.976432,0.8492011,-1.204040213822045,-1.204040213822045,77.37155265029365
-5.5,-36.85,16.0,,,50.0,646.849,0.193,9.778,0.741,2180.9348,0.17484997,13.24708,0.86017567,-1.4769479792184494,-1.4769479792184494,87.20103036074686
-5.7,-36.5333,133.0,,,50.0,479.85,0.199,9.778,0.741,2180.9348,0.17484997,13.24708,0.86017567,-5.865829235086117,-5.865829235086117,110.29156022317571
-5.5667,-36.9167,,,,50.0,703.015,0.2,9.778,0.741,2180.9348,0.17484997,13.24708,0.86017567,-0.5288857617822087,-0.5288857617822087,76.55443608538704
-5.6333,-36.8667,,,,50.0,504.731,0.195,9.778,0.741,2180.9348,0.17484997,13.24708,0.86017567,-5.092805194051748,-5.092805194051748,107.56350898453724
-5.1167,-36.6333,,,,48.0,613.623,0.216,9.778,0.741,1706.3002,0.18179,10.976432,0.8492011,-0.39491139147081045,-0.39491139147081045,68.05736265658325
-5.9667,-37.7,159.0,,,50.0,768.007,0.195,9.778,0.741,2180.9348,0.17484997,13.24708,0.86017567,-0.07313728546826948,-0.07313728546826948,68.68931041618147
-5.0833,-37.6333,110.0,,,50.0,734.552,0.198,9.778,0.741,1706.3002,0.18179,10.976432,0.8492011,0.24701510604388177,0.24701510604388177,55.69032769762154
-5.7833,-37.5667,146.0,,,50.0,775.538,0.186,9.778,0.741,2180.9348,0.17484997,13.24708,0.86017567,-0.2044327424021637,-0.2044327424021637,70.92298050335177
-5.9333,-37.9667,240.0,,,50.0,827.463,0.201,9.778,0.741,2180.9348,0.17484997,13.24708,0.86017567,0.382212134741566,0.382212134741566,57.5064111456361
-5.8333,-37.9833,130.0,,,48.0,764.248,0.185,9.778,0.741,2180.9348,0.17484997,13.24708,0.86017567,-0.32079274385561174,-0.32079274385561174,72.9024600210798
-5.9833,-37.8167,210.0,,,48.0,784.141,0.188,9.778,0.741,2180.9348,0.17484997,13.24708,0.86017567,-0.09603686662701616,-0.09603686662701616,68.94603041395261
-5.1833,-37.3333,18.0,1970.0,2007.0,38.0,836.167,0.159,9.786,0.724,1706.3002,0.18179,10.976432,0.8492011,0.4154774316146519,0.4154774316146519,50.11021177808391
-5.6,-37.7,40.0,,,48.0,515.586,0.191,9.778,0.741,2275.191,0.17782496,13.24706,0.8601755,-6.095099959359923,-6.095099959359923,116.71104019544272
-5.7833,-37.95,147.0,,,50.0,741.668,0.165,9.778,0.741,2275.191,0.17782496,13.24706,0.8601755,-1.6462990485663527,-1.6462990485663527,92.68214787582957
-5.8667,-37.1833,100.0,,,50.0,527.186,0.203,9.778,0.741,2180.9348,0.17484997,13.24708,0.86017567,-3.726413245951731,-3.726413245951731,102.15096499215973
-5.9833,-36.4167,560.0,,,50.0,598.44,0.2,9.778,0.741,2180.9348,0.17484997,13.24708,0.86017567,-2.0634240288145165,-2.0634240288145165,92.24491259210748
-5.7833,-38.0667,188.0,,,50.0,625.561,0.179,9.778,0.741,2275.191,0.17782496,13.24706,0.8601755,-3.2233235945135554,-3.2233235945135554,104.23550570336384
-5.9667,-38.15,181.0,,,50.0,611.383,0.194,9.778,0.741,2180.9348,0.17484997,13.24708,0.86017567,-2.0690583621366634,-2.0690583621366634,92.1071436825709
-6.2667,-35.2,25.0,,,48.0,744.633,0.196,9.778,0.741,1745.0927,0.17641717,13.359095,0.85554945,0.6582272577953132,0.6582272577953132,37.733587986999204
-6.3,-35.4667,95.0,,,50.0,827.864,0.22,9.778,0.741,1745.0927,0.17641717,13.359095,0.85554945,0.9559938510466082,0.9559938510466082,16.574962066020728
-6.4667,-35.4333,90.0,,,50.0,779.682,0.194,9.778,0.741,1745.0927,0.17641717,13.359095,0.85554945,0.7532112218930667,0.7532112218930667,33.3086932021549
-6.1167,-35.4833,105.0,,,50.0,627.782,0.203,9.778,0.741,1745.0927,0.17641717,13.359095,0.85554945,0.10791982558669444,0.10791982558669444,52.84739235866711
-6.3,-35.7,150.0,,,48.0,677.535,0.247,9.778,0.741,1745.0927,0.17641717,13.359095,0.85554945,0.8230382226369917,0.8230382226369917,30.39043553662865
-6.1833,-35.35,144.0,,,48.0,623.318,0.203,9.778,0.741,1745.0927,0.17641717,13.359095,0.85554945,0.07182287697292677,0.07182287697292677,53.5226808425034
-6.0667,-35.3333,52.0,,,50.0,826.882,0.201,9.778,0.741,1745.0927,0.17641717,13.359095,0.85554945,0.8950342326722663,0.8950342326722663,23.68728990869488
-6.0833,-35.2,20.0,,,50.0,922.668,0.204,9.778,0.741,1745.0927,0.17641717,13.359095,0.85554945,0.9881208675641043,0.9881208675641043,8.998820367660452
-6.3333,-35.3167,44.0,,,50.0,787.594,0.207,9.778,0.741,1745.0927,0.17641717,13.359095,0.85554945,0.8538703053373032,0.8538703053373032,27.266837257592236
-6.0,-35.8667,154.0,,,50.0,454.995,0.245,9.778,0.741,2135.5095,0.15550342,13.247093,0.8601758,-2.373053718205717,-2.373053718205717,88.36557827623308
-6.0333,-35.4167,94.0,,,50.0,616.279,0.211,9.778,0.741,2135.5095,0.15550342,13.247093,0.8601758,-0.5981466209717821,-0.5981466209717821,71.70120212232523
-6.1,-35.9167,175.0,,,50.0,513.928,0.257,9.778,0.741,2135.5095,0.15550342,13.247093,0.8601758,-0.714295455947761,-0.714295455947761,74.79838906563424
-6.2667,-35.3667,70.0,,,48.0,696.862,0.214,9.778,0.741,1745.0927,0.17641717,13.359095,0.85554945,0.6462093034328612,0.6462093034328612,38.61103815097268
-6.3167,-35.0833,40.0,,,48.0,834.169,0.204,9.778,0.741,1745.0927,0.17641717,13.359095,0.85554945,0.9173966457515513,0.9173966457515513,21.453623247490423
-6.2667,-35.5,90.0,,,50.0,551.223,0.203,9.778,0.741,1745.0927,0.17641717,13.359095,0.85554945,-0.7202915289965446,-0.7202915289965446,64.43786097101366
-6.35,-36.0833,279.0,,,50.0,609.998,0.228,9.778,0.741,2243.4563,0.16940631,14.394359,0.86917484,-0.3962489750391862,-0.3962489750391862,71.07146167224253
-6.4333,-35.7833,501.0,,,50.0,540.312,0.231,9.778,0.741,1745.0927,0.17641717,13.359095,0.85554945,-0.16481056399447014,-0.16481056399447014,58.20877180031903
-6.4667,-35.2833,87.0,,,50.0,585.87,0.222,9.778,0.741,1745.0927,0.17641717,13.359095,0.85554945,0.0994214596750177,0.0994214596750177,53.49667287985485
-6.4333,-35.6333,189.0,,,50.0,551.904,0.214,9.778,0.741,1745.0927,0.17641717,13.359095,0.85554945,-0.4193085896378339,-0.4193085896378339,61.24821678154817
-6.4,-35.05,,,,50.0,954.191,0.22,9.778,0.741,1745.0927,0.17641717,13.359095,0.85554945,0.988334921067153,0.988334921067153,9.835943383678062
-6.0333,-35.7,,,,50.0,511.958,0.213,9.778,0.741,2135.5095,0.15550342,13.247093,0.8601758,-2.3782990198339515,-2.3782990198339515,87.30175530688473
-6.1167,-36.8167,210.0,,,50.0,615.021,0.199,9.778,0.741,2135.5095,0.15550342,13.247093,0.8601758,-0.9590286849135359,-0.9590286849135359,75.50933146620368
-6.2167,-36.6833,320.0,,,50.0,723.817,0.172,9.778,0.741,2135.5095,0.15550342,13.247093,0.8601758,-0.4308653013196173,-0.4308653013196173,68.32357998078908
-6.2333,-36.0167,,,,50.0,638.232,0.228,9.778,0.741,2135.5095,0.15550342,13.247093,0.8601758,0.002556485526920227,0.002556485526920227,62.85041262821929
-6.3833,-36.2167,610.0,,,50.0,800.972,0.213,9.778,0.741,2135.5095,0.15550342,13.247093,0.8601758,0.6693116065397142,0.6693116065397142,42.73329777011677
-6.05,-36.35,590.0,,,50.0,858.941,0.204,9.778,0.741,2135.5095,0.15550342,13.247093,0.8601758,0.761680879215693,0.761680879215693,37.522393998529566
-6.7,-36.95,195.0,,,50.0,792.436,0.18,9.778,0.741,2243.4563,0.16940631,14.394359,0.86917484,0.13409547261263643,0.13409547261263643,60.021716327460915
-6.15,-36.1167,315.0,,,50.0,447.795,0.207,9.778,0.741,2135.5095,0.15550342,13.247093,0.8601758,-4.919165731798585,-4.919165731798585,98.66715793309328
-6.4333,-36.2,664.0,,,50.0,582.904,0.21,9.778,0.741,2243.4563,0.16940631,14.394359,0.86917484,-1.2965256893639148,-1.2965256893639148,80.97044356298275
-6.55,-36.5833,336.0,,,50.0,515.277,0.195,9.778,0.741,2243.4563,0.16940631,14.394359,0.86917484,-3.589128454113645,-3.589128454113645,95.30204075926625
-6.4333,-36.6333,270.0,,,50.0,731.885,0.188,9.778,0.741,2135.5095,0.15550342,13.247093,0.8601758,-0.014827602246584304,-0.014827602246584304,61.92150525386181
-6.2333,-36.1667,,,,50.0,709.795,0.231,9.778,0.741,2135.5095,0.15550342,13.247093,0.8601758,0.49482484256788184,0.49482484256788184,50.35818869782904
-6.1333,-36.7167,,,,48.0,469.664,0.182,9.778,0.741,2135.5095,0.15550342,13.247093,0.8601758,-5.867480971229544,-5.867480971229544,100.9675652618039
-6.1,-37.6333,305.0,,,50.0,900.224,0.17,9.778,0.741,2063.706,0.18316448,13.247103,0.86017585,0.39610203652127807,0.39610203652127807,54.78082194643823
-6.6667,-37.4,160.0,,,50.0,881.58,0.171,9.778,0.741,2135.5095,0.15550342,13.247093,0.8601758,0.5370028474047628,0.5370028474047628,47.15406850258763
-6.7167,-37.2,175.0,,,50.0,786.021,0.183,9.778,0.741,2243.4563,0.16940631,14.394359,0.86917484,0.14569797301186027,0.14569797301186027,59.8317936414804
-6.0833,-37.9167,645.0,,,50.0,1044.798,0.157,9.778,0.741,2180.9348,0.17484997,13.24708,0.86017567,0.6495394061767366,0.6495394061767366,46.08971837623375
-6.3833,-37.1833,135.0,,,50.0,840.964,0.218,9.778,0.741,2135.5095,0.15550342,13.247093,0.8601758,0.8082880465863029,0.8082880465863029,34.8591927537551
-6.15,-37.7833,270.0,,,48.0,817.712,0.187,9.778,0.741,2063.706,0.18316448,13.247103,0.86017585,0.2435487957160236,0.2435487957160236,59.49595625409838
-6.0167,-37.4,141.0,,,50.0,619.027,0.189,9.778,0.741,2180.9348,0.17484997,13.24708,0.86017567,-2.1393220164465343,-2.1393220164465343,92.4778761860263
-6.0667,-37.5,181.0,,,50.0,553.941,0.163,9.778,0.741,2180.9348,0.17484997,13.24708,0.86017567,-5.60403563518388,-5.60403563518388,108.52218764767255
-6.0833,-37.7167,193.0,,,48.0,602.454,0.189,9.778,0.741,2180.9348,0.17484997,13.24708,0.86017567,-2.488704704694151,-2.488704704694151,94.87817451242373
-6.1667,-37.85,231.0,,,50.0,636.527,0.21,9.778,0.741,2063.706,0.18316448,13.247103,0.86017585,-0.8000187065457169,-0.8000187065457169,78.27970283024345
-6.1167,-37.95,615.0,,,50.0,675.184,0.209,9.778,0.741,2063.706,0.18316448,13.247103,0.86017585,-0.3883505600692059,-0.3883505600692059,72.63070953830781
-6.2167,-37.8833,339.0,,,48.0,706.118,0.167,9.778,0.741,1926.4076,0.18561096,13.245848,0.86016417,-0.7212417564953788,-0.7212417564953788,71.71179784713425
-6.4667,-37.2667,,,,50.0,642.164,0.203,9.778,0.741,2135.5095,0.15550342,13.247093,0.8601758,-0.5057369469531954,-0.5057369469531954,70.2317141455184
-6.4167,-38.0167,315.0,,,48.0,743.495,0.164,9.778,0.741,1982.3663,0.1375782,13.246783,0.8601729,0.298041041760464,0.298041041760464,47.66960425331796
-6.4167,-38.4,640.0,,,48.0,805.748,0.188,9.778,0.741,2052.2432,0.20686473,13.247098,0.86017585,-0.21397809017413882,-0.21397809017413882,74.56022050345972
-6.1167,-38.2167,175.0,,,50.0,760.427,0.185,9.778,0.741,2063.706,0.18316448,13.247103,0.86017585,-0.17662720277670285,-0.17662720277670285,68.46482563111279
-6.0833,-38.3667,370.0,,,50.0,567.114,0.187,9.778,0.741,2119.1616,0.16954038,13.247095,0.8601758,-2.7868969211427883,-2.7868969211427883,92.32274935920964
-6.2667,-38.3167,250.0,,,48.0,651.469,0.164,9.778,0.741,1920.8224,0.19374627,13.245831,0.86016405,-1.8461770123428112,-1.8461770123428112,84.10703862986425
-6.0833,-38.1167,224.0,,,50.0,637.165,0.184,9.778,0.741,2180.9348,0.17484997,13.24708,0.86017567,-2.0080181406281348,-2.0080181406281348,91.36555868580821
-6.1167,-38.3167,212.0,,,50.0,618.882,0.179,9.778,0.741,2020.1182,0.17748024,13.247111,0.86017597,-1.7663900331031974,-1.7663900331031974,83.46096278803445
-6.2,-38.2833,270.0,,,50.0,607.934,0.157,9.778,0.741,1926.4076,0.18561096,13.245848,0.86016417,-2.7399965853659283,-2.7399965853659283,87.60807976367663
-6.25,-38.4333,401.0,,,50.0,594.226,0.167,9.778,0.741,1904.2167,0.17269242,13.24603,0.8601659,-1.866689679493808,-1.866689679493808,77.8815135695521
-6.3167,-38.2833,264.0,,,48.0,767.01,0.159,9.778,0.741,1845.2045,0.14859079,13.246918,0.8601742,0.49751102342957043,0.49751102342957043,40.82320094104719
-6.2667,-38.05,265.0,,,50.0,563.409,0.16,9.778,0.741,1926.4076,0.18561096,13.245848,0.86016417,-3.7620282228271824,-3.7620282228271824,92.66402102334229
-6.3167,-38.4833,650.0,,,50.0,628.381,0.182,9.778,0.741,1949.6746,0.18144634,13.247124,0.8601761,-1.259743415423089,-1.259743415423089,77.49050456193585
-6.4,-38.3167,306.0,,,48.0,633.868,0.17,9.778,0.741,2015.6442,0.18793678,13.247109,0.86017597,-2.26242112034861,-2.26242112034861,89.65303830009702
-6.4667,-38.2667,373.0,,,48.0,629.153,0.159,9.778,0.741,1982.3663,0.1375782,13.246783,0.8601729,-0.8457889591386416,-0.8457889591386416,64.17857247537016
-5.05,-36.8,,,,48.0,459.989,0.21,9.778,0.741,1706.3002,0.18179,10.976432,0.8492011,-3.9451637239526676,-3.9451637239526676,93.76302550554028
-6.4833,-36.85,,,,50.0,536.956,0.165,9.778,0.741,2135.5095,0.15550342,13.247093,0.8601758,-4.365392151488067,-4.365392151488067,95.54468272111106
-8.9322,-62.05559999,96.0,1977.0,2010.0,34.0,918.0142,0.2085,13.8681,0.7137,7363.0093,0.1337024,50.475582,1.0373633,0.8977039024115098,0.8977039024115098,24.219847830779162
-8.7667,-63.91669999,95.0,1961.0,2007.0,46.0,1774.359,0.332,13.867,0.714,4791.573,0.13610078,36.151264,0.9620141,-0.23611483547112733,-0.23611483547112733,276.38814680742956
-9.58639999,-62.3939,102.0,1978.0,2010.0,32.0,945.329,0.174,13.868,0.714,6824.696,0.13592231,50.862537,1.0355018,0.9234761033720986,0.9234761033720986,18.749975659405457
-9.9317,-63.0569,168.0,1975.0,2010.0,35.0,1053.185,0.206,13.868,0.714,5648.166,0.15975086,38.022305,0.97496414,0.9726201064369843,0.9726201064369843,14.216297433061762
-9.2606,-63.1619,96.0,1977.0,2010.0,33.0,981.296,0.182,13.868,0.714,6490.848,0.13953143,46.148254,1.0046407,0.9635628429356842,0.9635628429356842,13.864877440561262
-9.8872,-62.9878,137.0,1980.0,2010.0,30.0,945.314,0.188,13.868,0.714,5752.772,0.15544695,38.447746,0.9768407,0.8465398389969204,0.8465398389969204,28.078310644450475
-9.75559999,-66.61169999,153.0,1977.0,2010.0,33.0,918.097,0.19,13.868,0.714,2399.254,0.15025045,17.932297,0.89408785,0.9472658227738286,0.9472658227738286,16.115055253349645
-10.5169,-62.00139999,1150.0,1987.0,2022.0,35.0,1223.7,0.1361,12.7,0.7775,5473.9336,0.15401134,42.75486,0.9898028,0.9273801194062168,0.9273801194062168,17.98207682574823
-10.4458,-62.4656,146.0,1977.0,2010.0,34.0,826.2986,0.1914,13.8681,0.7137,5518.407,0.13172224,43.526833,0.9923959,0.9543806146468048,0.9543806146468048,13.577810645301486
-10.2364,-62.6272,217.0,1978.0,2010.0,32.0,926.701,0.173,13.868,0.714,5168.5967,0.12085819,37.77886,0.9733995,0.9562966286340044,0.9562966286340044,13.835586854714114
-12.0153,-60.855,185.0,1977.0,2010.0,33.0,940.299,0.226,13.868,0.714,2190.79,0.13469839,19.916529,0.87997663,0.8715207627789577,0.8715207627789577,29.867770757600947
-11.44079999,-61.48389999,128.0,1977.0,2010.0,33.0,941.599,0.231,13.868,0.714,2727.0605,0.16561945,22.793236,0.8942747,0.9790449795932888,0.9790449795932888,12.334369959694525
-11.6836,-61.1922,185.0,1980.0,2010.0,30.0,867.613,0.183,13.868,0.714,2685.084,0.15379055,21.927168,0.8903595,0.8200758857411037,0.8200758857411037,27.349648969354487
-12.7,-60.0833,612.0,1967.0,2003.0,36.0,734.652,0.233,13.868,0.714,1755.2528,0.16545169,12.439023,0.8486312,0.6893115188194521,0.6893115188194521,37.367678690681075
-8.79277778,-63.84611111,,1961.0,2021.0,58.0,1173.0054,0.1287,13.0,0.7679,4925.599,0.13534047,36.337444,0.9633148,0.8368723243604965,0.8368723243604965,25.47774171487491
2.81666667,-60.65,90.0,1960.0,2007.0,48.0,951.57,0.161,12.0,0.76,2733.765,0.17142658,41.320915,0.9264558,0.863784012721386,0.863784012721386,22.753826779082022
-27.3889,-52.4544,350.0,1977.0,2017.0,41.0,1571.4,0.1488,16.2,0.8169,2943.6616,0.14971852,9.403272,0.860165,-3.1511968015690854,-3.1511968015690854,141.74648432170935
-29.82,-51.1611,20.0,1969.0,2021.0,53.0,1685.6,0.1594,23.3,0.838,3384.0012,0.18100837,11.597096,0.8743655,-9.759839835769968,-9.759839835769968,188.50403537029703
-30.9781,-54.6758,120.0,,,53.0,1362.4,0.1543,12.1859,0.8011,1961.3112,0.15808621,12.389652,0.81056255,0.5002074422051814,0.5002074422051814,53.93985874665339
-31.3675,-51.9867,2.0,1943.0,2013.0,70.0,1731.3,0.1795,21.7,0.8455,10760.345,0.15134148,84.595604,1.0479447,0.9174502401490795,0.9174502401490795,18.80380722198593
-31.40439999,-52.67329999,400.0,,,49.0,838.44,0.1341,9.3677,0.7271,5825.206,0.17144199,45.122467,0.95956725,0.17531132562972807,0.17531132562972807,55.09915626830955
-31.67279999,-52.17779999,3.0,,,30.0,1543.18,0.1513,13.4694,0.8341,18352.074,0.15017258,101.820305,1.1192347,0.8251216557111997,0.8251216557111997,30.74773102266278
-32.5381,-52.5386,12.0,,,40.0,1218.48,0.0768,9.3661,0.7271,23445.328,0.1564296,110.29799,1.1693897,0.7315662061419438,0.7315662061419438,37.4127945776974
-26.3217,-48.8464,6.0,1973.0,2013.0,40.0,1218.2,0.1997,33.7,0.7948,5934.8237,0.15698291,33.062763,0.94602203,-6.051160353886952,-6.051160353886952,117.34430223293272
-26.4239,-49.2925,200.0,1946.0,2012.0,66.0,1214.9,0.1704,35.0,0.7993,8475.629,0.2084446,45.65484,1.0029168,-13.54212324822136,-13.54212324822136,142.6880396482129
-26.5561,-52.3308,760.0,1958.0,2017.0,60.0,1082.8,0.1791,14.5,0.7828,12821.038,0.18410881,58.668037,1.0535896,-0.9618947120764532,-0.9618947120764532,89.06519190118425
-26.5836,-52.6403,550.0,1973.0,2017.0,44.0,1188.2,0.1805,14.7,0.7815,5136.144,0.16034262,23.233486,0.909875,-2.43206154486157,-2.43206154486157,129.44766278896583
-26.6828,-53.2867,320.0,1970.0,2019.0,50.0,785.8,0.165,11.5,0.7122,7366.587,0.16859233,39.044823,0.983884,-1.3788390588679191,-1.3788390588679191,92.67701694993977
-28.2767,-48.7003,7.0,1977.0,2015.0,38.0,1235.0,0.1854,35.0,0.7772,4822.278,0.2098867,28.564642,0.9298403,-9.745641021677404,-9.745641021677404,143.60962254911237
-28.9583,-49.6014,10.0,1953.0,2009.0,56.0,913.3,0.1756,29.4,0.7703,3653.7625,0.1591094,15.129022,0.8838826,-24.968614782481662,-24.968614782481662,181.98489175096668
-9.91666667,-37.26666667,45.0,1914.0,1999.0,61.0,873.7,0.125,10.52,0.753,1593.5812,0.19560361,13.360378,0.8555613,0.18033407687500114,0.18033407687500114,48.933308254141245
-9.7,-37.66666667,80.0,1938.0,1984.0,38.0,899.94,0.109,10.52,0.753,1375.7621,0.21391384,12.962013,0.8554337,0.34062541270925994,0.34062541270925994,42.701830997006454
-10.6,-36.95,79.0,1918.0,1985.0,61.0,1027.8,0.153,10.52,0.753,2521.3481,0.1695341,16.004221,0.86918086,0.3099195686915984,0.3099195686915984,58.56801567474966
-10.45,-36.65,20.0,1921.0,1984.0,60.0,893.6,0.149,10.52,0.753,2308.1619,0.22443381,15.149016,0.86145985,-2.1195822934242092,-2.1195822934242092,106.65173689010376
-10.2,-36.86666667,20.0,1963.0,2009.0,43.0,984.38,0.14,10.52,0.753,2130.1428,0.21727024,14.535405,0.85676837,-0.7643617970471197,-0.7643617970471197,85.44506911202214
-10.26666667,-37.03333333,217.0,1913.0,1991.0,58.0,957.79,0.168,10.52,0.753,2023.3318,0.21221249,14.03456,0.8582803,0.08602689957275722,0.08602689957275722,66.50085050301008
-10.75,-37.5,180.0,1953.0,2000.0,30.0,953.39,0.183,10.52,0.753,1937.0233,0.18413013,15.150143,0.864579,0.8665085540057007,0.8665085540057007,26.813275962080695
-10.55,-37.53333333,272.0,1913.0,1980.0,62.0,795.3,0.135,10.52,0.753,1632.2233,0.18294446,12.31196,0.84759074,-0.4271684774507163,-0.4271684774507163,60.95390653288187
-10.11666667,-37.1,187.0,1963.0,2009.0,46.0,853.3,0.71,10.52,0.753,1906.3245,0.22239286,13.697022,0.8568821,-0.12904085149750855,-0.12904085149750855,711.1135402704348
-10.96666667,-37.3,10.0,1914.0,1975.0,57.0,1021.8,0.168,10.52,0.753,2345.9539,0.20158723,16.29194,0.86505824,0.3305910951642742,0.3305910951642742,60.71581587673454
-10.55,-37.63333333,204.0,1913.0,1978.0,61.0,913.6,0.131,10.52,0.753,1521.0088,0.19673565,12.018791,0.8464541,0.3062489193184952,0.3062489193184952,48.11019390050447
-10.21666667,-37.41666667,290.0,1913.0,1997.0,71.0,905.2,0.118,10.52,0.753,1588.8184,0.198812,13.332678,0.8569233,0.20573225794057015,0.20573225794057015,48.66731371800065
-10.5,-37.21666667,200.0,1914.0,1999.0,74.0,838.7,0.161,10.52,0.753,2460.5422,0.18953209,16.01721,0.8694685,-1.1183057326776225,-1.1183057326776225,86.31020598606409
-10.73333333,-37.8,283.0,1913.0,1987.0,69.0,862.5,0.117,10.52,0.753,1609.9626,0.19373366,14.112163,0.8597794,0.16289359026063355,0.16289359026063355,47.43621889781111
-10.91666667,-37.66666667,,1921.0,1996.0,58.0,851.6,0.134,10.52,0.753,2035.9393,0.17273295,15.75402,0.8625235,-0.10212767195176786,-0.10212767195176786,57.146862330877816
-10.7086,-38.1775,300.0,1938.0,1984.0,35.0,949.6,0.109,10.52,0.753,1371.9679,0.2415512,11.185929,0.8426452,-0.5239112429989763,-0.5239112429989763,68.49949690676418
-11.0303,-37.47829999,92.0,1948.0,2006.0,39.0,1053.3,0.173,10.52,0.753,2455.514,0.20329146,17.435024,0.87083966,0.523848004513012,0.523848004513012,53.8127210343927
-11.05,-37.85,230.0,1913.0,1986.0,70.0,778.4,0.16,10.52,0.753,2060.078,0.19829148,16.978067,0.8690733,-0.33369164885740776,-0.33369164885740776,63.31973507190998
-11.26666667,-37.45,53.0,1944.0,2006.0,43.0,1047.5,0.166,10.52,0.753,2537.9248,0.18833272,18.472134,0.86998725,0.5756769426841224,0.5756769426841224,49.176687503412296
-11.18333333,-38.0,157.0,1914.0,1981.0,62.0,872.87,0.137,10.52,0.753,1560.6638,0.2089224,16.997368,0.8638439,0.7359476431362584,0.7359476431362584,28.9880639826575
-20.08333,-47.4333,620.0,1952.0,2020.0,68.0,715.6,0.2024,18.8,0.7296,4557.5664,0.21102881,24.31386,0.95709306,-7.065802610250374,-7.065802610250374,132.55454020545497
-20.1786,-47.8867,489.0,1967.0,2019.0,52.0,2314.0,0.2198,33.8,0.8805,35266.742,0.21621552,84.84739,1.2469544,0.21086752071942105,0.21086752071942105,59.53685540978631
-20.7333,-47.8833,680.0,1937.0,2021.0,84.0,3545.1,0.148,44.55,0.9364,4304.7676,0.18080273,22.39602,0.93742573,-4.0719130136941235,-4.0719130136941235,112.68370986265509
-20.8,-47.7667,750.0,1940.0,2019.0,79.0,1372.4,0.1585,17.7,0.821,3630.244,0.15339309,18.49669,0.9107826,-1.4888422253423514,-1.4888422253423514,92.94945795002548
-20.4,-47.4,950.0,1984.0,2021.0,38.0,2544.9,0.1611,36.3,0.8836,5116.745,0.20335722,25.700602,0.9507556,-4.852262681201673,-4.852262681201673,131.16936771130983
-20.2833,-47.6833,790.0,1975.0,2019.0,44.0,2051.4,0.2462,34.2,0.8726,8696.185,0.19147168,40.863113,1.051477,0.07467607264529619,0.07467607264529619,65.30679706927373
-20.7333,-47.75,810.0,1982.0,2021.0,39.0,3881.7,0.1328,44.33,0.9346,4191.1753,0.17579208,22.725698,0.9373988,-2.4397564568598455,-2.4397564568598455,96.82557388521245
-20.7333,-48.05,540.0,1941.0,2022.0,81.0,3514.8,0.1394,44.77,0.9373,3874.583,0.16988584,20.011675,0.9256279,-4.401702687871143,-4.401702687871143,110.64154754455878
-20.99919999,-48.0244,511.0,1965.0,2021.0,56.0,1551.1,0.1555,13.73,0.8081,2010.8347,0.1568999,6.4980264,0.84086174,-0.2906669441527938,-0.2906669441527938,90.73437571616898
-20.7333,-48.9,530.0,1938.0,2020.0,82.0,1787.8,0.1791,29.6,0.8536,2157.2131,0.1874584,7.674733,0.8370373,-8.225431562777407,-8.225431562777407,160.84494062224988
-21.4203,-46.9628,524.0,1966.0,2021.0,55.0,4082.7,0.1477,20.05,0.9622,4750.5884,0.16903375,28.9317,0.9540343,0.984287310510179,0.984287310510179,12.49703265439121
-21.5333,-46.6333,880.0,1937.0,2020.0,84.0,1111.3,0.1591,15.7,0.8018,4701.469,0.15738769,29.350084,0.9509996,-0.762617193462092,-0.762617193462092,72.3927536785422
-21.0167,-47.4,1030.0,1955.0,2020.0,66.0,1218.1,0.2148,15.0,0.8149,3670.3733,0.15527445,18.934372,0.9098614,-0.03982809419614863,-0.03982809419614863,75.16941819889466
-21.1,-47.15,820.0,1959.0,2020.0,61.0,4743.0,0.1932,35.2,0.9937,3588.7983,0.16834074,22.151999,0.92573303,0.8171293711980098,0.8171293711980098,33.73743028134307
-21.1,-47.75,490.0,1945.0,2021.0,76.0,1372.4,0.1585,17.7,0.8167,3030.1096,0.16562028,11.28329,0.8643218,-5.674326749548674,-5.674326749548674,154.20441012435217
-21.3183,-47.4767,531.0,1966.0,2013.0,47.0,1842.2,0.1532,21.2,0.855,3301.3496,0.16362341,17.736755,0.9018258,-0.8724970063529902,-0.8724970063529902,84.73017822714922
-21.3,-47.9333,590.0,1943.0,2020.0,77.0,1353.8,0.1523,13.62,0.8074,2105.3203,0.16520146,5.0718246,0.83362395,-3.982636335054613,-3.982636335054613,154.76370528724266
-21.3667,-47.7167,700.0,1936.0,2021.0,85.0,1392.4,0.1617,13.67,0.8076,2571.7234,0.16757916,9.949915,0.85596997,-1.3984984830544356,-1.3984984830544356,114.14190534782306
-21.45,-47.9,580.0,1950.0,2020.0,70.0,1164.8,0.1862,13.63,0.8075,1974.0339,0.16392452,5.4363284,0.83263063,-2.986019236865078,-2.986019236865078,135.64592458002
-21.8342,-47.2939,,1966.0,2019.0,53.0,1340.0,0.1474,15.6,0.815,5888.885,0.14550763,31.29578,0.9743615,-0.362772732575003,-0.362772732575003,70.91063463991051
-21.0167,-47.7667,580.0,1945.0,2020.0,75.0,1348.06,0.1504,13.68,0.8076,3274.2966,0.16715345,13.176404,0.8767988,-2.7586360200293956,-2.7586360200293956,132.4732356603654
-21.4333,-47.3333,580.0,1942.0,2021.0,79.0,1212.9,0.161,18.2,0.8129,3941.6807,0.15898103,22.095552,0.924758,-2.0693543600881426,-2.0693543600881426,92.75468757796763
-21.7,-47.4667,780.0,1982.0,2021.0,39.0,1311.8,0.1556,13.8,0.8,4081.3977,0.16583417,21.977419,0.9229376,-0.35307004166251166,-0.35307004166251166,80.176590842883
-21.05,-48.2667,520.0,1941.0,2021.0,80.0,1373.5,0.1376,13.57,0.8073,2000.7965,0.15130922,4.9331017,0.8334159,-3.143347739685322,-3.143347739685322,135.86740793042898
-21.1833,-48.1167,490.0,1956.0,2022.0,66.0,1541.47,0.1499,13.6,0.8076,1905.0289,0.15883651,3.7831998,0.83147454,-1.9632126906090015,-1.9632126906090015,134.71210768803093
-21.2667,-48.5,720.0,1941.0,2019.0,78.0,1473.3,0.1466,19.66,0.8094,1979.7452,0.20929606,4.7257204,0.82196283,-12.020405689926456,-12.020405689926456,211.2986814161248
-21.3667,-48.0667,540.0,1966.0,2021.0,55.0,1065.2,0.1622,11.4,0.79,1998.6592,0.17723842,3.471381,0.8300178,-7.9553942443387395,-7.9553942443387395,196.73466959829005
-21.35,-48.2,570.0,1970.0,2021.0,51.0,1389.4,0.1372,13.72,0.808,2053.6785,0.16330107,2.300504,0.8348188,-9.513878276239934,-9.513878276239934,216.7680817585022
-21.5,-48.0333,500.0,1924.0,2022.0,98.0,1321.0,0.1764,13.61,0.8075,1900.3167,0.1992408,5.0314183,0.8270584,-3.4559474750596024,-3.4559474750596024,156.66164326719175
-21.1167,-48.4167,620.0,1970.0,2021.0,51.0,1831.5,0.1667,21.6,0.8543,2023.9021,0.16627242,4.2847643,0.82733196,-6.18917070685772,-6.18917070685772,172.1098220342438
-22.45,-46.8167,660.0,1936.0,2020.0,84.0,1319.3,0.1681,17.8,0.8177,9903.161,0.17730731,42.694138,1.0451037,-1.6057767007546526,-1.6057767007546526,95.5091532659387
-22.6,-46.7,940.0,1941.0,2022.0,81.0,2668.6,0.1564,24.9,0.9045,10383.557,0.18839689,46.883152,1.0537564,-0.049214973088895775,-0.049214973088895775,70.60758503211052
-22.7,-46.6667,750.0,1942.0,2020.0,78.0,2574.5,0.1424,24.8,0.9031,9251.905,0.19400968,46.716583,1.0392513,-0.3365227399528923,-0.3365227399528923,73.42739430417694
-22.1333,-47.6667,660.0,1938.0,2019.0,78.0,3781.1,0.1757,34.4,0.9808,6507.629,0.17143944,31.434399,0.98187435,-1.2144567022089294,-1.2144567022089294,93.17984307669633
-22.1667,-47.2833,600.0,1937.0,2018.0,81.0,1277.8,0.1957,17.6,0.8559,6648.2563,0.1592799,34.99079,1.0084821,-0.5923284175144405,-0.5923284175144405,72.32380191562504
-22.4167,-47.55,600.0,1933.0,2014.0,81.0,4595.3,0.1466,35.3,0.9957,10838.429,0.16424003,40.483467,1.0599967,-0.9910801268671419,-0.9910801268671419,88.77558197244534
-22.4333,-47.7167,630.0,1970.0,2013.0,43.0,4373.4,0.1727,35.7,0.9989,8751.005,0.17680262,41.13439,1.0422843,0.009858148178358728,0.009858148178358728,64.6025348235562
-22.6333,-47.05,600.0,1950.0,2014.0,65.0,1821.2,0.1635,15.4,0.8838,11558.335,0.14081919,42.477253,1.0761755,0.2629742141128406,0.2629742141128406,62.111915744997226
-22.6667,-47.2167,560.0,1943.0,2014.0,72.0,1680.1,0.1683,13.7,0.1683,11896.464,0.1598829,40.828568,1.0827428,-7.198830961551442,-7.198830961551442,1229.828542855572
-22.8833,-47.0833,710.0,1941.0,2014.0,73.0,1887.4,0.1972,14.9,0.8768,14119.905,0.17935528,46.01597,1.101009,0.39940462813022404,0.39940462813022404,69.08615696112874
-22.9333,-47.25,610.0,1951.0,2014.0,63.0,3096.5,0.1393,19.4,0.9302,19246.875,0.20452556,51.461243,1.1555984,-0.12006570267108407,-0.12006570267108407,87.88777282567685
-22.5667,-47.1667,640.0,1970.0,2014.0,45.0,1796.9,0.1502,14.9,0.8763,10498.79,0.1694586,40.668655,1.0696709,-0.1046356018575576,-0.1046356018575576,74.53491924938817
-22.1333,-48.3167,700.0,1955.0,2020.0,65.0,2958.3,0.1554,25.0,0.9175,5360.388,0.18336226,28.247213,0.96673006,0.04197948415492725,0.04197948415492725,71.13888209336281
-22.6833,-48.1167,560.0,1940.0,2013.0,73.0,4373.4,0.1509,35.4,0.9939,16127.23,0.1582482,63.697006,1.106536,0.16478112346047813,0.16478112346047813,55.86667472684119
-22.05,-49.6167,550.0,1943.0,2020.0,77.0,4062.5,0.1681,30.2,0.9729,2684.7979,0.15405507,16.610226,0.8633667,0.5860829829789669,0.5860829829789669,48.11561104522388
-22.9997,-49.8333,470.0,1949.0,2022.0,73.0,1375.6,0.1746,20.1,0.8082,3669.0742,0.18366744,19.151638,0.89461964,-2.9955713664306516,-2.9955713664306516,120.62919506240982
-23.25,-45.6833,700.0,1944.0,2005.0,61.0,2569.9,0.172,33.4,0.9376,1933.2485,0.1042511,6.4971547,0.84764194,-2.5149348551879465,-2.5149348551879465,94.12085769836219
-23.2833,-45.5333,740.0,1953.0,2014.0,61.0,883.1,0.1644,13.9,0.7703,1938.7395,0.13774416,4.757699,0.8475048,-6.04258340221368,-6.04258340221368,137.9336136100767
-23.2833,-45.95,570.0,1943.0,2002.0,59.0,2594.3,0.2255,23.7,0.9644,2469.7876,0.13986808,18.474585,0.896123,0.9547547668620547,0.9547547668620547,15.988897000165272
-23.3692,-45.9003,573.0,1952.0,2011.0,59.0,3671.3,0.1383,26.4,0.9689,2609.4175,0.14556949,18.019672,0.89433086,0.860377086699428,0.860377086699428,25.47531356624821
-23.3333,-46.23333,690.0,1941.0,2014.0,73.0,3177.7,0.2047,25.7,0.9718,4227.76,0.14186794,28.402895,0.94604594,0.9378093693232007,0.9378093693232007,19.30717157005831
-23.3833,-46.35,760.0,1938.0,2014.0,77.0,3494.3,0.1733,25.5,0.9703,5221.4536,0.13752928,33.016724,0.96997553,0.9416041949977874,0.9416041949977874,18.353902189647744
-23.65,-46.95,880.0,1936.0,2014.0,79.0,1432.0,0.1681,15.7,0.8531,10760.88,0.16611218,47.62598,1.0696392,-0.15441646892447358,-0.15441646892447358,67.23089631635442
-23.7833,-46.9167,860.0,1966.0,2014.0,48.0,883.5,0.2656,17.3,0.7893,9523.319,0.15933739,45.802246,1.0539225,0.20288191914318676,0.20288191914318676,58.62005188380368
-23.1953,-46.8967,700.0,1938.0,2012.0,74.0,3091.8,0.1681,23.2,0.9301,11340.964,0.16741908,44.083782,1.0760424,0.6501010207083145,0.6501010207083145,47.900741514121265
-23.0,-46.7167,730.0,1952.0,2017.0,65.0,3118.3,0.1411,23.5,0.9329,9594.55,0.1934923,45.998287,1.0581938,0.4311570671392553,0.4311570671392553,54.51203370639942
-23.2,-46.15,780.0,1973.0,2013.0,41.0,3124.0,0.2044,25.9,0.9733,3378.607,0.14544031,28.130806,0.93902683,0.9771053911786564,0.9771053911786564,11.373981134592379
-23.0333,-47.85,490.0,1944.0,2018.0,74.0,1175.2,0.155,14.8,0.7966,21373.783,0.20319206,71.998825,1.159683,-0.8561137046731566,-0.8561137046731566,81.33168609998603
-23.2,-47.5167,540.0,1970.0,2019.0,49.0,2464.0,0.174,27.6,0.9108,21053.758,0.16740921,59.2118,1.1598378,-0.7056115487319563,-0.7056115487319563,80.71928870992227
-23.3333,-47.6833,540.0,1938.0,2018.0,81.0,2539.9,0.1637,27.6,0.906,18471.285,0.1542982,60.802837,1.1431202,0.1745392610228489,0.1745392610228489,56.49393793108933
-23.4167,-47.4,570.0,1971.0,2016.0,45.0,2595.1,0.1702,27.5,0.903,13214.981,0.14742133,52.70322,1.1167299,0.7778129691096123,0.7778129691096123,31.12594288933298
-23.55,-47.1833,870.0,1940.0,2012.0,73.0,965.3,0.2242,11.8,0.7967,14622.592,0.17344278,54.906963,1.109641,0.22524318383910757,0.22524318383910757,64.51838241291192
-23.65,-47.2167,880.0,1953.0,2014.0,62.0,513.8,0.2132,0.0,0.7182,14082.437,0.17867075,55.24271,1.1049532,0.6239683469562316,0.6239683469562316,67.98966630301405
-23.7333,-47.4167,840.0,1955.0,2011.0,56.0,864.3,0.2272,12.0,0.7891,16734.17,0.15412436,64.55801,1.1332476,0.5058796441094826,0.5058796441094826,47.25821906444096
-23.8333,-47.65,710.0,1937.0,2014.0,77.0,921.7,0.1804,32.5,0.7728,16470.78,0.19263126,64.17774,1.125663,-9.610858521530872,-9.610858521530872,111.24144421147254
-23.9667,-47.5,870.0,1942.0,2014.0,72.0,1135.8,0.1692,17.2,0.7937,14979.187,0.20534061,60.389256,1.0974356,-2.2631421066861828,-2.2631421066861828,101.47762284141542
-23.0897,-47.7267,470.0,1943.0,2019.0,77.0,1045.5,0.1903,14.9,0.8004,20086.963,0.20146114,65.15287,1.1590109,-1.1176872538315132,-1.1176872538315132,87.3744611709835
-23.3278,-47.7642,540.0,1944.0,2019.0,75.0,808.8,0.2248,19.6,0.7777,16182.127,0.181798,60.912582,1.1326479,-2.0850819705919887,-2.0850819705919887,85.52520235492051
-23.9328,-47.0728,670.0,1952.0,2016.0,64.0,364.3,0.2431,12.9,0.6565,7329.208,0.18629156,40.092197,1.0165036,-5.402857715031602,-5.402857715031602,106.94214131281612
-23.7333,-47.9333,730.0,1973.0,2014.0,41.0,887.2,0.2254,19.3,0.7722,12515.812,0.22379357,54.01487,1.083259,-3.1975842369109797,-3.1975842369109797,112.6402806317105
-23.0,-48.0167,500.0,1957.0,2014.0,57.0,1337.1,0.1514,0.0,0.8373,25436.207,0.19201614,88.6765,1.1894798,0.358918640617797,0.358918640617797,155.4291780477931
-24.93333333,-47.95,7.0,1954.0,2014.0,61.0,909.3,0.2864,80.9,0.6971,12311.521,0.1743183,57.418198,1.0510423,-6.8048630731486455,-6.8048630731486455,113.14658361768576
-24.2483,-47.3733,18.0,1944.0,2021.0,77.0,861.4,0.1926,17.7,0.746,7569.323,0.22076236,39.486958,0.99551547,-5.439429600289062,-5.439429600289062,134.7660391147617
-24.3211,-47.6247,15.0,1952.0,2020.0,68.0,870.0,0.183,17.2,0.742,13130.401,0.22479819,57.821487,1.064677,-4.979625604481452,-4.979625604481452,129.77173449677332
-24.55,-48.4333,80.0,1969.0,2014.0,45.0,1634.6,0.1571,1.0,0.8559,8275.3955,0.16970499,43.41234,1.0196033,0.5299978073335652,0.5299978073335652,137.17674951402762
-20.584475,-47.382549,1003.0,1965.0,2014.0,50.0,877.38,0.155,12.0,0.759,3914.4565,0.19736394,21.68423,0.9242818,-3.459640830299956,-3.459640830299956,117.64631046837688
-12.4836,-49.1244,293.0,1989.0,2019.0,41.0,3423.8,0.1636,33.3,0.9448,2821.1821,0.18031761,14.97473,0.88487726,-1.0566238908415535,-1.0566238908415535,90.61883674467246
-11.3389,-49.2653,234.0,1973.0,2020.0,38.0,5750.9,0.1215,39.2,0.9795,2360.293,0.16231476,10.116717,0.87308496,-0.2542606877179814,-0.2542606877179814,77.7679730185013
-11.5314,-48.2947,243.0,1983.0,2016.0,30.0,12470.27,0.129,54.796,1.128,2415.7708,0.14058806,10.771933,0.8735542,-0.3174837821447618,-0.3174837821447618,72.93283329132134
-11.7972,-49.525,247.0,1973.0,2018.0,36.0,3050.6,0.1706,32.08,0.9201,2921.3245,0.16937226,11.305844,0.89263374,-2.1106987375823993,-2.1106987375823993,114.85053244372983
-9.5642,-48.3875,210.0,1973.0,2019.0,39.0,5063.8,0.1492,36.3,0.9903,2762.8538,0.13910843,22.436869,0.89163876,0.9819530870890815,0.9819530870890815,9.367403385431501
-9.9606,-47.6747,300.0,1972.0,2020.0,39.0,4275.0,0.1743,36.7,0.9652,1794.4565,0.1516066,14.143645,0.8543759,0.9438528613491,0.9438528613491,16.732481788227275
-11.1403,-47.5767,444.0,1983.0,2016.0,33.0,11107.23,0.146,54.576,1.126,2397.5508,0.13407175,18.077133,0.9097171,0.9224471072417261,0.9224471072417261,17.029862071097238
