State,Agency,Code,Name,Latitude (º),Longitude (º),Altitude (m),Start year,End year,Years,K,a,b,c,K_r,a_r,b_r,c_r,NSE_all18,R2_all18,RMSE_all18
AL,ANA,936113,União dos Palmares,-9.1544,-36.0358,250.0,1990.0,2013.0,23.0,1120.3,0.1926,11.9,0.8242,1257.9917,0.23372616,11.993243,0.87979656,0.9854044324153458,0.9854044324153458,6.218568204270964
AM,-,-,Manaus,-3.13333333,-60.01666667,60.0,,,25.0,1387.98,0.1,12.0,0.78,2155.854,0.17242825,41.39713,0.93332213,0.6472527031754203,0.6472527031754203,31.328907459506155
AM,-,-,Parintins,-2.63333333,-56.73333333,30.0,,,14.0,5775.73,0.18,30.0,1.02,1388.9017,0.12620884,41.807613,0.88611805,-0.17164450612886895,-0.17164450612886895,87.79654894702583
AM,-,-,Uapés,-0.13333333,-67.08333333,90.0,,,18.0,2235.25,0.15,19.0,0.85,811.5585,0.1294553,24.599136,0.8024002,0.025821905867855155,0.025821905867855155,65.97741229855966
BA,ANA,940024,Juazeiro,-9.4053,-40.5036,370.0,1994.0,2010.0,17.0,1519.0,0.188,9.3,0.8795,1013.8819,0.21168493,9.870191e-12,0.879096,0.9717365931461331,0.9717365931461331,10.493076363921027
BA,ANA,1142020,Fazenda Refrigério - Jusante,-11.3561,-42.2736,489.0,1988.0,1999.0,12.0,3950.0,0.222,33.862,1.028,2911.2737,0.19456184,57.368965,1.0077802,0.46795583054050705,0.46795583054050705,42.47090693208999
BA,ANA,1143020,Morpará,-11.5667,-43.3,418.0,1988.0,1999.0,10.0,1121.26,0.233,19.746,0.783,3366.9243,0.18112782,69.09174,1.0277994,0.28936170058832866,0.28936170058832866,47.96271153390177
BA,ANA,1145012,Formosa do Rio Preto (Codevasf),-11.05,-45.1833,488.0,1987.0,1999.0,13.0,1719.054,0.174,20.021,0.865,4072.5437,0.16344899,45.734035,1.0676521,0.6940202362178997,0.6940202362178997,28.75343142427004
BA,ANA,1145013,Ponte Serafim - Montante,-11.8961,-45.6119,713.0,1987.0,1999.0,13.0,4073.933,0.181,27.902,1.073,1858.9178,0.14167385,22.47619,0.96595794,0.7725331348911463,0.7725331348911463,23.52135261354217
BA,ANA,1238051,Teodoro Sampaio,-12.3003,-38.6439,116.0,1992.0,2010.0,19.0,1406.4,0.1516,18.5,0.8222,1873.0616,0.17230706,45.72471,0.944424,0.517314853598617,0.517314853598617,32.721380147681806
BA,ANA,1239007,Argoim,-12.585,-39.5183,159.0,1988.0,1999.0,11.0,8999.0,0.245,56.068,1.119,911.21985,0.15239681,32.78683,0.8672917,-0.12471201068186666,-0.12471201068186666,72.63204088707936
BA,ANA,1242015,Brotas de Macaúbas,-12.0036,-42.6283,837.0,1988.0,1999.0,12.0,4210.017,0.192,32.453,1.042,4528.365,0.16699553,72.10188,1.0854799,0.3407503995742672,0.3407503995742672,43.82129999546872
BA,ANA,1245009,Barreiras,-12.15,-45.0,444.0,1988.0,1999.0,12.0,1525.758,0.178,19.457,0.82,2921.1074,0.14122753,30.133863,0.991063,0.7926493047266927,0.7926493047266927,25.2605459346302
BA,ANA,1339012,Ituberá,-13.8106,-39.1692,114.0,1989.0,1999.0,11.0,3228.481,0.207,45.386,0.948,4946.441,0.21260908,56.54733,1.0787667,0.8590597088139842,0.8590597088139842,18.955393607839845
BA,ANA,1344017,Santa Maria da Vitória,-13.4006,-44.1975,437.0,1988.0,1999.0,11.0,2873.405,0.216,29.656,0.946,3951.1677,0.1651702,44.59125,1.0354385,0.6722595687291293,0.6722595687291293,35.25200746038028
BA,ANA,1439014,Ipiaú,-14.1708,-39.6897,142.0,1988.0,1999.0,10.0,2194.929,0.232,32.891,0.882,2123.5405,0.18132491,37.1039,0.98633146,0.3888659254024679,0.3888659254024679,46.94968983005858
BA,ANA,1439044,Santa Cruz da Vitória,-14.9589,-39.8075,243.0,1994.0,2010.0,17.0,1098.6,0.1895,12.7,0.8331,1963.0457,0.18627714,36.753273,0.9487271,0.7987215163784122,0.7987215163784122,21.2500917312074
BA,ANA,1443002,Carinhanha,-14.3044,-43.7681,440.0,1981.0,1999.0,17.0,2718.147,0.214,21.193,0.978,1933.2274,0.17723751,25.505608,0.9513408,0.703960764230346,0.703960764230346,33.85655550223082
BA,ANA,1444017,Fazenda Porto Alegre,-14.2683,-44.5217,500.0,1981.0,1999.0,18.0,2500.0,0.184,34.478,0.902,4183.9805,0.21816716,41.49244,1.019674,0.9924103285621083,0.9924103285621083,4.460436373058688
BA,ANA,1539006,Itapebi,-15.9608,-39.5261,80.0,1975.0,1999.0,25.0,3586.593,0.204,39.135,0.987,3758.9355,0.16187319,56.32354,1.047422,0.5151659662563572,0.5151659662563572,36.55659484823816
BA,ANA,1541001,Cândido Sales,-15.505,-41.2292,676.0,1988.0,1999.0,12.0,2828.391,0.204,34.463,0.956,268.39413,0.15259802,3.2164679e-12,0.641475,0.46935567825579483,0.46935567825579483,37.0052222995427
BA,ANA,1739005,Itamaraju,-17.045,-39.5447,80.0,1975.0,1999.0,24.0,4032.86,0.211,28.605,1.06,178.41397,0.19724613,13.558582,0.6053499,-0.030406122228550103,-0.030406122228550103,57.281769122993694
BA,ANA,1740005,Medeiros Neto,-17.3722,-40.2258,180.0,1975.0,1999.0,24.0,6899.271,0.227,40.913,1.107,276.7977,0.18336567,11.715703,0.69097966,-0.09400909441429417,-0.09400909441429417,69.28810928222953
CE,ANA,340036,Fazenda Pocinhos,-3.8833,-40.1667,150.0,1970.0,1991.0,22.0,1229.7,0.2015,13.0,0.8413,1558.3948,0.23435208,26.792036,0.9618053,0.7456218790366519,0.7456218790366519,27.00021368510447
CE,ANA,539016,Quixeramobim,-5.2,-39.3,187.0,,,30.0,2847.22,0.3,43.0,0.97,960.57043,0.17877148,14.659737,0.8626505,0.5470318865174704,0.5470318865174704,41.34228660196369
CE,ANA,639034,Várzea Alegre,-6.8,-39.3,302.0,1962.0,1989.0,27.0,2977.1,0.1711,36.0,0.9059,605.84656,0.20284997,5.106993e-12,0.7441101,0.9142459832800144,0.9142459832800144,16.324904173276817
ES,INMET,83550,São Mateus,-18.7,-39.85,25.0,1976.0,1985.0,10.0,4999.205,0.191,49.999,0.983,1010.5703,0.20693658,10.594007,0.83271664,0.8525552969213055,0.8525552969213055,22.864159560161838
ES,INMET,83597,Linhares,-19.4,-40.06666667,29.0,1987.0,1996.0,10.0,3647.235,0.223,20.665,1.0,1527.32,0.22190261,9.930701,0.88204634,0.9477167527673483,0.9477167527673483,18.518837014249577
ES,INMET,83647,Santa Teresa,-19.85,-40.6,440.0,1987.0,1996.0,10.0,632.265,0.247,13.543,0.714,1388.8562,0.1885932,9.185497,0.8552941,0.8582126474854244,0.8582126474854244,18.515016551105834
ES,ANA,1840010,Cedrolândia,-18.8097,-40.6906,300.0,1976.0,1999.0,24.0,4000.0,0.178,51.492,0.92,1715.8964,0.18701473,10.34772,0.8995562,0.9278201760441442,0.9278201760441442,15.449695732480174
ES,ANA,1840013,Ecoporanga,-18.3658,-40.8406,300.0,1976.0,1999.0,23.0,5666.17,0.197,43.631,1.055,1065.8892,0.1930821,9.510997,0.83227056,0.9424578114151031,0.9424578114151031,13.659074598814726
ES,ANA,1840015,Patrimônio Santa Luzia do Norte,-18.2056,-40.6033,400.0,1976.0,1999.0,24.0,2407.091,0.187,34.383,0.877,1031.5797,0.17362826,12.023618,0.8314592,0.8243777410192865,0.8243777410192865,23.027321152327797
ES,ANA,1840019,Córrego da Boa Esperança,-18.7006,-40.4419,80.0,1976.0,1999.0,23.0,4350.786,0.202,40.254,1.003,1500.4642,0.16895449,9.740776,0.8878377,0.9468312337044845,0.9468312337044845,13.415252063327358
ES,ANA,1840020,São João da Cachoeira Grande,-18.5647,-40.3367,100.0,1981.0,1999.0,19.0,5829.147,0.192,33.421,1.089,1145.83,0.180083,9.522127,0.85088927,0.9058924633750582,0.9058924633750582,18.73694886949463
ES,ANA,1940006,Colatina - Corpo de Bombeiros,-19.5308,-40.6231,40.0,1976.0,1986.0,11.0,709.931,0.201,7.331,0.687,1577.8073,0.19098324,10.134363,0.8899162,0.9899900423373214,0.9899900423373214,5.9048211783859275
ES,ANA,1940009,Pancas,-19.2203,-40.8533,135.0,1976.0,1999.0,24.0,1227.888,0.185,20.628,0.758,1541.3627,0.18637256,11.628566,0.902714,0.9515109737366383,0.9515109737366383,12.194548657839881
ES,ANA,1940020,Caldeirão (Santa Teresa),-19.955,-40.7417,750.0,1976.0,1999.0,24.0,3777.338,0.196,46.751,0.947,1433.271,0.21029921,15.800071,0.8763598,0.9511806000316272,0.9511806000316272,12.308122678832515
ES,ANA,1941012,Alto Rio Novo,-19.0592,-41.0275,500.0,1976.0,1999.0,23.0,1908.138,0.208,18.432,0.926,1381.6178,0.18231972,11.626036,0.88268095,0.9826836029631458,0.9826836029631458,7.250789897959483
ES,ANA,2041017,Santa Cruz - Caparaó,-20.3228,-41.7042,920.0,1975.0,1999.0,24.0,3873.672,0.18,35.418,0.986,9050.557,0.14537774,86.57813,1.120423,0.6119089269452327,0.6119089269452327,34.62967348602487
ES,ANA,2041020,Aracê (Fazenda Modelo),-20.3667,-41.0611,1075.0,1976.0,1999.0,23.0,880.474,0.175,9.722,0.729,2833.9036,0.19141582,40.82505,0.9661655,0.860429703435041,0.860429703435041,20.371429915504113
MG,ANA,1950007,UHE São Simão,-19.0167,-50.4667,444.0,1973.0,1999.0,27.0,3354.992,0.172,30.197,0.96,2313.021,0.14460425,33.1263,0.98170835,0.5107979661745043,0.5107979661745043,39.96225442880329
GO,-,-,Catalão,-18.18333333,-47.95,832.0,,,23.0,1317.3,0.16,12.0,0.82,1165.2852,0.15004297,6.0758314,0.88258266,0.9160084830908433,0.9160084830908433,15.723567659711081
GO,-,-,Formosa,-15.533333,-47.33333333,912.0,,,20.0,1276.25,0.16,10.0,0.82,1340.6383,0.14558117,12.717092,0.88950366,0.8315606458278809,0.8315606458278809,22.913030333016334
GO,-,-,Goiânia,-16.68333333,-49.26666667,730.0,,,17.0,2209.74,0.21,21.0,0.88,3049.1267,0.1679131,52.466106,1.0022997,0.26718352357050956,0.26718352357050956,60.7340841379336
MA,-,-,Barra do Corda,-5.5,-45.26666667,153.0,,,21.0,1530.67,0.2,17.0,0.83,899.93585,0.16886157,0.27640793,0.82451075,0.9258992114191599,0.9258992114191599,16.852067573476802
MA,-,-,Turiaçu,-1.71666667,-45.4,44.0,,,33.0,1185.74,0.19,13.0,0.79,1032.5795,0.13248849,8.186617,0.82666904,0.8016506311982587,0.8016506311982587,26.038268987094302
MG,INMET,83587,Raja Gabaglia,-19.93,-43.95,916.0,1984.0,2015.0,31.0,2481.99,0.1245,20.0,0.8975,4963.415,0.20145331,54.194374,0.9986795,0.958440958191792,0.958440958191792,11.449648395915773
MG,ANA,1442025,Espinosa,-14.9333,-42.8167,570.0,1983.0,1999.0,17.0,679.357,0.188,8.715,0.731,551.00757,0.18069668,0.030235985,0.7855065,0.9382485365792639,0.9382485365792639,11.22786554092332
MG,ANA,1443000,Boca da Caatinga,-14.7864,-43.5514,425.0,1978.0,1999.0,20.0,1616.744,0.179,20.467,0.877,518.2997,0.18308727,1.016899,0.78206927,0.8525601797780095,0.8525601797780095,18.14368511434252
MG,ANA,1443001,Manga,-14.7567,-43.9322,452.0,1976.0,1999.0,24.0,1828.318,0.188,28.731,0.899,1198.9664,0.18770218,21.899471,0.8797776,0.9034204787390289,0.9034204787390289,13.287187023261096
MG,ANA,1444000,São Gonçalo,-14.3136,-44.4603,475.0,1976.0,1999.0,23.0,765.111,0.155,11.514,0.698,3777.0664,0.21391241,39.599472,1.0045681,0.9533582757996928,0.9533582757996928,9.981769574987798
MG,ANA,1444001,Capitânea,-14.4311,-44.4817,523.0,1981.0,1999.0,18.0,6040.241,0.21,37.64,1.1,3019.5435,0.2169923,35.399292,0.9749548,0.9718451689960872,0.9718451689960872,9.983234318990753
MG,ANA,1444004,Juvenilia (Montalvânia),-14.2658,-44.1572,440.0,1981.0,1999.0,18.0,1070.596,0.199,19.542,0.776,2649.5247,0.21160638,32.01965,0.9595033,0.9980806109121267,0.9980806109121267,2.145122978214363
MG,ANA,1446003,Formoso,-14.93329999,-46.25,840.0,1983.0,1999.0,17.0,3500.0,0.195,27.406,0.972,4168.737,0.14943825,32.972576,1.0609772,0.7048870022464191,0.7048870022464191,35.76437382855499
MG,ANA,1541010,Itamarati,-15.5808,-41.4086,687.0,1994.0,2009.0,15.0,2210.5,0.153,33.4,0.8938,264.96945,0.17652293,5.5040193e-08,0.63921875,0.6915053005979219,0.6915053005979219,23.573079523361095
MG,ANA,1543002,Colônia do Jaíba,-15.3411,-43.6753,450.0,1988.0,1999.0,19.0,6527.477,0.226,32.114,1.141,622.4194,0.21216212,6.808448e-12,0.7975381,0.859787890541611,0.859787890541611,24.529768805702904
MG,ANA,1543013,Janaúba,-15.7756,-43.27969999,498.0,1976.0,1999.0,22.0,4323.837,0.224,45.869,1.03,627.7031,0.19803333,1.0959872e-07,0.7950173,0.8974900894632939,0.8974900894632939,16.4614545647372
MG,ANA,1544006,Januária,-15.4833,-44.3667,474.0,1980.0,1999.0,16.0,1513.706,0.155,19.554,0.813,2455.2732,0.21596365,29.610039,0.9638085,0.9687879218912768,0.9687879218912768,9.133169855672554
MG,ANA,1544012,São Francisco,-15.9494,-44.8681,448.0,1980.0,1999.0,20.0,3666.006,0.235,32.782,1.038,3320.7568,0.15957431,38.969955,1.0268017,0.730753273213091,0.730753273213091,29.002654900605968
MG,ANA,1544017,Pedras de Maria da Cruz,-15.5978,-44.3903,434.0,1981.0,1999.0,17.0,574.945,0.198,7.787,0.71,2380.7756,0.21339911,29.477655,0.96093595,0.9755959808145996,0.9755959808145996,6.796778946088882
MG,ANA,1544029,Mocambinho (Ruralminas),-15.05,-44.0167,452.0,1986.0,1999.0,13.0,1088.655,0.218,12.278,0.814,1071.752,0.19170879,16.86309,0.85886335,0.7781652576632208,0.7781652576632208,26.53090080472155
MG,ANA,1546001,Buritis - Jusante,-15.6158,-46.415,538.0,1980.0,1999.0,14.0,2450.458,0.225,29.391,0.944,3619.4778,0.18591984,41.814377,1.0213128,0.8689893698270917,0.8689893698270917,19.93732246460223
MG,ANA,1546008,Arinos (INMET),-15.9153,-46.1072,519.0,1983.0,1999.0,17.0,3500.0,0.166,41.086,0.942,1613.9576,0.16830826,3.9021783,0.90216,0.718217983955703,0.718217983955703,27.250223770862103
MG,ANA,1640000,Jacinto,-16.1386,-40.2903,160.0,1973.0,1999.0,26.0,3038.921,0.225,25.041,0.993,7849.2173,0.15069853,58.283394,1.1330221,0.70365677880706,0.70365677880706,34.05432846277699
MG,ANA,1641001,Itaobim,-16.5683,-41.5031,241.0,1973.0,1999.0,26.0,1718.688,0.175,17.525,0.9,1486.4645,0.17613983,21.178543,0.9010875,0.905603427790359,0.905603427790359,15.104041646769057
MG,ANA,1641008,Pedra Azul (Fortaleza),-16.0,-41.28329999,649.0,1983.0,1999.0,17.0,4451.964,0.176,37.326,1.013,835.4983,0.13795486,20.231123,0.82439005,0.33869851198252765,0.33869851198252765,44.46819539260915
MG,ANA,1641010,Itinga,-16.61809999,-41.76749999,278.0,1977.0,1999.0,23.0,6482.993,0.216,35.23,1.154,1682.2301,0.15101196,19.929163,0.9179778,0.8273224378450058,0.8273224378450058,23.07351954272836
MG,ANA,1642000,Araçuaí,-16.8667,-42.0667,284.0,1986.0,1999.0,10.0,3450.0,0.225,58.409,0.947,1918.3468,0.17278357,18.006401,0.93650085,0.9341524197953966,0.9341524197953966,12.482223180240096
MG,ANA,1642019,Salinas,-16.2667,-42.05,471.0,1982.0,1999.0,18.0,4600.0,0.203,34.952,1.033,1203.3685,0.18999092,15.5349455,0.872099,0.7792706445828873,0.7792706445828873,28.42846179696895
MG,ANA,1642029,UHE Irapé Rio Itacambiruçu,-16.5925,-42.9164,829.0,1986.0,1998.0,13.0,5618.979,0.199,37.915,1.074,2525.6763,0.18013063,28.714512,0.9846739,0.8150488262882204,0.8150488262882204,25.16446499742698
MG,ANA,1643009,Montes Claros,-16.71669999,-43.8667,646.0,1982.0,1999.0,18.0,4050.0,0.167,34.789,0.992,2759.7476,0.17186624,43.78909,0.99994403,0.5761626894633824,0.5761626894633824,35.65394794194711
MG,ANA,1643020,Capitão Enéas,-16.32219999,-43.715,908.0,1978.0,1999.0,20.0,8561.537,0.212,48.442,1.125,1432.3022,0.19177975,21.44104,0.90686923,0.6499543456382778,0.6499543456382778,37.303243100310574
MG,ANA,1643024,Juramento,-16.7833,-43.7167,650.0,1987.0,1999.0,13.0,1464.55,0.194,22.467,0.817,2945.311,0.15888862,43.30679,1.0084032,0.5775281889621978,0.5775281889621978,34.799064163597336
MG,ANA,1645000,São Romão,-16.3717,-45.0828,472.0,1978.0,1999.0,21.0,1119.829,0.184,15.2,0.777,3290.9421,0.15558574,41.07358,1.0087755,0.7407971139251941,0.7407971139251941,27.11261010336424
MG,ANA,1645009,Cachoeira da Manteiga,-16.6569,-45.0808,500.0,1981.0,1999.0,19.0,3794.292,0.232,34.584,1.013,4213.3545,0.18686205,80.974525,1.0272597,0.4153534171155062,0.4153534171155062,46.4647257279905
MG,ANA,1645010,Barra do Escuro,-16.2833,-45.2333,480.0,1978.0,1987.0,10.0,3000.0,0.234,31.843,0.954,3826.179,0.14101471,41.507862,1.0298308,0.5840303032262111,0.5840303032262111,41.33246889629498
MG,ANA,1646000,Porto dos Poções,-16.8297,-46.3222,540.0,1981.0,1999.0,16.0,5240.505,0.187,30.472,1.065,2274.2668,0.16519521,23.27101,0.96276414,0.7947912962449221,0.7947912962449221,28.548011117366887
MG,ANA,1646001,Unaí,-16.3514,-46.8897,640.0,1975.0,1999.0,15.0,3348.439,0.206,28.386,0.986,1960.6456,0.16844738,12.632023,0.9212709,0.9787023794081356,0.9787023794081356,8.904049999628604
MG,ANA,1646003,Santo Antonio do Boqueirão,-16.52969999,-46.7211,640.0,1990.0,2008.0,19.0,2980.0,0.1598,26.0,0.9306,1776.7499,0.17169052,12.740461,0.9087788,0.9693954858969811,0.9693954858969811,10.340622610149092
MG,ANA,1646004,Fazenda O Resfriado,-16.5028,-46.66279999,575.0,1982.0,1999.0,16.0,2500.0,0.202,43.912,0.853,1712.0846,0.16678801,11.515682,0.90745705,0.9052766641964467,0.9052766641964467,17.633257310303986
MG,ANA,1647008,Fazenda Limeira,-16.2089,-47.2325,575.0,1982.0,1999.0,13.0,522.749,0.193,8.503,0.61,1685.6189,0.19136687,12.765696,0.9069662,0.9734328414788511,0.9734328414788511,8.369683431409305
MG,ANA,1741001,Mucuri,-17.59499999,-41.4928,334.0,1973.0,1999.0,27.0,2042.521,0.208,24.596,0.886,1463.5907,0.17131847,16.53494,0.8999004,0.798629469998392,0.798629469998392,26.39363637996475
MG,ANA,1741012,Teófilo Otoni,-17.85,-41.5167,357.0,1983.0,1999.0,17.0,1715.786,0.201,26.962,0.815,1914.0514,0.14981064,22.002983,0.93073744,0.6952278711856641,0.6952278711856641,32.80031581503663
MG,ANA,1742008,Carbonita,-17.5794,-42.99499999,552.0,1973.0,1999.0,22.0,1542.323,0.208,16.364,0.878,3207.9492,0.18339324,25.342512,1.0109246,0.9914820561548332,0.9914820561548332,5.1217987707604085
MG,ANA,1742016,Itamarandiba,-17.85,-42.85,1097.0,1986.0,1999.0,14.0,3220.0,0.209,35.476,0.918,3071.7144,0.1709161,27.23535,1.0021513,0.7612148887702745,0.7612148887702745,32.76328889316864
MG,ANA,1743002,Vila Terra Branca - Jusante (Bocaiúva),-17.3128,-43.20779999,630.0,1974.0,1999.0,25.0,716.71,0.213,5.25,0.752,3168.2378,0.14699106,27.138279,1.0121675,0.9022195172881033,0.9022195172881033,17.19376856474162
MG,ANA,1744020,Montante Barra do Jequitaí,-17.0667,-44.79999999,535.0,1980.0,1989.0,10.0,11285.14,0.212,45.875,1.225,3498.6484,0.17979363,54.324005,1.0147734,0.651677741880268,0.651677741880268,33.99947029083559
MG,ANA,1744025,Pirapora,-17.35,-44.95,503.0,1982.0,1999.0,18.0,3210.188,0.181,33.293,0.948,3061.2195,0.16571939,41.75215,1.0081319,0.6449748962623754,0.6449748962623754,33.18646732575285
MG,ANA,1745001,Cachoeira do Paredão,-17.1111,-45.4378,520.0,1982.0,1999.0,18.0,3352.251,0.2,27.381,1.009,3619.2476,0.16976768,37.623783,1.0332212,0.8343457197818521,0.8343457197818521,22.798954693160947
MG,ANA,1745007,Porto do Cavalo,-17.0269,-45.5406,473.0,1978.0,1999.0,22.0,1446.429,0.226,14.002,0.873,3819.4995,0.17429852,41.738117,1.0339636,0.7719169150694833,0.7719169150694833,28.89691164316757
MG,ANA,1746001,Porto da Extrema,-17.03079999,-46.0136,510.0,1975.0,1999.0,23.0,5212.471,0.181,33.706,1.061,2584.531,0.18242325,24.821098,0.98127425,0.9205042281367425,0.9205042281367425,16.37432375029061
MG,ANA,1746002,Santa Rosa,-17.25529999,-46.4739,490.0,1975.0,1999.0,24.0,2144.847,0.171,19.378,0.909,1615.739,0.18777078,10.289324,0.908731,0.9902845689324851,0.9902845689324851,5.507043427909568
MG,ANA,1746006,Ponte da BR-040 - Prata,-17.66359999,-46.35499999,765.0,1978.0,1999.0,21.0,2404.064,0.231,22.736,0.918,1851.2336,0.1596109,9.742901,0.92434394,0.8996589380628316,0.8996589380628316,22.24458355329374
MG,ANA,1746007,Ponte da BR-040 - Paracatu,-17.4972,-46.5817,696.0,1981.0,1999.0,18.0,1421.988,0.194,7.5,0.867,1510.0703,0.18725857,7.7577014,0.89259034,0.99322352006864,0.99322352006864,5.451441300513615
MG,ANA,1746012,João Pinheiro,-17.6999999,-46.16669999,870.0,1983.0,1999.0,17.0,4741.682,0.202,42.383,0.993,2270.2861,0.17039646,15.684696,0.963236,0.8911688535827601,0.8911688535827601,20.998678701601406
MG,ANA,1746013,Paracatu,-17.21669999,-46.8667,711.0,1983.0,1999.0,17.0,9099.043,0.184,49.164,1.125,1637.8137,0.1918978,10.335905,0.9069226,0.9640234917243711,0.9640234917243711,11.291684216314458
MG,ANA,1747002,Fazenda Buriti II (Faz. Angical),-17.41669999,-47.5167,688.0,1976.0,1999.0,24.0,10030.56,0.138,45.209,1.155,2265.7278,0.15054652,26.822798,0.96628684,0.7971718042958983,0.7971718042958983,23.70250340118397
MG,ANA,1841001,Vila Matias - Montante,-18.5747,-41.9178,174.0,1973.0,1986.0,14.0,3600.0,0.194,46.187,0.91,1796.0352,0.16925842,17.972437,0.92074716,0.7599351205724434,0.7599351205724434,30.21903497254403
MG,ANA,1841011,Tumiritinga,-18.9764,-41.6403,135.0,1974.0,1999.0,26.0,2077.822,0.178,31.713,0.842,1412.0997,0.1773186,14.817668,0.8771717,0.8965483451880571,0.8965483451880571,17.622085198141516
MG,ANA,1841015,Governador Valadares,-18.85,-41.9333,263.0,1983.0,1999.0,17.0,4980.581,0.202,52.547,0.969,2159.2844,0.17209162,24.43049,0.9343865,0.7596638356535417,0.7596638356535417,30.996754149724403
MG,ANA,1841018,Central de Minas,-18.7631,-41.3083,252.0,1976.0,1999.0,24.0,3157.322,0.188,32.251,0.959,1207.3512,0.15705559,14.324373,0.8729903,0.7657176845314203,0.7657176845314203,26.623245641839514
MG,ANA,1843002,Gouveia,-18.46559999,-43.7431,1200.0,1974.0,1999.0,25.0,2817.621,0.189,31.104,0.955,3183.8887,0.18309659,39.450695,1.0042915,0.8922232525695486,0.8922232525695486,16.794961755695745
MG,ANA,1843003,Mendanha - Montante,-18.11329999,-43.52029999,803.0,1973.0,1999.0,27.0,640.852,0.184,7.15,0.7,3402.8865,0.18479131,37.19777,1.0091462,0.9692640078547482,0.9692640078547482,8.470053320288095
MG,ANA,1843009,Diamantina,-18.25,-43.6,1356.0,1986.0,1999.0,14.0,523.6,0.193,5.055,0.637,3338.1345,0.16857536,37.91101,1.0068073,0.8538726828542096,0.8538726828542096,19.98416276492048
MG,ANA,1844001,Santo Hipólito,-18.3061,-44.2258,510.0,1978.0,1999.0,21.0,520.911,0.179,1.979,0.737,2789.1306,0.14781314,42.57228,0.99429333,0.8540737660064737,0.8540737660064737,15.898848487497732
MG,ANA,1844009,Presidente Juscelino - Jusante,-18.64389999,-44.04809999,633.0,1978.0,1999.0,21.0,3574.346,0.188,21.695,1.033,2915.5042,0.19225627,38.072163,0.987582,0.8193128973501514,0.8193128973501514,25.559340163974536
MG,ANA,1844010,Ponte do Licínio - Jusante,-18.67139999,-44.1914,560.0,1979.0,1999.0,21.0,2302.718,0.192,30.652,0.922,2811.6965,0.19230527,37.19479,0.98343784,0.9481964695104951,0.9481964695104951,10.998547249563174
MG,ANA,1845004,Lagoa do Gouveia,-18.8414,-45.85139999,1035.0,1976.0,2010.0,35.0,2147.37,0.147,19.64,0.878,3575.5889,0.16774207,29.578606,1.0227649,0.9287587689455022,0.9287587689455022,15.154236354646734
MG,ANA,1845009,UHE Três Marias Barramento,-18.215,-45.2592,569.0,1975.0,1999.0,25.0,6168.218,0.155,37.065,1.089,3232.1538,0.14967129,26.36581,1.0146646,0.9487115425137386,0.9487115425137386,11.852746921900915
MG,ANA,1845011,São Gonçalo do Abaeté,-18.35,-45.8333,798.0,1974.0,1999.0,26.0,3600.0,0.195,32.524,0.962,2893.4224,0.15797235,23.812838,1.0024542,0.8029258614071384,0.8029258614071384,28.11261776455476
MG,ANA,1845021,Canoeiros,-18.0383,-45.5236,760.0,1974.0,1999.0,26.0,1664.16,0.191,24.171,0.828,3242.7961,0.15116635,25.420408,1.0328567,0.8366627250152467,0.8366627250152467,22.57276112214518
MG,ANA,1845022,UHE Três Marias Porto Indaiá,-18.6999999,-45.5833,976.0,1977.0,1999.0,23.0,4000.0,0.153,43.614,0.947,3227.5308,0.1384931,28.040642,1.0086522,0.8572350965541029,0.8572350965541029,19.903960592703246
MG,ANA,1845026,Fazenda das Pedras,-18.0167,-45.1058,569.0,1981.0,1999.0,19.0,4782.164,0.167,33.788,1.037,3668.4546,0.14258003,35.371895,1.0427146,0.7464320458495147,0.7464320458495147,27.91231719639295
MG,ANA,1845028,São José dos Buritis,-18.71669999,-45.1833,628.0,1987.0,1999.0,13.0,2960.921,0.162,18.136,1.003,2954.0518,0.16195934,31.744534,0.99466044,0.8744203284492892,0.8744203284492892,19.70607552486645
MG,ANA,1846005,Presidente Olegário,-18.4125,-46.42219999,953.0,1974.0,1999.0,26.0,2727.363,0.189,25.419,0.935,2116.6553,0.1720697,12.7537775,0.94384676,0.981409093744919,0.981409093744919,8.187231655079588
MG,ANA,1846018,Patos de Minas,-18.6,-46.5167,940.0,1983.0,1999.0,17.0,2837.142,0.208,29.438,0.943,1974.4819,0.15934856,11.136244,0.93240887,0.961047507736069,0.961047507736069,11.819560351560128
MG,ANA,1846019,Rocinha,-18.3736,-46.91499999,898.0,1978.0,1999.0,21.0,523.763,0.168,5.128,0.661,1592.9666,0.15014745,6.289133,0.9017075,0.8189649944769509,0.8189649944769509,18.878834619478646
MG,ANA,1847010,Iraí de Minas,-18.9819,-47.4575,946.0,1975.0,1999.0,25.0,2891.439,0.178,23.854,0.958,1433.566,0.16727401,6.5127864,0.8829845,0.9789064615169458,0.9789064615169458,8.456534043509857
MG,ANA,1847014,Coromandel,-18.46669999,-47.2,928.0,1975.0,1999.0,25.0,2587.15,0.166,26.069,0.927,1201.3208,0.14191827,3.0938017,0.8730131,0.9453582934900411,0.9453582934900411,12.413896533911714
MG,ANA,1847041,UHE Emborcação Barrament (Araguari),-18.45189999,-47.9844,940.0,1980.0,1999.0,20.0,6000.0,0.173,58.696,0.997,1821.809,0.13365862,5.5064354,0.9315685,0.8700029870928513,0.8700029870928513,20.13460813591767
MG,ANA,1848000,Monte Alegre de Minas,-18.87219999,-48.86939999,730.0,1975.0,1999.0,24.0,5942.282,0.177,40.081,1.061,531.07465,0.15220925,10.725398,0.7562504,0.34287974900245033,0.34287974900245033,46.69601807736882
MG,ANA,1848010,Araguari,-18.6511,-48.2092,963.0,1974.0,1999.0,25.0,10246.18,0.186,53.003,1.146,833.8258,0.13750973,2.433489,0.8232536,0.7637172543714406,0.7637172543714406,28.23928919833442
MG,ANA,1848013,Capim Branco,-18.75,-48.2667,1087.0,1978.0,1999.0,22.0,4061.385,0.169,35.786,0.973,878.07336,0.14139302,3.4223769,0.8284591,0.7654232678085495,0.7654232678085495,28.307645147078674
MG,ANA,1848049,Uberlândia,-18.9231,-48.2886,869.0,1986.0,1999.0,14.0,6050.0,0.19,54.122,0.999,946.91205,0.14211144,8.06262,0.83529073,0.5405137959196515,0.5405137959196515,42.94219495730983
MG,ANA,1849017,Capinópolis,-18.68329999,-49.56669999,621.0,1982.0,1999.0,18.0,2737.464,0.184,26.848,0.938,2159.684,0.12516986,32.733353,0.9645113,0.46597336200173656,0.46597336200173656,41.45016430663311
MG,ANA,1849020,Ituiutaba,-18.96669999,-49.35,560.0,1986.0,1999.0,14.0,4020.0,0.158,38.215,0.952,1599.4915,0.12364559,26.849386,0.9165242,0.36278112314964117,0.36278112314964117,46.0998764057598
MG,ANA,1941005,Barra do Cuieté - Jusante,-19.06169999,-41.5328,1605.0,1974.0,1999.0,26.0,5400.428,0.17,47.595,1.041,1326.5431,0.17191961,14.162084,0.87523025,0.9483509083576682,0.9483509083576682,11.050244498838662
MG,ANA,1941006,Assaraí - Montante,-19.5947,-41.4581,172.0,1973.0,1999.0,27.0,3447.244,0.193,29.506,0.985,2409.8237,0.15802144,31.80741,0.9408701,0.8057884504741568,0.8057884504741568,25.828337659645985
MG,ANA,1941017,Aimorés,-19.4833,-41.06669999,83.0,1983.0,1999.0,17.0,5695.919,0.179,36.719,1.033,1401.2455,0.17707838,12.600139,0.8703888,0.8493401406842236,0.8493401406842236,25.681287006756126
MG,ANA,1942001,Cachoeira Escura,-19.38333333,-42.3667,242.0,1973.0,1987.0,15.0,815.784,0.189,11.694,0.702,4092.8035,0.14022586,49.815918,1.0091833,0.7209075406857783,0.7209075406857783,29.045847722395298
MG,ANA,1942008,Dom Cavati,-19.3736,-42.105,355.0,1973.0,1999.0,24.0,4296.27,0.201,39.781,0.994,3674.0356,0.14673273,47.221382,1.0008093,0.6525814402262208,0.6525814402262208,35.24731021813709
MG,ANA,1942009,Acesita,-19.5333,-42.63329999,239.0,1974.0,1985.0,12.0,6010.412,0.204,44.788,1.03,8160.2876,0.1427828,81.615,1.1026212,0.4201194978913171,0.4201194978913171,51.26375949546176
MG,ANA,1942021,Caratinga,-19.7356,-42.1375,615.0,1983.0,1999.0,17.0,5069.841,0.176,35.87,1.048,10691.449,0.1773589,91.917404,1.1371235,0.7716128658336228,0.7716128658336228,26.68244790531415
MG,ANA,1942025,UHE Salto Grande Barramento Guanhães,-19.1464,-42.7486,450.0,1981.0,1999.0,19.0,2600.0,0.2,25.779,0.912,5542.0146,0.15709233,60.17383,1.0582703,0.6086898789569996,0.6086898789569996,40.291651179652746
MG,ANA,1942031,Cachoeira dos Óculos - Montante,-19.7769,-42.4769,854.0,1986.0,1999.0,14.0,2710.218,0.186,28.981,0.917,12631.225,0.14446387,101.90542,1.1564487,0.5609013353579968,0.5609013353579968,38.788798035637676
MG,ANA,1942032,Naque Velho,-19.1886,-42.4228,240.0,1986.0,1999.0,14.0,842.329,0.209,11.609,0.709,4919.3516,0.13599128,49.989525,1.0384017,0.683223114784828,0.683223114784828,33.81410983795376
MG,ANA,1943002,Conceição do Mato Dentro (ANEEL),-19.0167,-43.4442,675.0,1973.0,1999.0,27.0,9459.772,0.23,34.548,1.221,3922.501,0.16309792,48.826065,1.0120745,0.6778147901327447,0.6778147901327447,37.887381379382376
MG,ANA,1943003,Ferros,-19.2503,-43.0144,470.0,1972.0,1999.0,27.0,1365.299,0.171,16.667,0.807,5118.883,0.16536269,57.50717,1.0434506,0.8176361118208435,0.8176361118208435,23.05490746116347
MG,ANA,1943009,Vespasiano,-19.6872,-43.9208,676.0,1973.0,1999.0,25.0,1463.173,0.184,17.791,0.843,4058.8718,0.18872397,57.54981,1.008743,0.8575241501912216,0.8575241501912216,19.730375047942886
MG,ANA,1943010,Caeté,-19.90279999,-43.6664,825.0,1975.0,1999.0,24.0,902.136,0.189,15.774,0.716,4632.554,0.17132026,51.26862,1.003665,0.9523044314622164,0.9523044314622164,11.52681296938635
MG,ANA,1943025,Morro do Pilar,-19.2175,-43.3742,560.0,1974.0,1999.0,26.0,1645.627,0.188,25.051,0.819,4562.0586,0.17149939,53.14213,1.0231072,0.830528126718453,0.830528126718453,22.815871478433966
MG,ANA,1943035,Vau da Lagoa,-19.2189,-43.58809999,1090.0,1976.0,1999.0,23.0,837.596,0.186,5.391,0.763,3916.722,0.17250372,51.266426,1.0124502,0.7894294332263638,0.7894294332263638,25.66095978263719
MG,ANA,1943049,Ponte Raul Soares,-19.5614,-43.9178,652.0,1980.0,1998.0,18.0,3316.813,0.235,32.054,1.006,3747.4248,0.18855017,54.527252,1.0022095,0.7857112099711003,0.7857112099711003,26.872590911181227
MG,ANA,1944004,Ponte Nova do Paraopeba (Betim),-19.9489,-44.4722,721.0,1974.0,1998.0,24.0,3317.441,0.175,30.14,0.951,3696.76,0.18271415,45.045055,0.9729321,0.923808819769373,0.923808819769373,16.330280586364918
MG,ANA,1944009,Pedro Leopoldo,-19.63439999,-44.0533,698.0,1987.0,1999.0,13.0,925.109,0.196,11.264,0.761,4412.6865,0.18818644,60.675266,1.0155264,0.8422059970146618,0.8422059970146618,21.331830809793942
MG,ANA,1944016,Sete Lagoas,-19.46666667,-44.25,780.0,,,19.0,1590.06,0.16,15.0,0.86,3345.4666,0.20525466,48.54983,0.99129814,0.8898022971280879,0.8898022971280879,17.519170454574258
MG,ANA,1944021,Velho da Taipa,-19.6961,-44.9294,585.0,1980.0,1999.0,18.0,1958.651,0.22,16.239,0.919,2484.483,0.20026377,32.331017,0.9614278,0.8269047379128786,0.8269047379128786,26.774967947878604
MG,ANA,1944027,Juatuba,-19.9556,-44.3344,716.0,1980.0,1999.0,16.0,6985.577,0.226,46.471,1.092,4144.2593,0.1883597,50.87934,0.9887008,0.8686714662213251,0.8686714662213251,23.310123123577416
MG,ANA,1944032,SE Pitangui,-19.6844,-44.8789,696.0,1974.0,1999.0,25.0,909.652,0.178,9.89,0.754,2643.6174,0.19341172,34.668324,0.96561176,0.9288128157292944,0.9288128157292944,13.994803375973124
MG,ANA,1944049,Papagaios,-19.4283,-44.7197,703.0,1975.0,1999.0,25.0,1272.181,0.2,18.22,0.791,2559.4905,0.17454836,35.06154,0.9682339,0.751659256716754,0.751659256716754,28.460715030656704
MG,ANA,1944051,Florestal (Esc. Agron.),-19.8667,-44.4167,749.0,1986.0,1999.0,14.0,1127.442,0.139,12.655,0.787,3989.1401,0.17974347,48.63751,0.9831893,0.974632277906353,0.974632277906353,7.492085894327473
MG,ANA,1945012,Luz,-19.8167,-45.7,675.0,1975.0,1999.0,25.0,1084.147,0.171,12.327,0.76,1723.8262,0.15552545,16.500986,0.88695353,0.954390544918536,0.954390544918536,11.931956593387856
MG,ANA,1945017,PCH Gafanhoto Porto Pará,-19.28689999,-45.09329999,544.0,1973.0,1999.0,27.0,777.016,0.162,12.738,0.69,2849.8582,0.17662537,30.926476,0.9695813,0.9854583850549695,0.9854583850549695,5.77865828578624
MG,ANA,1946007,Fazenda São Mateus,-19.5167,-46.5711,870.0,1973.0,1999.0,26.0,1197.97,0.187,11.112,0.819,1809.0554,0.16344287,17.46589,0.9153168,0.9423022587029071,0.9423022587029071,13.475212306394313
MG,ANA,1946008,Serra do Salitre,-19.1128,-46.6883,1220.0,1974.0,1999.0,26.0,5786.512,0.192,35.268,1.077,1728.8353,0.14228481,14.9257345,0.91790676,0.8179377892898303,0.8179377892898303,26.082055353597543
MG,ANA,1946009,São Gotardo,-19.3153,-46.0444,1100.0,1974.0,1999.0,26.0,5154.329,0.21,28.923,1.072,1857.6259,0.14985402,16.118017,0.9263216,0.77687830586422,0.77687830586422,32.19795993521478
MG,ANA,1946015,Araxá,-19.60559999,-46.9497,1020.0,1983.0,1999.0,17.0,2500.0,0.154,27.096,0.912,2101.9858,0.14005195,23.307838,0.9404045,0.8734431956574996,0.8734431956574996,18.069683215375555
MG,ANA,1946022,Carmo do Paranaíba,-19.0033,-46.3061,1067.0,1974.0,1999.0,26.0,809.788,0.169,13.193,0.71,2329.5127,0.15103064,20.292053,0.96143407,0.9743469198419868,0.9743469198419868,7.618939258823046
MG,ANA,1947001,Santa Juliana,-19.3158,-47.5261,950.0,1975.0,1999.0,24.0,853.403,0.161,12.747,0.706,1274.003,0.15269883,19.151731,0.87904966,0.7207901596143924,0.7207901596143924,26.33187144597941
MG,ANA,1947013,PCH Pai Joaquim Barramento,-19.4858,-47.5417,832.0,1977.0,1998.0,22.0,2150.903,0.177,19.901,0.896,1501.6903,0.16305056,22.461557,0.90101445,0.6628835299925573,0.6628835299925573,34.356562171839066
MG,ANA,1947016,Uberaba,-19.7667,-47.9333,743.0,1982.0,1999.0,18.0,2400.0,0.164,31.194,0.867,4024.2573,0.2224565,44.668724,1.0405015,0.8941222815638195,0.8941222815638195,17.96395695548259
MG,ANA,1947021,UHE Nova Ponte,-19.1167,-47.6667,937.0,1986.0,1999.0,14.0,3865.965,0.147,35.838,0.971,967.9506,0.16231832,14.242626,0.8395925,0.7153082186217095,0.7153082186217095,27.590486755394043
MG,ANA,2041044,Caparaó,-20.5167,-41.8667,843.0,1986.0,1999.0,13.0,1088.097,0.14,13.969,0.782,8104.385,0.14544879,87.043976,1.1074891,0.7532692777072425,0.7532692777072425,22.209968788953383
MG,ANA,2042008,Raul Soares,-20.1036,-42.43999999,305.0,1973.0,1999.0,26.0,1289.065,0.189,12.647,0.832,14836.975,0.1763681,111.58157,1.1874868,0.6700466362050761,0.6700466362050761,32.02805207439614
MG,ANA,2042018,Ponte Nova Jusante,-20.38469999,-42.9028,350.0,1974.0,1999.0,25.0,9920.044,0.197,46.664,1.147,10030.554,0.16847521,97.97641,1.1292849,0.5028026290432858,0.5028026290432858,45.81941015269853
MG,ANA,2042024,Viçosa,-20.75,-42.85,712.0,1981.0,1999.0,19.0,3510.725,0.223,29.319,0.995,9470.678,0.16066352,102.7493,1.1243718,0.41046715063637584,0.41046715063637584,49.6841701992345
MG,ANA,2042033,Fazenda Três Marias,-20.0167,-42.5667,363.0,1986.0,1999.0,13.0,731.981,0.228,3.999,0.711,13570.033,0.17057078,106.04294,1.1706102,0.4661868771980855,0.4661868771980855,51.18256103456129
MG,ANA,2043002,Lagoa Grande (MMV),-20.1792,-43.9428,1350.0,1985.0,1999.0,15.0,1200.0,0.215,23.151,0.765,3833.9514,0.22297417,44.010456,0.9722793,0.9959407208452369,0.9959407208452369,3.5941475842435584
MG,ANA,2043009,Acaiaca - Jusante,-20.3625,-43.1439,423.0,1973.0,1999.0,26.0,766.466,0.191,8.951,0.701,8596.345,0.17164832,92.59497,1.1092919,0.6085522138592924,0.6085522138592924,35.123594530781105
MG,ANA,2043010,Piranga,-20.6906,-43.2994,620.0,1975.0,1999.0,25.0,1031.255,0.172,13.92,0.745,6137.1704,0.16809319,82.69888,1.0756068,0.5367133216203015,0.5367133216203015,36.58854191391696
MG,ANA,2043013,Congonhas - Linigrafo,-20.52189999,-43.82999999,871.0,1973.0,1999.0,27.0,3359.638,0.221,25.101,1.026,3195.49,0.19825275,35.345573,0.9812676,0.954137010061932,0.954137010061932,12.896572643186383
MG,ANA,2043018,Carandaí,-20.9558,-43.8008,1057.0,1976.0,1999.0,21.0,2413.956,0.181,24.472,0.939,3498.8452,0.16925433,42.45328,0.99743724,0.9082063079648088,0.9082063079648088,15.7307479066962
MG,ANA,2043026,Braz Pires,-20.8475,-43.2419,632.0,1974.0,1999.0,24.0,4645.625,0.185,34.958,1.046,4385.9487,0.1599679,63.46387,1.0258276,0.6753109779402524,0.6753109779402524,30.93105541805698
MG,ANA,2043063,UHE Peti São Gonçalo do Rio Acima,-20.0253,-43.5392,1250.0,1990.0,1999.0,10.0,801.119,0.167,6.251,0.706,4136.971,0.19481018,50.262997,1.0056263,0.883216539559388,0.883216539559388,19.575792501751796
MG,ANA,2044007,Entre Rios de Minas,-20.6611,-44.0722,840.0,1973.0,1999.0,27.0,3655.166,0.172,27.646,1.004,2502.1619,0.20753193,25.555367,0.94797695,0.9955683612294799,0.9955683612294799,3.710408811635125
MG,ANA,2044021,Alto da Boa Vista,-20.1056,-44.4011,905.0,1991.0,2017.0,21.0,1123.0,0.103,13.0,0.7594,2761.9324,0.1820384,34.04286,0.9417369,0.9588799597026021,0.9588799597026021,9.086468814179122
MG,ANA,2044024,Fazenda Curralinho,-20.0075,-44.33109999,786.0,1987.0,1999.0,13.0,4784.31,0.211,34.152,1.066,3552.1003,0.19343139,44.43434,0.97112244,0.960255989712054,0.960255989712054,11.561830840772373
MG,ANA,2044042,Carmo da Mata,-20.5625,-44.8675,749.0,1975.0,1999.0,24.0,692.012,0.204,9.714,0.688,1708.8314,0.21969852,18.989553,0.9100225,0.9885880746801162,0.9885880746801162,5.800547564568716
MG,ANA,2044046,Bonfim,-20.3333,-44.25,930.0,1977.0,1999.0,23.0,2004.267,0.168,16.731,0.907,2734.5693,0.16731739,30.626127,0.9501477,0.9543552839418682,0.9543552839418682,11.905854175512623
MG,ANA,2044054,Serra Azul,-20.0867,-44.4272,817.0,1990.0,2019.0,29.0,2326.0,0.1423,28.2,0.8882,2899.1775,0.18470745,39.867554,0.9583067,0.9634268559321141,0.9634268559321141,9.250406566683152
MG,ANA,2045002,Iguatama,-20.1789,-45.7003,606.0,1981.0,1999.0,18.0,819.687,0.194,10.121,0.741,2255.4873,0.16591702,31.435371,0.93122053,0.8977306604875886,0.8977306604875886,16.605156873180977
MG,ANA,2045004,Santana do Jacaré,-20.905,-45.125,776.0,1973.0,1999.0,26.0,3628.1,0.171,29.525,1.011,901.5707,0.19296879,15.638396,0.83512133,0.7878382090687872,0.7878382090687872,23.730268204913184
MG,ANA,2045012,Piumhi,-20.4619,-45.945,806.0,1975.0,1999.0,23.0,2049.118,0.168,16.674,0.913,1277.6672,0.15687768,19.686869,0.86665666,0.7468316695152849,0.7468316695152849,28.129052733940593
MG,ANA,2045013,Santo Antonio do Monte,-20.0844,-45.2967,950.0,1977.0,2010.0,33.0,1496.37,0.119,16.33,0.8085,1920.324,0.15847963,26.324516,0.9156007,0.887720624341989,0.887720624341989,16.524122308467906
MG,ANA,2045023,Bambuí,-20.0,-45.9833,661.0,1983.0,1999.0,17.0,978.205,0.187,17.83,0.722,1754.4448,0.17258207,20.943602,0.89597964,0.9229209349044806,0.9229209349044806,14.784216991103987
MG,ANA,2048042,UHE Volta Grande Barramento,-20.03389999,-48.2222,501.0,1977.0,1999.0,23.0,2618.624,0.165,31.915,0.888,7104.499,0.21345507,56.552586,1.1183707,0.9231503876808284,0.9231503876808284,15.288856824188041
MG,ANA,2142006,Usina Maurício,-21.47139999,-42.81309999,214.0,1997.0,2014.0,17.0,1450.4,0.1848,12.9,0.8231,6526.1997,0.15719764,90.90934,1.0795697,0.33460487231559,0.33460487231559,51.495804377393426
MG,ANA,2142009,Jussara,-20.9114,-42.3481,419.0,1991.0,2013.0,22.0,2025.9,0.157,22.0,0.8914,6054.2495,0.14733662,79.1867,1.0612217,0.6720306843870169,0.6720306843870169,28.690238814980386
MG,ANA,2143003,Desterro de Melo,-21.1492,-43.52,780.0,1976.0,1999.0,23.0,3077.737,0.16,34.357,0.908,5893.8965,0.13487826,78.129906,1.068257,0.38226112253975697,0.38226112253975697,44.379113689249245
MG,ANA,2143018,Rio Novo,-21.4725,-43.1211,397.0,1991.0,2015.0,24.0,2066.0,0.179,13.2,0.9057,5471.381,0.1698329,84.40389,1.0677375,0.30233620458231525,0.30233620458231525,55.53982494208056
MG,ANA,2143055,Barbacena,-21.25,-43.7667,1155.0,1983.0,1999.0,17.0,3000.0,0.208,23.08,1.003,5589.157,0.15624757,73.6844,1.0588585,0.5903601529784996,0.5903601529784996,37.437684567973065
MG,ANA,2143056,Juiz de Fora,-21.76719999,-43.3136,950.0,1986.0,1999.0,13.0,3000.0,0.173,23.965,0.96,4122.2773,0.14463578,63.053886,1.0348372,0.4191112536617283,0.4191112536617283,44.76079179593581
MG,ANA,2144001,Bom Jardim de Minas,-21.94719999,-44.19389999,1075.0,1975.0,1999.0,25.0,3195.314,0.203,30.111,1.011,3086.95,0.13509442,27.39672,0.9998817,0.9360642678621292,0.9360642678621292,12.766458050964744
MG,ANA,2144005,Itumirim,-21.32079999,-44.8728,807.0,1973.0,1999.0,27.0,4159.341,0.179,33.817,1.005,4232.594,0.12936316,30.198912,1.0380071,0.9070392317428912,0.9070392317428912,17.371153279491132
MG,ANA,2144007,Madre de Deus de Minas,-21.4922,-44.32609999,875.0,1975.0,1999.0,24.0,1193.646,0.18,11.303,0.8,2449.5664,0.16324472,18.274324,0.97149265,0.9633364098167505,0.9633364098167505,11.02046166436555
MG,ANA,2144018,Aiuruoca,-21.9772,-44.6033,966.0,1974.0,1999.0,26.0,8394.51,0.205,40.691,1.165,3154.8364,0.18902615,22.311743,0.99573576,0.9954261096102277,0.9954261096102277,3.984934317543771
MG,ANA,2144019,Andrelândia,-21.7347,-44.31219999,897.0,1975.0,1999.0,24.0,3306.25,0.178,33.972,0.944,3046.9875,0.17113912,25.979332,1.0052513,0.9136000590568326,0.9136000590568326,16.71869310496147
MG,ANA,2144023,Ibituruna,-21.1431,-44.7378,799.0,1974.0,1998.0,24.0,2808.539,0.174,26.892,0.933,2298.3574,0.17283691,12.354671,0.94574213,0.9620270585170244,0.9620270585170244,11.119679293426108
MG,ANA,2144026,Macaia,-21.145,-44.9136,761.0,1973.0,1999.0,24.0,2579.574,0.205,21.318,0.995,1891.6628,0.15926223,17.475576,0.921684,0.9747930015840854,0.9747930015840854,8.498499518356999
MG,ANA,2144032,São João Del Rei,-21.13329999,-44.2667,991.0,1986.0,1999.0,13.0,1050.322,0.174,16.061,0.777,2445.207,0.17764962,13.667088,0.9420637,0.6470693370571547,0.6470693370571547,27.99677274727819
MG,ANA,2144036,Caxambu,-21.9833,-44.95,959.0,1984.0,1999.0,16.0,2534.108,0.215,25.804,0.97,2911.2947,0.21521762,21.820631,0.9875623,0.9334538378680335,0.9334538378680335,13.84890813053845
MG,ANA,2145008,Fazenda Juca Casimiro,-21.87419999,-45.25829999,875.0,1973.0,1999.0,25.0,6058.805,0.22,32.869,1.09,1871.811,0.2154486,16.627213,0.9306852,0.9114837955963184,0.9114837955963184,21.172234343356156
MG,ANA,2145033,Machado,-21.66669999,-45.91669999,873.0,1983.0,1999.0,17.0,3811.29,0.207,20.34,1.075,828.6707,0.20752408,10.863465,0.8089891,0.8467295406680069,0.8467295406680069,24.069209379124388
MG,ANA,2145036,Lavras,-21.2333,-45.0,920.0,1981.0,1999.0,19.0,10224.81,0.187,56.281,1.149,1961.966,0.16120356,19.695837,0.9278684,0.9143572873528019,0.9143572873528019,15.967433204999608
MG,ANA,2146103,Caldas,-21.92579999,-46.3889,1100.0,1988.0,1999.0,12.0,3600.0,0.194,46.187,0.91,922.4671,0.20599052,15.480603,0.82985365,0.5960657376150416,0.5960657376150416,39.198696276025196
MG,ANA,2245064,Delfim Moreira,-22.50969999,-45.2867,1350.0,1974.0,1999.0,25.0,1005.939,0.158,16.605,0.824,1115.1576,0.24591234,5.7488008,0.8789942,-0.13077098474948423,-0.13077098474948423,38.14562885341039
MG,ANA,2245065,Cristina - Montante,-22.2103,-45.26579999,990.0,1975.0,1999.0,24.0,1961.391,0.181,24.802,0.882,1739.7239,0.23095953,13.670249,0.9156127,0.8919286251113961,0.8919286251113961,16.93348334134279
MG,ANA,2245088,Maria da Fé,-22.31469999,-45.3731,1200.0,1974.0,1999.0,26.0,1198.222,0.172,11.101,0.851,1330.2765,0.22184615,10.8824625,0.8934893,0.9463942120788578,0.9463942120788578,11.096815078466838
MG,ANA,2245089,Silvianópolis,-22.03419999,-45.83529999,900.0,1974.0,1999.0,26.0,666.894,0.184,20.877,0.635,997.1482,0.19271067,11.903355,0.84279424,0.8907353009293476,0.8907353009293476,14.986471910717183
MG,ANA,2245107,São Lourenço,-22.1,-45.0167,900.0,1986.0,1999.0,14.0,1125.279,0.175,7.1,0.845,2542.4417,0.22627024,16.26997,0.9550725,0.6202002565083149,0.6202002565083149,32.69377051727411
MG,-,-,Passa Quatro,-22.38333333,-44.96666667,917.0,,,11.0,530.52,0.2,3.0,0.72,2164.769,0.2602066,13.552231,0.9383332,-0.29230231495463843,-0.29230231495463843,52.43842288760583
MS,ANA,2053000,Ribas do Rio Prado,-20.4447,-53.7581,373.0,2000.0,2017.0,17.0,3217.5,0.1515,22.14,0.9418,4515.534,0.14947087,64.65933,1.0623817,0.24446519564102598,0.24446519564102598,56.47836268796241
MS,ANA,2054000,Campo Grande (INMET),-20.45,-54.63333333,530.0,1973.0,2009.0,29.0,2575.12,0.16,19.87,0.93,3521.316,0.1829052,39.78012,1.0018106,0.8642818595410815,0.8642818595410815,21.78712926908953
MS,-,-,Dourados (Embrapa),-22.26666667,-54.81666667,,1979.0,2004.0,25.0,2455.13,0.18,28.14,0.88,10196.728,0.14209864,99.21608,1.1407923,0.35609124361192457,0.35609124361192457,48.52517098968009
MT,ANA,956000,Alta Floresta,-9.8703,-56.1022,400.0,2000.0,2010.0,10.0,4766.289,0.098,29.239,1.036,2042.3367,0.12506534,16.397926,0.91827106,0.9923594492285239,0.9923594492285239,4.200880926371845
MT,ANA,956001,Jusante Foz Peixoto de Azevedo,-9.6433,-56.01859999,290.0,2002.0,2012.0,10.0,3407.41,0.163,19.952,1.029,1731.3644,0.13476864,12.140837,0.89468,0.9856528320384972,0.9856528320384972,6.667973192881148
MT,ANA,1059000,Humboldt,-10.1753,-59.4517,242.0,2002.0,2012.0,10.0,470.837,0.112,4.347,0.58,3547.9526,0.14789745,37.676727,1.0155329,0.9331541001277166,0.9331541001277166,10.820678912854492
MT,ANA,1157000,Porto dos Gaúchos,-11.5358,-57.4172,260.0,2000.0,2011.0,11.0,5979.295,0.131,48.214,1.022,1957.1073,0.14301601,21.779642,0.9279514,0.8671022630186356,0.8671022630186356,18.24572476450873
MT,ANA,1454000,Paranatinga,-14.4178,-54.04939999,484.0,2000.0,2010.0,10.0,9895.483,0.124,46.84,1.174,1634.0928,0.18017343,21.230518,0.92701775,0.9451490044151309,0.9451490044151309,10.400710022039204
MT,ANA,1556003,Várzea Grande,-15.6,-56.1,223.0,,,13.0,1016.453,0.133,7.5,0.739,293.6335,0.14530733,1.8155488e-09,0.70253026,0.20031411655842057,0.20031411655842057,50.14982057280003
MT,ANA,1556009,Cuiabá,-15.6067,-56.06029999,151.0,1972.0,2003.0,18.0,1382.435,0.3002,27.7109,0.9315,310.86172,0.14639068,1.275557e-09,0.7146551,0.551652592424966,0.551652592424966,30.50203685830462
MT,ANA,1559006,Mato Grosso,-15.0081,-59.94919999,209.0,2002.0,2012.0,10.0,987.684,0.207,13.729,0.832,2392.253,0.17708543,35.368256,0.9818371,0.9023443244799825,0.9023443244799825,13.862347362484014
MT,ANA,1652001,Ponte Branca,-16.7664,-52.8372,380.0,2000.0,2012.0,12.0,10828.492,0.086,47.69,1.19,865.16675,0.1556826,7.2021832,0.83109003,0.9510119803592176,0.9510119803592176,8.733277555369698
MT,ANA,1653004,Alto Garças,-16.9442,-53.5336,564.0,2000.0,2012.0,12.0,6037.949,0.182,17.764,1.178,811.0683,0.17465477,2.6815194e-08,0.82453096,0.9295158708818473,0.9295158708818473,17.76248477938395
MT,ANA,1654000,Rondonópolis,-16.4711,-54.6561,220.0,2000.0,2010.0,10.0,14615.726,0.207,39.234,1.331,420.76794,0.18194811,1.8235193e-06,0.73818904,0.7649853197261007,0.7649853197261007,26.534138981625084
MT,ANA,1657003,Cáceres (DNPVN),-16.0817,-57.6942,110.0,1990.0,2005.0,12.0,5378.867,0.2151,93.244,1.0368,2584.794,0.18467292,37.443226,0.98269266,0.9641446044309903,0.9641446044309903,6.3788037400862745
MT,ANA,1753000,Alto Araguaia,-17.3,-53.2194,659.0,2000.0,2012.0,12.0,7339.183,0.121,37.977,1.161,658.137,0.15945153,0.4392929,0.78094447,0.9310570061585115,0.9310570061585115,10.724467996225677
MT,ANA,1853000,Fazenda Taquari,-17.8111,-53.28889999,845.0,2000.0,2012.0,12.0,7964.394,0.228,21.612,1.351,667.184,0.18236803,5.645349,0.77985835,0.9683997262757665,0.9683997262757665,8.779312563641017
MT,-,-,Cuiabá,-15.55,-56.11666667,179.0,,,13.0,2350.99,0.2,19.0,0.9,270.51483,0.1359259,4.577579e-09,0.68430316,-0.03500714677133754,-0.03500714677133754,72.3042909137714
PA,INMET,82246,Belterra,-2.633333,-54.95,176.0,1988.0,2017.0,30.0,1310.41,0.1064,9.7941,0.7244,2113.9917,0.116397485,57.436745,0.92652094,-0.06839217928664332,-0.06839217928664332,66.56420101676827
PA,ANA,254000,Santarém,-2.4433,-54.7025,51.0,1990.0,2010.0,20.0,2980.0,0.0931,27.0,0.8835,751.65656,0.1265537,20.140556,0.7801958,0.27807619644199066,0.27807619644199066,46.33440584982638
PA,ANA,254001,Santarém - Taperinha,-2.41666667,-54.33333333,20.0,,,26.0,1712.51,0.19,15.0,0.84,783.6241,0.16352788,17.6913,0.7932738,0.348834559522083,0.348834559522083,54.763587268244265
PA,ANA,651002,Projeto Tucumã,-6.7444,-51.1492,219.0,1986.0,2013.0,17.0,3171.5,0.1708,3.1,0.9353,762.2934,0.1411127,9.705023,0.80537474,-0.07679745277557726,-0.07679745277557726,138.72900883573644
PA,-,-,Alto Tapajós,-7.33333333,-57.5,140.0,,,21.0,1562.35,0.2,11.0,0.82,485.58337,0.115953624,1.6512526,0.7321891,0.2263861320181657,0.2263861320181657,67.57352745834437
PA,-,-,Belém,-1.45,-48.46666667,5.0,,,20.0,1373.85,0.15,15.0,0.8,781.90906,0.1913144,16.097797,0.80432075,0.6557649901297924,0.6557649901297924,31.50844000596335
PB,-,-,São Gonçalo,-6.76666667,-38.23333333,235.0,,,16.0,3077.38,0.14,30.0,0.93,604.1867,0.16773574,2.2244248e-11,0.74783224,0.9092960324306022,0.9092960324306022,15.795988927802142
PE,Cindacta III,82899,Aeroporto de Recife,-8.11333,-35.01528,76.0,1968.0,2007.0,40.0,1423.97,0.1124,21.0,0.7721,822.6625,0.19995299,5.507732e-12,0.7685833,0.5435583939737623,0.5435583939737623,31.53797933569177
PE,ANA,735086,Vertentes,-7.9167,-35.9833,401.0,,,14.0,2282.3,0.17,17.913,0.909,485.19516,0.19251274,1.1310713e-10,0.7876377,0.6079030297219226,0.6079030297219226,38.51535051447565
PE,ANA,737037,Tabira,-7.5833,-37.55,580.0,,,10.0,599.973,0.103,7.628,0.632,571.20087,0.15678747,1.2267817e-10,0.79421085,0.8705757234003729,0.8705757234003729,14.666274964596688
PE,ANA,738030,Serra Talhada,-7.98333,-38.3,435.0,,,11.0,764.167,0.76,12.879,0.66,645.1832,0.18494639,1.6860842e-10,0.8093805,-0.3825592342562545,-0.3825592342562545,805.5869442635172
PE,ANA,740014,Araripina,-7.55,-40.5667,620.0,,,10.0,387.23,0.143,0.725,0.609,816.2653,0.20321275,24.1513,0.8333564,0.739715292016521,0.739715292016521,20.467996804075238
PE,ANA,740024,Serrolândia,-7.4167,-40.1833,720.0,,,11.0,947.444,0.116,11.767,0.749,250.02295,0.19115928,1.11222036e-07,0.66780734,0.5956937052398587,0.5956937052398587,26.831387079332075
PE,ANA,835007,Bezerros,-8.2333,-35.75,471.0,1970.0,1989.0,19.0,768.7,0.24,9.0,0.824,482.4767,0.25528216,2.1853432e-13,0.7890319,0.984382405366909,0.984382405366909,5.787258342200286
PE,ANA,835027,Glória do Goita,-8.0,-35.29999999,200.0,1970.0,1990.0,20.0,565.2,0.2333,17.0,0.7533,567.54297,0.21880357,1.6927271e-10,0.78568304,0.5793982884644988,0.5793982884644988,21.887155916900877
PE,ANA,836004,Belo Jardim,-8.33333,-36.45,616.0,,,11.0,2178.87,0.123,22.834,0.875,471.30078,0.22592442,1.8278829e-13,0.7945198,0.7792048463991874,0.7792048463991874,23.350141520489828
PE,ANA,837003,Arcoverde (Rio Branco),-8.43329999,-37.06669999,663.0,1969.0,1986.0,17.0,1116.5,0.257,19.0,0.8837,578.924,0.21838035,0.5010358,0.80903536,0.957590808872191,0.957590808872191,9.18250111474774
PE,ANA,837011,Custódia,-8.1,-37.65,542.0,,,11.0,3112.238,0.122,26.796,0.935,491.1319,0.16473724,1.9293053e-11,0.80306053,0.5624621753725094,0.5624621753725094,34.551511317459585
PE,ANA,839017,Salgueiro,-8.0667,-39.1167,415.0,,,10.0,1719.692,0.11,16.676,0.795,745.0934,0.17055678,3.7551073e-10,0.82012177,0.8295104105222261,0.8295104105222261,23.538601655774027
PE,ANA,840013,Jutaí,-8.6333,-40.2333,361.0,,,10.0,395.531,0.133,1.34,0.565,1024.4584,0.19395019,1.316376,0.8758795,0.7908904857901026,0.7908904857901026,19.783726319590226
PE,SUDENE,3878358,Catende,-8.66694,-35.71694,168.0,1965.0,1975.0,11.0,743.4,0.267,12.0,0.8155,791.12085,0.2237535,3.7239432,0.8126972,0.9121431105235779,0.9121431105235779,13.863113051106927
PE,-,-,Nazaré,-7.73333333,-35.25,87.0,,,19.0,421.19,0.23,4.0,0.68,655.02905,0.21248762,5.885981e-11,0.7833111,0.8649874840101992,0.8649874840101992,16.311032416245023
PI,ANA,342004,Luzilândia (Porto Alegre),-3.4667,-42.3667,20.0,1966.0,1995.0,18.0,3480.4,0.1546,32.7,0.9615,4403.267,0.16134742,43.74006,1.0431818,0.8703754052882294,0.8703754052882294,18.95140609216745
PI,ANA,442004,Campo Maior,-4.8167,-42.1833,125.0,1979.0,1994.0,15.0,1738.6,0.1363,22.3,0.838,2499.164,0.14778127,31.404675,0.97793686,0.8115273341501853,0.8115273341501853,20.797281955673203
PI,ANA,542012,Teresina,-5.0878,-42.79919999,100.0,1982.0,2015.0,33.0,2491.6,0.142,20.0,0.8943,2468.1753,0.13284351,31.62081,0.9699648,0.5585668842227118,0.5585668842227118,40.269032566204324
PI,ANA,742002,Oeiras,-7.0167,-42.13329999,170.0,1964.0,1995.0,26.0,2521.4,0.1654,31.3,0.9304,2055.9817,0.2292212,52.55163,0.9428847,0.7771358452082703,0.7771358452082703,21.64434042233894
PR,ANA,2349033,Tomazina,-23.76666667,-49.95,483.0,1979.0,1990.0,12.0,2676.7,0.149,29.0,0.931,4111.921,0.16196088,34.57516,1.01196,0.993732486295076,0.993732486295076,3.790761792150379
PR,ANA,2350018,Bandeirantes,-23.1,-50.35,440.0,,,20.0,1077.21,0.157,10.0,0.781,3496.5535,0.20974456,33.61403,0.98543745,0.9578329181356439,0.9578329181356439,10.820518743157098
PR,ANA,2350068,Cambará,-23.0,-50.03333333,450.0,1964.0,1990.0,27.0,1772.96,0.126,17.0,0.867,3169.087,0.19420093,31.297298,0.9784198,0.9579107258503005,0.9579107258503005,9.913099078912646
PR,ANA,2352017,Paranavaí,-23.08333333,-52.43333333,480.0,1975.0,1985.0,11.0,2808.67,0.104,33.0,0.93,3063.1038,0.15367478,68.27106,0.95253223,0.8083781548371863,0.8083781548371863,17.46299361863236
PR,ANA,2352019,Cianorte,-23.66666667,-52.58333333,530.0,1972.0,1984.0,13.0,2115.81,0.145,22.0,0.849,4260.9507,0.14046645,70.54976,0.99471647,0.49494675895833795,0.49494675895833795,41.377333508324476
PR,ANA,2353053,Umuarama,-23.73333333,-53.28333333,480.0,1971.0,1987.0,16.0,1752.27,0.148,17.0,0.84,11023.224,0.16578062,92.61809,1.1237663,0.7746599195153299,0.7746599195153299,26.840733864081987
PR,ANA,2449013,Cerro Azul,-24.81666667,-49.25,443.0,1972.0,1990.0,19.0,1625.55,0.138,18.0,0.86,3894.5913,0.1847685,36.041077,1.0123142,0.9681412344453474,0.9681412344453474,8.232400557368981
PR,ANA,2450011,Telêmaco Borba,-24.33333333,-50.61666667,768.0,1977.0,1987.0,11.0,3235.19,0.163,24.0,0.968,4650.809,0.17121175,29.998697,1.0333979,0.9991814171110657,0.9991814171110657,1.6957264445776836
PR,ANA,2451014,Ivaiporã,-24.25,-51.65,360.0,,,16.0,676.71,0.158,1.0,0.726,6913.745,0.2002706,55.350716,1.0600088,0.8939077560429882,0.8939077560429882,17.533824200424807
PR,ANA,2452013,Nova Cantu,-24.66666667,-52.56666667,520.0,,,20.0,2778.43,0.149,24.0,0.94,9378.683,0.1157526,71.77249,1.0994081,0.8480200151908529,0.8480200151908529,20.883219168635947
PR,ANA,2452061,Palmital,-24.88333333,-52.21666667,890.0,1979.0,1990.0,12.0,1548.46,0.13,16.0,0.834,8688.891,0.16516033,72.485565,1.0781121,0.964139162710627,0.964139162710627,9.294810233761583
PR,ANA,2453023,Cascavel,-24.93333333,-53.43333333,760.0,1972.0,1985.0,14.0,1062.92,0.141,5.0,0.776,22857.484,0.17483683,99.09739,1.2160095,0.9026606278580573,0.9026606278580573,18.379515253078292
PR,ANA,2548000,Morretes,-25.46669999,-48.8333,8.0,1965.0,1987.0,23.0,2160.23,0.155,24.0,0.89,3340.4873,0.22608791,33.515854,0.9570009,0.8001808403969966,0.8001808403969966,22.782069381692423
PR,ANA,2549001,Porto Amazonas,-25.55,-49.88333333,793.0,,,15.0,2543.31,0.196,27.0,0.952,4526.9824,0.16282262,37.88624,1.0263228,0.9932922426075366,0.9932922426075366,4.273281919182265
PR,ANA,2549003,Rio da Várzea dos Lima,-25.95,-49.39305556,810.0,1989.0,2002.0,14.0,454.6,0.1423,0.0,0.6766,2856.613,0.14557704,33.117485,0.96494555,0.9624407239165144,0.9624407239165144,7.8844004705747865
PR,ANA,2550008,Ponta Grossa,-25.1,-50.16666667,869.0,,,30.0,1421.85,0.19,17.0,0.86,4111.411,0.19152567,30.286709,1.0165728,0.8970919887247593,0.8970919887247593,16.036770995954964
PR,ANA,2550025,Teixeiras Soares (Est. Exper.),-25.45,-50.58333333,893.0,,,28.0,959.18,0.177,9.0,0.789,5749.64,0.18229766,36.362465,1.0356491,0.7140948195504782,0.7140948195504782,27.138273952985244
PR,ANA,2550071,Ponta Grossa,-25.21666667,-50.01666667,880.0,1953.0,1989.0,37.0,1902.39,0.152,21.0,0.893,4047.2532,0.1734245,31.714752,1.0162151,0.9493464195206777,0.9493464195206777,10.584400417139227
PR,ANA,2553015,Planalto,-25.7,-53.76666667,400.0,1972.0,1989.0,18.0,1659.59,0.156,14.0,0.84,35458.395,0.19467457,107.77944,1.2630762,0.9273041813584063,0.9273041813584063,16.080641129910305
PR,ANA,2554026,São Miguel do Iguaçu,-25.18333333,-54.13333333,307.0,,,14.0,2886.0,0.124,26.0,0.927,48756.83,0.19078101,127.085884,1.315707,0.9276910640507012,0.9276910640507012,13.738860056473133
PR,ANA,2651006,Palmas,-26.48333333,-51.98333333,1091.0,,,18.0,1303.47,0.126,12.0,0.815,6461.444,0.17087345,58.287693,1.0467088,0.9587048247956171,0.9587048247956171,9.830969233167014
PR,ANA,2652003,Clevelândia,-26.41666667,-52.35,930.0,1972.0,1985.0,14.0,2553.88,0.166,24.0,0.917,7099.11,0.16896777,59.041595,1.0591999,0.9651483812159347,0.9651483812159347,10.621266675335352
PR,ANA,2652035,Pato Branco,-26.11666667,-52.68333333,700.0,1979.0,1989.0,11.0,879.43,0.152,9.0,0.732,9893.331,0.16192715,61.772358,1.0868359,0.9028411634447866,0.9028411634447866,15.788277464461428
PR,-,-,Curitiba,-25.41666667,-49.28333333,915.0,,,34.0,1790.34,0.2,13.0,0.9,3798.5754,0.16516943,35.056293,0.9887326,0.9324699272420174,0.9324699272420174,16.596735111290204
PR,-,-,Jacarezinho,-23.15,-50.01666667,471.0,,,11.0,1667.47,0.14,19.0,0.86,3214.3865,0.2250328,29.919914,0.97481704,0.710937564787369,0.710937564787369,24.994996714469032
PR,-,-,Paranaguá,-25.51666667,-48.5,4.0,,,24.0,637.22,0.2,6.0,0.65,2366.824,0.19804849,24.391024,0.9023763,0.9954793761542153,0.9954793761542153,4.1146269864717295
PR,-,-,Apucarana,-23.5,-51.53333333,870.0,,,18.0,1301.07,0.177,15.0,0.836,3983.6309,0.23511665,49.845978,0.9947419,0.9473492843747392,0.9473492843747392,11.423835862489003
PR,-,-,Francisco Beltrão,-26.08333333,-53.05,650.0,1973.0,1988.0,16.0,1012.28,0.182,9.0,0.76,11536.413,0.16953121,63.681755,1.1008564,0.9382338321361154,0.9382338321361154,14.836384082280563
PR,-,-,Guarapuava,-25.36472222,-51.51361111,950.0,1976.0,1985.0,10.0,1039.68,0.171,10.0,0.799,7127.6514,0.19532502,60.216053,1.066675,0.9482076248996941,0.9482076248996941,11.508923589657151
PR,-,-,Guaraqueçaba,-25.21666667,-48.33333333,22.0,,,15.0,1479.78,0.172,19.0,0.802,2511.845,0.15601079,28.354038,0.91216606,0.9653257387928388,0.9653257387928388,10.53297456986554
PR,-,-,Laranjeiras do Sul,-25.41666667,-52.41666667,850.0,1972.0,1989.0,18.0,771.97,0.148,8.0,0.726,8577.235,0.21425216,74.28861,1.0728393,0.8058162927189707,0.8058162927189707,20.263599540969206
PR,-,-,Londrina,-23.3,-51.15,569.0,1975.0,1985.0,11.0,3132.56,0.093,30.0,0.939,4297.907,0.20851068,43.56567,1.0008576,0.7833713613216504,0.7833713613216504,20.45666268135384
PR,-,-,Piraquara,-25.41666667,-49.13333333,900.0,1978.0,1987.0,10.0,1537.8,0.12,17.0,0.859,3244.9941,0.17129646,33.82974,0.9778704,0.9413932154176492,0.9413932154176492,10.2120993161773
PR,-,-,Santa Isabel do Ivaí,-23.0,-53.18333333,400.0,,,16.0,1824.73,0.166,17.0,0.892,5891.908,0.1629608,85.54331,1.0558945,0.6250647991178404,0.6250647991178404,32.22917780136699
PR,-,-,UHE Tibagi Montante Jusante,-24.5,-50.4,710.0,,,10.0,1592.58,0.136,11.0,0.882,4640.5625,0.18522227,28.706226,1.0315727,0.7899628430318851,0.7899628430318851,23.322438728453722
RJ,Alerta Rio,11,Irajá,-22.82694444,-43.33694444,,1998.0,2015.0,17.0,1642.0,0.1915,25.3,0.8445,2252.101,0.20363623,24.210098,0.9241166,0.9854695147392449,0.9854695147392449,6.130971821104228
RJ,INMET,83695,Itaperuna,-21.2,-41.9,129.0,1974.0,1989.0,16.0,4999.882,0.196,34.462,0.986,2333.011,0.15357794,43.382298,0.94344026,0.20862439358623375,0.20862439358623375,69.01399266587711
RJ,ANA,2141044,Campos,-21.75,-41.33333333,11.0,,,29.0,1467.4,0.17,10.0,0.84,1778.3055,0.191481,38.28962,0.9324549,0.46995574366330894,0.46995574366330894,45.489792388487174
RJ,ANA,2242019,Vargem Alta,-22.29939999,-42.4011,1100.0,1993.0,2007.0,14.0,1172.5,0.1652,9.0,0.7729,3962.821,0.19762473,40.08032,0.9888832,0.9558089844317388,0.9558089844317388,13.129831510884948
RJ,ANA,2242070,Nova Friburgo,-22.28333333,-42.53333333,831.0,,,27.0,2063.87,0.18,28.0,0.88,3689.0837,0.20826097,49.29905,0.99501973,0.961469602017504,0.961469602017504,10.005788732206215
RJ,ANA,2242074,Cordeiro,-22.03333333,-42.38333333,485.0,1974.0,1989.0,13.0,612.197,0.185,5.0,0.695,4024.4666,0.17944737,65.62207,1.0329921,0.6424794257505773,0.6424794257505773,30.086012730165603
RJ,ANA,2243004,Conservatória,-22.2875,-43.9294,550.0,1996.0,2013.0,17.0,1970.4,0.1468,19.0,0.8742,3002.4058,0.1462997,28.668716,0.9955133,0.8854037222315895,0.8854037222315895,18.138543794504002
RJ,ANA,2243008,Manuel Duarte,-22.08579999,-43.55669999,396.0,2001.0,2015.0,14.0,1994.9,0.1437,17.0,0.9011,2744.033,0.113711394,45.70273,1.0032566,0.39732121665464626,0.39732121665464626,39.9782799991069
RJ,ANA,2243011,Rio da Cidade,-22.4381,-43.1703,704.0,1997.0,2014.0,17.0,2655.6,0.1644,30.6,0.8862,1900.0632,0.13524126,24.53736,0.88823986,0.7973119684005012,0.7973119684005012,25.914620931797447
RJ,ANA,2243141,Bangu,-22.86666667,-43.45,40.0,,,21.0,2396.68,0.22,24.0,0.9,2757.1401,0.22285065,29.346748,0.9469997,0.9630857968710348,0.9630857968710348,13.370757535030842
RJ,ANA,2243186,Ecologia Agric. (Km 47),-22.76666667,-43.68333333,33.0,1974.0,1989.0,16.0,3812.02,0.218,34.565,0.999,2403.0562,0.28247386,28.175951,0.95474935,0.9780847193933186,0.9780847193933186,9.040418392224764
RJ,ANA,2244085,Volta Redonda,-22.48333333,-44.08333333,418.0,,,13.0,1707.29,0.15,12.0,0.84,3737.4236,0.15143506,27.258324,1.0138849,0.913883022820754,0.913883022820754,18.66306734545002
RJ,ANA,2244087,Resende,-22.48333333,-44.46666667,441.0,,,34.0,2393.05,0.17,18.0,0.9,3608.5625,0.19177932,23.266535,0.9968673,0.9981693288336358,0.9981693288336358,2.84005434707187
RJ,ANA,2244091,Alto do Itatiaia,-22.41666667,-44.83333333,2199.0,,,25.0,893.45,0.23,7.0,0.72,2021.8734,0.225971,14.835487,0.9381639,0.9431154421639956,0.9431154421639956,18.126723057820925
RJ,ANA,2244093,Pinheiral,-22.51666667,-44.0,385.0,,,26.0,2313.3,0.21,16.0,0.93,3303.393,0.19146332,26.141863,1.009485,0.8987324324054108,0.8987324324054108,22.573995746065883
RJ,-,-,Petrópolis,-22.51666667,-43.18333333,824.0,,,32.0,2187.74,0.15,29.0,0.85,2399.3105,0.15322417,24.197044,0.90581685,0.9938608885357535,0.9938608885357535,4.154210178404749
RJ,-,-,Teresópolis,-22.45,-42.91666667,874.0,,,33.0,934.49,0.25,17.0,0.76,1982.1394,0.15690139,22.859674,0.8998026,0.8925538693269807,0.8925538693269807,19.109900575685298
RJ,-,-,Vassouras,-22.4,-43.65,437.0,,,26.0,1366.08,0.2,11.0,0.85,2452.1611,0.33666036,30.915426,0.9714791,0.8380699712930952,0.8380699712930952,24.548195919577438
RJ,Geo-Rio,-,Campo Grande,-22.9,-43.56,,1997.0,2014.0,17.0,3763.91,0.22,72.8,0.9,2987.715,0.24273403,34.59504,0.966821,0.9675960711789542,0.9675960711789542,9.740206159646524
RJ,Geo-Rio,-,Cidade de Deus,-22.95,-43.36,,1997.0,2014.0,17.0,1306.84,0.19,19.46,0.79,2372.7783,0.21427555,25.214367,0.92873204,0.993356200196876,0.993356200196876,4.493512564370013
RJ,Geo-Rio,-,Gericinó,-22.52,-43.35,,1997.0,2009.0,12.0,11547.76,0.2,61.63,1.15,2608.0542,0.16274038,28.052217,0.9268946,0.9424695448043859,0.9424695448043859,14.274249191724124
RJ,Geo-Rio,-,Mendanha,-22.49,-43.31,,1997.0,2009.0,12.0,531.79,0.17,7.06,0.63,2735.8794,0.16941644,31.331131,0.93861896,0.9931585056910793,0.9931585056910793,3.8776361885610635
RJ,Geo-Rio,-,Riocentro,-22.98,-43.41,,1997.0,2014.0,17.0,1886.83,0.18,37.42,0.78,2789.2744,0.2288425,30.898754,0.9507646,0.9710699403207592,0.9710699403207592,9.842748481695654
RJ,Geo-Rio,-,Santa Cruz,-22.91,-43.68,,1997.0,2014.0,17.0,6455.6,0.17,45.89,1.05,2991.8657,0.24071245,37.080154,0.97614306,0.9686832301569226,0.9686832301569226,10.1938351188273
RO,ANA,863000,Porto Velho,-8.7667,-63.91669999,95.0,,,12.0,2362.74,0.12,24.0,0.86,2697.6147,0.13610078,31.216263,0.9607666,0.7822563409797765,0.7822563409797765,25.5946547270676
RO,ANA,964005,Jaciparaná,-9.25,-64.4,83.0,2002.0,2012.0,11.0,1012.9,0.1658,12.1,0.7118,933.8368,0.15192065,11.037881,0.8258939,0.5957369021473137,0.5957369021473137,38.18779423994502
RR,ANA,8161001,Caracaraí,1.8214,-61.1236,84.0,2001.0,2014.0,13.0,860.7,0.1635,0.0,0.7595,798.3995,0.13743599,22.920645,0.8061199,0.21460859822084777,0.21460859822084777,59.30570364008678
RS,ANA,2854011,São Luiz Gonzaga,-28.4,-54.96666667,245.0,,,22.0,1038.51,0.15,6.0,0.76,1912.7881,0.14303167,39.094902,0.8650127,0.6796706856673399,0.6796706856673399,33.99620459979485
RS,ANA,2950061,Morungava,-29.8508,-50.91029999,308.0,1993.0,2020.0,27.0,1138.7,0.1776,18.4,0.8037,5810.792,0.16791159,37.065086,1.0524175,0.7607065239426551,0.7607065239426551,21.910916972800468
RS,ANA,2951003,Bento Gonçalves,-29.15,-51.5167,640.0,1974.0,2013.0,40.0,704.7,0.1696,7.1,0.7278,1925.2656,0.17178561,1.34986,0.89225215,-1.3775930822460252,-1.3775930822460252,71.58285161542206
RS,ANA,3050006,Viamão,-30.08333333,-50.78333333,52.0,,,15.0,505.02,0.19,5.3,0.71,4734.9634,0.17531456,37.03733,1.0364645,0.7125085328809784,0.7125085328809784,21.496706148335274
RS,ANA,3051011,Porto Alegre,-30.05359999,-51.17329999,47.0,1974.0,2014.0,41.0,573.1,0.1889,0.0,0.7256,4205.7417,0.17483146,31.216618,1.0052799,0.8995386281112285,0.8995386281112285,16.932547712191955
RS,ANA,3054016,Granja Umbu,-30.51439999,-54.77029999,100.0,1997.0,2010.0,13.0,1595.2,0.1767,22.0,0.8278,1966.9933,0.16869655,20.41296,0.8696641,0.9909583888210665,0.9909583888210665,5.050040027407102
RS,ANA,3152011,Passo do Mendonça,-31.0006,-52.0492,40.0,1994.0,2011.0,17.0,880.1,0.1783,0.0,0.7595,1486.6113,0.16186732,25.689762,0.86015964,0.6004201231599329,0.6004201231599329,45.62603047559805
RS,ANA,3152013,Pedro Osório,-31.8797,-52.8103,27.0,1977.0,2013.0,37.0,813.4,0.1742,10.5,0.7474,2226.3496,0.16517267,36.533657,0.9236166,0.9221589636303391,0.9221589636303391,12.945757867728378
RS,-,-,Alegrete,-29.76666667,-55.78333333,121.0,,,17.0,777.44,0.13,3.5,0.67,2759.556,0.17797306,46.008083,0.92037624,0.7997435882063519,0.7997435882063519,26.46853339192335
RS,-,-,Bagé,-31.33333333,-54.08333333,197.0,,,18.0,604.9,0.21,3.25,0.72,1781.9208,0.17794591,22.499971,0.87995964,0.9758214270895907,0.9758214270895907,8.41400243901111
RS,-,-,Caxias do Sul,-29.16666667,-51.2,760.0,,,26.0,702.71,0.24,8.85,0.74,3786.126,0.1692928,19.262032,0.9885778,0.7175282862651212,0.7175282862651212,29.399912445409164
RS,-,-,Cruz Alta,-28.63333333,-53.61666667,473.0,,,15.0,863.25,0.14,3.6,0.7,931.684,0.15841062,2.8775688e-07,0.7839449,0.9826421827111537,0.9826421827111537,8.215829350125155
RS,-,-,Encruzilhada do Sul,-30.55,-52.51666667,428.0,,,18.0,431.09,0.19,3.7,0.64,2297.2605,0.14585957,28.864119,0.93134207,0.9722467699585392,0.9722467699585392,7.3363133019855225
RS,-,-,Iraí,-27.18333333,-53.28333333,200.0,,,16.0,598.65,0.2,4.4,0.67,1361.8992,0.14989713,8.351948,0.8339056,0.9870611627120248,0.9870611627120248,6.489838579654044
RS,-,-,Passo Fundo,-28.26666667,-52.41666667,680.0,,,31.0,670.74,0.21,7.9,0.74,1143.9353,0.16823173,9.844828e-12,0.82287276,0.3891470169675503,0.3891470169675503,37.782956093005666
RS,-,-,Porto Alegre,-30.03333333,-51.21666667,47.0,,,21.0,627.54,0.31,7.9,0.74,3894.766,0.18063433,30.023033,0.99558926,0.9442702645541233,0.9442702645541233,15.911749897242828
RS,-,-,Rio Grande,-32.03333333,-52.1,3.0,,,20.0,774.14,0.23,6.9,0.74,3708.0466,0.15221033,55.822227,1.0033853,0.5393886633019291,0.5393886633019291,42.20698484471562
RS,-,-,Santa Maria,-29.68333333,-53.81666667,142.0,,,16.0,870.38,0.24,15.2,0.73,825.701,0.14438269,0.026205398,0.761925,0.9151661313020829,0.9151661313020829,17.502970793305135
RS,-,-,Santa Vitória do Palmar,-33.51666667,-53.36666667,6.0,,,19.0,1036.5,0.28,22.8,0.77,2326.7878,0.17400774,36.443832,0.93703204,0.675140481412632,0.675140481412632,35.674729997008846
RS,-,-,Pelotas,-31.77611111,-52.35944444,13.0,1982.0,2015.0,34.0,1100.0,0.163,16.47,0.766,2505.0115,0.16967115,43.090584,0.94230384,0.8321339124645354,0.8321339124645354,19.949162254625783
SC,ANA,2649020,Blumenau,-26.91666667,-49.05,14.0,,,18.0,6649.15,0.21,43.0,1.1,1449.8062,0.17374885,18.318623,0.85835344,0.9022590508528807,0.9022590508528807,18.50356297945365
SC,ANA,2649060,Primeiro Salto do Cubatão,-26.2158,-49.0806,790.0,1997.0,2012.0,15.0,608.2,0.161,12.0,0.6552,2635.5874,0.14649343,24.92744,0.9121015,0.8534113767649402,0.8534113767649402,16.23898990491133
SC,ANA,2652031,São Lourenço do Oeste,-26.4003,-52.8956,720.0,1997.0,2017.0,21.0,1092.8,0.1237,10.1,0.7499,8732.611,0.15948893,54.887,1.0823485,0.9502529417887954,0.9502529417887954,11.644547304200563
SC,ANA,2653005,São José do Cedro,-26.465,-53.4536,720.0,1997.0,2017.0,21.0,835.5,0.1672,11.0,0.7116,12675.916,0.17155398,65.911514,1.1333733,0.9161816908580035,0.9161816908580035,14.83999770229862
SC,ANA,2749016,Neisse Central,-27.0403,-49.3814,200.0,1957.0,2015.0,58.0,1251.6,0.1495,18.9,0.8083,1620.4183,0.16419591,17.09414,0.8684307,0.9562490317735287,0.9562490317735287,9.040845827665773
SC,ANA,2749035,Bocaina do Sul,-27.7536,-49.9639,900.0,1966.0,2018.0,52.0,9763.0,0.1743,9.1,0.7887,3310.3416,0.19263372,26.894064,0.9727497,-0.7793357651941903,-0.7793357651941903,680.7962950114811
SC,ANA,2751011,Irani,-27.0511,-51.9122,1040.0,1996.0,2016.0,21.0,730.6,0.1387,6.4,0.7065,4875.764,0.1732031,48.91501,1.015649,0.9657987925050384,0.9657987925050384,8.671623749662633
SC,-,-,Florianópolis,-27.58333333,-48.55,2.0,,,29.0,1625.5,0.23,33.0,0.82,1420.2545,0.21415883,14.532612,0.8271641,0.9426918083797619,0.9426918083797619,13.341873555776978
SC,-,-,Lages (CAV Weather Station),-27.81666667,-50.33333333,920.0,2000.0,2009.0,10.0,2050.0,0.2,30.0,0.89,1843.6553,0.18720612,13.532569,0.89136446,0.8793557416626155,0.8793557416626155,17.58859605089314
SP,ANA,2048077,Fazenda Continental,-20.25,-48.65,500.0,1975.0,1985.0,10.0,1680.649,0.183,24.999,0.814,1807.8286,0.17800048,16.45107,0.90815294,0.9507356211147299,0.9507356211147299,12.564212454657172
SP,ANA,2049028,Nipoã,-20.9167,-49.7833,460.0,1974.0,1985.0,11.0,1999.898,0.165,20.137,0.875,1301.2715,0.1675374,15.270453,0.8633928,0.8646542818374439,0.8646542818374439,20.728125560733133
SP,ANA,2050015,Auriflama,-20.7,-50.55,450.0,1974.0,1984.0,10.0,1999.979,0.137,19.24,0.895,1129.5613,0.16051954,6.7431455,0.8366801,0.9825367718026274,0.9825367718026274,6.420937908176144
SP,ANA,2147045,Ribeirão Preto (IAC),-21.18333333,-47.7833,621.0,1948.0,2006.0,58.0,5144.9,0.1657,30.2258,1.0557,2080.7327,0.16562028,17.885561,0.90911657,0.9866305899814138,0.9866305899814138,6.890658765981845
SP,ANA,2147048,Mococa (IAC),-21.46666667,-47.01666667,665.0,1970.0,1990.0,21.0,2667.0,0.1366,20.0,0.96,2106.9778,0.19319856,24.178543,0.9415479,0.9772814233596501,0.9772814233596501,7.6204013481263475
SP,ANA,2147049,São Simão,-21.4833,-47.55,617.0,,,26.0,874.46,0.2,12.0,0.75,1771.5511,0.17763251,17.288727,0.9059519,0.9889781781098618,0.9889781781098618,5.4943533864630325
SP,ANA,2148030,São Lourenço do Turvo,-21.53333333,-48.51666667,560.0,1975.0,1991.0,16.0,2000.0,0.129,19.5,0.867,940.60736,0.16408506,10.637098,0.82425547,0.8483876549771758,0.8483876549771758,20.14569644195799
SP,ANA,2148071,Itaju,-21.9833,-48.8,500.0,1974.0,1991.0,17.0,2000.0,0.151,21.057,0.864,2297.1084,0.17034088,59.471752,0.9509649,0.3494318370196998,0.3494318370196998,43.94473906831387
SP,ANA,2148087,Chibarro,-21.88333333,-48.05,650.0,1974.0,1991.0,17.0,1999.924,0.125,24.998,0.841,2398.1458,0.17800641,28.843958,0.9466632,0.9493553487033977,0.9493553487033977,11.145241121356264
SP,ANA,2149030,Fazenda Chantebled,-21.9167,-49.7833,460.0,1974.0,1984.0,10.0,1500.353,0.128,25.0,0.75,2629.9753,0.17418624,37.90383,0.9778426,0.6758326452767056,0.6758326452767056,29.536883435877517
SP,ANA,2150025,Piacatu,-21.6,-50.6,420.0,1974.0,1984.0,10.0,1995.396,0.099,25.0,0.818,1198.8228,0.22095042,20.559238,0.8514541,0.8882470020367885,0.8882470020367885,16.40669230012738
SP,ANA,2150034,Queiroz,-21.8,-50.2333,430.0,1974.0,1984.0,10.0,915.365,0.132,10.85,0.723,2731.6023,0.15542415,41.983494,0.9621458,0.8070616668043187,0.8070616668043187,21.052118289744215
SP,ANA,2150040,Usina Quatiara,-21.95,-50.9333,320.0,1974.0,1991.0,17.0,1106.774,0.138,25.0,0.707,1437.0627,0.19446053,33.283173,0.87392575,0.7432290793870753,0.7432290793870753,23.3641207627401
SP,ANA,2151007,Tabajara,-21.28333333,-51.13333333,370.0,1974.0,1984.0,10.0,1999.658,0.144,21.307,0.857,881.98804,0.13352905,14.749343,0.8071845,0.5824755280569177,0.5824755280569177,34.982655412745444
SP,ANA,2151008,Panorama,-21.35,-51.85,265.0,1974.0,1984.0,10.0,2000.0,0.101,23.017,0.867,966.809,0.17305101,36.328568,0.8257744,0.5346005886877057,0.5346005886877057,29.586436273968555
SP,ANA,2151017,Emilianópolis,-20.8333,-51.4833,340.0,1974.0,1984.0,10.0,2000.0,0.11,22.913,0.852,944.3021,0.1574712,5.174419,0.8170968,0.9586077642436923,0.9586077642436923,9.61298612118797
SP,ANA,2244002,Queluz,-22.5333,-44.7667,500.0,1974.0,1984.0,10.0,2000.0,0.152,24.051,0.834,2100.482,0.19397227,15.503412,0.9431907,0.9735881082707173,0.9735881082707173,9.261266302149547
SP,ANA,2244015,Campos de Cunha,-22.91666667,-44.8167,1020.0,1974.0,1984.0,10.0,1999.897,0.138,13.449,0.925,1185.3516,0.23143291,3.4035738,0.86082065,0.6019966244793479,0.6019966244793479,32.64557073119102
SP,ANA,2245012,São Bento do Sapucai (Fazenda Est.),-22.68333333,-45.75,940.0,1974.0,1984.0,10.0,629.16,0.113,5.0,0.704,1028.4844,0.19435354,13.68194,0.8509215,0.9717965942121837,0.9717965942121837,6.543501653915992
SP,ANA,2245050,São Francisco Xavier,-22.9167,-45.9667,730.0,1974.0,1984.0,10.0,1326.828,0.104,13.697,0.8,976.4987,0.16580537,20.184214,0.8628776,0.6256940724998611,0.6256940724998611,27.986648275174637
SP,ANA,2246024,Arcadas,-22.7167,-46.8333,660.0,1974.0,1991.0,17.0,2000.0,0.142,20.721,0.848,2655.7349,0.1715845,23.66451,0.96342856,0.9627730906412858,0.9627730906412858,10.848868077342022
SP,ANA,2246095,Pedra Bela,-22.8,-46.45,1090.0,1974.0,1992.0,18.0,2065.3,0.1467,16.7,0.8878,1853.1921,0.16467516,29.259842,0.91674155,0.7261968692473519,0.7261968692473519,29.74092491597379
SP,ANA,2247015,Grauna,-22.3,-47.75,610.0,1969.0,1994.0,25.0,3257.6,0.1754,31.0,0.9625,4637.301,0.1714187,39.232864,1.0454199,0.9583388474035038,0.9583388474035038,11.176886401560827
SP,ANA,2247031,Usina Ester,-22.6667,-47.2167,560.0,1970.0,1994.0,25.0,1811.9,0.1739,15.1,0.8801,1606.1537,0.15988292,8.129964,0.887679,0.992239994788097,0.992239994788097,5.1951525096615825
SP,ANA,2248023,Santa Maria da Serra,-22.5667,-48.15,470.0,1974.0,1991.0,17.0,2000.0,0.136,24.598,0.877,7943.434,0.13682666,66.13772,1.1079555,0.9061152987862335,0.9061152987862335,13.975026173697824
SP,ANA,2248048,Bairro Anhumas,-22.93333333,-48.3,540.0,1974.0,1984.0,10.0,1405.75,0.139,18.368,0.787,5946.0513,0.2135336,57.116478,1.0698792,0.958270090944214,0.958270090944214,10.39592003040671
SP,ANA,2249012,Bauru (PDV),-22.31666667,-49.03333333,540.0,1972.0,1996.0,24.0,1057.97,0.183,10.76,0.7881,4004.974,0.15958269,50.202076,1.032358,0.7149754773398052,0.7149754773398052,29.058770190851167
SP,ANA,2249014,Mundo Novo,-22.3167,-49.7667,660.0,1974.0,1989.0,15.0,576.243,0.148,5.0,0.611,3196.0095,0.15146567,37.27834,0.9835195,0.8188414483021484,0.8188414483021484,22.320401522356338
SP,ANA,2249024,Ubirajara,-22.5333,-49.65,550.0,1974.0,1991.0,17.0,1600.105,0.144,25.0,0.82,3106.6902,0.16371253,38.508057,0.9944859,0.9129733714802499,0.9129733714802499,13.477816030156161
SP,ANA,2249029,Águas de Santa Bárbara,-22.8833,-49.2333,560.0,1974.0,1991.0,17.0,822.899,0.145,11.156,0.772,2568.2068,0.17473923,24.922354,0.96930784,0.877968491671324,0.877968491671324,13.399231218175151
SP,ANA,2250011,Agropecuária Santo Antônio,-22.36666667,-50.38333333,500.0,1974.0,1984.0,10.0,1467.047,0.142,25.0,0.78,3091.1057,0.15736437,39.86119,0.9866722,0.8408336286446864,0.8408336286446864,19.134171275694687
SP,ANA,2251002,Marabá Paulista,-22.1,-51.9667,390.0,1974.0,1991.0,17.0,2000.0,0.146,23.925,0.856,1215.5358,0.1829758,50.17207,0.8501071,0.3271886511532818,0.3271886511532818,42.39784938463081
SP,ANA,2251010,Usina Laranja Doce,-22.25,-51.1667,430.0,1974.0,1991.0,17.0,2000.0,0.136,24.661,0.856,1477.9414,0.17118904,37.37452,0.8715293,0.6592229812437425,0.6592229812437425,28.673923162177957
SP,ANA,2251015,Fazenda Vista Bonita,-22.51666667,-51.81666667,300.0,1974.0,1984.0,10.0,1633.205,0.111,21.157,0.831,1392.2303,0.21407518,41.799232,0.8574905,0.8354711888804088,0.8354711888804088,17.568208249257893
SP,ANA,2252036,Fazenda Guana,-22.31666667,-52.65,240.0,1974.0,1991.0,17.0,1533.476,0.12,25.0,0.763,1362.1554,0.1770568,45.024044,0.86761075,0.3769536111002355,0.3769536111002355,38.87094415140512
SP,ANA,2345049,Ponte Nova,-23.56666667,-45.96666667,800.0,1974.0,1991.0,17.0,1838.304,0.132,20.919,0.861,1246.2589,0.14977384,10.753415,0.8508223,0.9824928632631611,0.9824928632631611,6.279489799161577
SP,ANA,2345053,Casa Grande,-23.63333333,-45.95,880.0,1974.0,1984.0,10.0,1194.852,0.124,20.373,0.756,1386.1835,0.15504546,11.506782,0.8553549,0.9578233642922086,0.9578233642922086,8.96518109259306
SP,ANA,2345059,Boraceia,-23.75,-45.85,5.0,1974.0,1984.0,10.0,582.081,0.113,12.978,0.624,1541.0841,0.1494263,12.117697,0.8607889,0.7035215407517068,0.7035215407517068,20.02945441222285
SP,ANA,2346003,Vinhedo,-23.0333,-46.9667,700.0,1974.0,1991.0,17.0,1999.873,0.151,23.164,0.856,3332.1274,0.1335249,26.06856,0.99669766,0.9487180939304564,0.9487180939304564,12.111330644300065
SP,ANA,2346004,Piracaia,-23.05,-46.35,820.0,1974.0,1990.0,16.0,1158.201,0.139,5.0,0.818,1540.3861,0.21204771,27.839922,0.9132321,0.7610911706487924,0.7610911706487924,27.560395709698973
SP,ANA,2346015,Rio Acima,-23.2167,-46.6667,800.0,1974.0,1993.0,19.0,2144.7,0.1566,19.0,0.9165,2809.2188,0.18296905,31.296213,0.9858759,0.943714262861827,0.943714262861827,12.373321842039287
SP,ANA,2346021,Franco da Rocha (Hosp. Juqueri),-23.3333,-46.6833,740.0,1975.0,1993.0,18.0,2034.4,0.1516,18.0,0.8944,2863.0085,0.16635822,31.147432,0.9860745,0.8969710768939748,0.8969710768939748,17.277631277983428
SP,ANA,2346044,Ponte Pequena,-23.51666667,-46.65,720.0,1974.0,1984.0,10.0,2000.0,0.108,20.206,0.838,3540.5078,0.15609275,30.117298,0.98510504,0.986545499037164,0.986545499037164,6.072532206277492
SP,ANA,2346049,Fazenda Santo Angelo,-23.58333333,-46.23333333,750.0,1974.0,1992.0,18.0,919.028,0.147,6.853,0.752,2082.6633,0.12602803,21.421566,0.9241194,0.9037634292707355,0.9037634292707355,16.231152296325703
SP,ANA,2346051,Vila Prosperidade (GM),-23.61666667,-46.55,730.0,1974.0,1991.0,17.0,2000.0,0.128,22.469,0.849,3289.066,0.15415083,28.778597,0.97434485,0.9947181690746685,0.9947181690746685,3.7282144928879846
SP,ANA,2346052,Cachoeira da Graça,-23.65,-46.95,880.0,1974.0,1991.0,17.0,1999.91,0.197,17.527,0.894,3817.0676,0.16611218,32.768177,1.0146178,0.8959865785729245,0.8959865785729245,20.4392246512403
SP,ANA,2346055,Mauá,-23.6667,-46.4833,780.0,1974.0,1996.0,22.0,2093.1,0.1639,26.5,0.8942,2964.5686,0.14785168,27.500612,0.9635562,0.9982754180121112,0.9982754180121112,1.9784766071042748
SP,ANA,2346066,Usina Itatinga,-23.7667,-46.1167,10.0,1974.0,1984.0,10.0,913.343,0.138,25.0,0.615,3189.3704,0.1691779,22.924341,0.93447924,0.8695047347273768,0.8695047347273768,18.845423000172506
SP,ANA,2346067,Campo Grande,-23.7667,-46.35,760.0,1974.0,1984.0,10.0,577.176,0.163,5.0,0.602,3281.3884,0.18329266,23.397266,0.94613236,0.9126627594300528,0.9126627594300528,16.81606550528448
SP,ANA,2346068,Recalque ABC,-23.75,-46.5333,840.0,1974.0,1984.0,10.0,1535.589,0.127,17.996,0.843,3095.3284,0.1485875,28.387222,0.97408396,0.9888214370219225,0.9888214370219225,4.6984005095844275
SP,ANA,2346070,Mombaca,-23.7667,-46.8333,790.0,1974.0,1991.0,17.0,2000.0,0.153,20.035,0.855,3899.793,0.15807702,35.2027,1.014177,0.898346363273873,0.898346363273873,18.487554518608274
SP,ANA,2346076,Piacaguera (EFSJ),-23.8667,-46.3833,5.0,1974.0,1984.0,10.0,1231.232,0.125,25.0,0.689,3858.3774,0.21884696,23.29991,0.9478564,-0.16248121837430163,-0.16248121837430163,56.18528412169648
SP,ANA,2346079,Curva da Onça,-23.88333333,-46.48333333,500.0,1974.0,1984.0,10.0,599.148,0.166,5.702,0.589,4070.701,0.2328129,24.118229,0.9550832,0.24057734620336146,0.24057734620336146,52.91266265847451
SP,ANA,2346168,Pilões,-23.9,-46.5,104.0,1974.0,1984.0,10.0,613.854,0.136,10.342,0.594,4443.7144,0.18248479,29.391851,0.96424073,0.36386617476232597,0.36386617476232597,38.98387267663283
SP,ANA,2346353,Cidade Universitária,-23.5667,-46.7333,790.0,1974.0,1984.0,10.0,1646.12,0.128,15.722,0.856,3738.5342,0.18112618,30.606258,0.9944359,0.9170021456797981,0.9170021456797981,13.968796763061079
SP,ANA,2347004,Elias Fausto,-23.0333,-47.3667,580.0,1974.0,1984.0,10.0,1164.95,0.123,14.507,0.815,6188.775,0.2029032,33.451187,1.0847708,-0.06347097254842882,-0.06347097254842882,41.16581202469889
SP,ANA,2347006,Pereiras,-23.0667,-47.9667,510.0,1974.0,1984.0,10.0,1382.363,0.152,11.96,0.813,6323.954,0.1856089,62.74074,1.0949348,0.7595752538224871,0.7595752538224871,27.77554615455043
SP,ANA,2347020,Fazenda Pinhal,-23.26666667,-47.11666667,750.0,1974.0,1984.0,10.0,516.072,0.104,5.004,0.632,4782.546,0.19835144,35.949062,1.0542018,0.5767626138683477,0.5767626138683477,24.700439386315583
SP,ANA,2347021,Boituva,-23.2833,-47.6667,630.0,1974.0,1984.0,10.0,1999.559,0.186,17.789,0.881,5880.011,0.18409242,41.425,1.0792352,0.9422832430752996,0.9422832430752996,15.174422227206637
SP,ANA,2347024,Pirapitingui,-23.33333333,-47.33333333,640.0,1974.0,1984.0,10.0,1868.668,0.121,25.0,0.827,4807.6235,0.15267679,37.685566,1.0669278,0.9491524949138308,0.9491524949138308,10.81870393091919
SP,ANA,2347042,Salto de Pirapora,-23.65,-47.5667,590.0,1974.0,1984.0,10.0,761.717,0.138,8.919,0.671,4294.849,0.17528047,38.93806,1.0449668,0.9344672612208753,0.9344672612208753,12.880913876415612
SP,ANA,2347043,Ibiuna,-23.65,-47.2167,880.0,1974.0,1984.0,11.0,953.1,0.1761,11.5,0.7912,5094.096,0.17867076,41.852055,1.0564554,0.9784362713322624,0.9784362713322624,6.8032716735300145
SP,ANA,2347049,Usina Batista,-23.8333,-47.65,710.0,1974.0,1984.0,10.0,1985.607,0.143,24.251,0.857,4365.168,0.19263127,39.18463,1.034641,0.9885295194396962,0.9885295194396962,5.380976771007063
SP,ANA,2347051,Juquitiba,-23.9333,-47.0667,680.0,1974.0,1993.0,19.0,938.2,0.2007,14.6,0.7582,5932.1943,0.18629158,55.219597,1.0794393,0.9322764496383373,0.9322764496383373,13.357017885064646
SP,ANA,2347053,Tapiraí,-23.9667,-47.5,870.0,1974.0,1991.0,17.0,940.296,0.118,13.848,0.739,4893.4795,0.21543872,39.571888,1.0352889,0.516044116575302,0.516044116575302,28.69904698169399
SP,ANA,2348008,Avaré,-23.1,-48.9167,780.0,,,10.0,1964.22,0.25,21.0,0.91,2321.2095,0.1879378,27.557102,0.93966556,0.8501868488514321,0.8501868488514321,25.643755741293834
SP,ANA,2348014,Guarei,-23.3667,-48.1833,620.0,1974.0,1984.0,10.0,1358.1,0.116,15.474,0.809,4350.2407,0.1964162,45.85749,1.0373312,0.9654628348182525,0.9654628348182525,8.398084288333585
SP,ANA,2348018,Campo do Paiol,-23.3833,-48.0333,640.0,1974.0,1984.0,10.0,500.0,0.096,5.077,0.598,4799.1836,0.19321474,46.78788,1.0467826,0.9064885139846751,0.9064885139846751,11.998830680773711
SP,ANA,2348027,Buri,-23.8,-48.5833,580.0,1974.0,1984.0,10.0,2000.0,0.103,16.252,0.9,2813.767,0.23330468,31.918493,0.9716251,0.8337396673713371,0.8337396673713371,18.756137306175674
SP,ANA,2349010,Timburi,-23.2,-49.6167,720.0,1973.0,1984.0,11.0,1763.6,0.1692,17.1,0.8631,2769.2346,0.15952042,28.467104,0.96998763,0.9040871891371208,0.9040871891371208,17.54707054437901
SP,ANA,2349022,Mosteiro Itaporanga,-23.7,-49.48333333,560.0,1974.0,1984.0,10.0,1991.073,0.127,24.999,0.82,2893.3557,0.15881468,29.103142,0.96838737,0.9207131175796492,0.9207131175796492,15.071257508676416
SP,ANA,2446003,Itanhaém,-24.1833,-46.8,3.0,1974.0,1984.0,10.0,500.02,0.155,16.91,0.525,7577.212,0.18655014,56.26815,1.0495844,0.8783771562139991,0.8783771562139991,16.133333003633577
SP,ANA,2447003,Ilha dos Paulistas,-24.06666667,-47.01666667,700.0,1975.0,1991.0,16.0,1215.568,0.166,25.0,0.709,6761.264,0.18800999,58.607834,1.0853691,0.8545900945360911,0.8545900945360911,21.262276248225636
SP,ANA,2447012,Ribeirão da Serra,-24.28333333,-47.95,30.0,1974.0,1992.0,18.0,1999.51,0.16,25.0,0.824,3668.8394,0.19022785,35.556393,0.9913807,0.950441331109645,0.950441331109645,13.27757140977122
SP,ANA,2447027,Jurumirim,-24.5,-47.7333,10.0,1974.0,1984.0,10.0,1466.107,0.133,25.0,0.747,2837.9136,0.17939575,31.433165,0.94367987,0.9712273044518451,0.9712273044518451,8.845951163953174
SP,ANA,2447033,Momuna,-24.7,-47.66666667,5.0,1975.0,1991.0,16.0,745.325,0.17,25.0,0.558,2684.1812,0.22403002,28.814732,0.92081416,0.9283855750478436,0.9283855750478436,15.564878379606979
SP,ANA,2447040,Itapitangui,-24.93333333,-47.95,7.0,1975.0,1992.0,17.0,668.325,0.186,10.358,0.628,2411.1487,0.1804608,28.941938,0.9128839,0.9405229342289148,0.9405229342289148,14.11450228273564
SP,ANA,2448006,Barreiro,-24.1667,-48.3333,750.0,1974.0,1984.0,10.0,1662.659,0.129,19.72,0.87,1976.846,0.20622334,23.47487,0.90994465,0.8556091119211835,0.8556091119211835,16.089392109695044
SP,ANA,2448014,Eldorado,-24.5167,-48.1,20.0,1949.0,1997.0,48.0,3543.4,0.1908,37.9,0.9604,2332.0938,0.16399029,27.87727,0.9292008,0.9073813932040928,0.9073813932040928,17.028053614639756
SP,ANA,2448015,Barra dos Pilões,-24.55,-48.4333,80.0,1975.0,1991.0,16.0,1939.411,0.128,25.0,0.848,2292.3384,0.169705,29.659588,0.9372373,0.9533704309381865,0.9533704309381865,10.219738916509598
SP,ANA,2448029,Faxinal,-24.8833,-48.3,840.0,1978.0,1991.0,13.0,1999.359,0.127,23.88,0.888,1989.3044,0.14775428,30.876934,0.93382543,0.8793647427015097,0.8793647427015097,14.981072220216628
SP,ANA,2449002,Itararé,-24.1167,-49.333,760.0,1974.0,1984.0,10.0,1439.516,0.164,5.0,0.869,3515.86,0.18490729,31.169037,0.9848969,0.9443285969472431,0.9443285969472431,15.542979142680778
SP,ANA,2449015,Barra do Chapeu,-24.4667,-49.0167,770.0,1975.0,1992.0,17.0,2000.0,0.17,23.241,0.888,3882.2288,0.17561589,38.77274,1.0152053,0.974876575134819,0.974876575134819,8.090237129182823
SP,ANA,2548069,Rio Pardinho,-25.0608,-48.5583,600.0,1975.0,1992.0,17.0,1819.733,0.134,25.0,0.843,2639.5088,0.16516376,34.148952,0.9463729,0.9746205209483335,0.9746205209483335,7.355955274809697
SP,-,-,Lins,-21.68333333,-49.75,426.0,,,13.0,1084.98,0.29,17.0,0.86,2318.3933,0.17932634,32.303303,0.95517987,0.8349415109980121,0.8349415109980121,22.941152675941538
SP,-,-,Santos,-23.93333333,-46.31666667,4.0,,,29.0,748.69,0.27,10.0,0.66,4144.771,0.2033096,23.453636,0.9502234,0.9371649950995468,0.9371649950995468,20.731650097384023
SP,-,-,São Carlos,-22.01666667,-47.95,856.0,,,11.0,2081.48,0.21,23.0,0.88,3520.1396,0.20878889,37.64784,0.99607635,0.9205337557075243,0.9205337557075243,18.00912980013167
SP,DAEE-SP,-,Andradina,-20.87055556,-51.35388889,370.0,1974.0,1984.0,10.0,1844.723,0.126,25.0,0.829,945.998,0.15763307,5.0738897,0.81940293,0.9475686469410061,0.9475686469410061,10.956990048060288
SP,DAEE-SP,-,Botucatu,-22.95,-48.42166667,912.0,1974.0,1984.0,10.0,1280.215,0.113,25.0,0.718,6092.006,0.19796231,60.175755,1.072937,0.921180975503243,0.921180975503243,13.188167690630568
SP,DAEE-SP,-,Bragança Paulista,-22.93333333,-46.52472222,800.0,1974.0,1991.0,17.0,2000.0,0.151,19.787,0.904,2574.0286,0.16367105,32.582756,0.95505625,0.9491196231110413,0.9491196231110413,11.010728182053406
SP,DAEE-SP,-,Paraíso,-20.98361111,-48.75972222,598.0,1975.0,1991.0,16.0,816.959,0.127,7.139,0.697,894.5589,0.16587164,5.190222,0.81568485,0.9500726082079082,0.9500726082079082,11.300217382993049
SP,DAEE-SP,-,Piracicaba,-22.70805556,-47.6175,571.0,1979.0,1991.0,12.0,1773.932,0.173,24.999,0.798,2215.2996,0.18978888,16.771042,0.9434949,0.9537583312727776,0.9537583312727776,13.105299717211029
SP,DAEE-SP,-,Salto Grande,-22.87388889,-49.98111111,420.0,1974.0,1984.0,10.0,2000.0,0.132,21.831,0.88,3147.872,0.20684429,37.56135,0.9944815,0.9739160636107943,0.9739160636107943,7.638537631908607
SP,DAEE-SP,-,São José do Rio Pardo,-21.57111111,-46.87805556,350.0,1974.0,1984.0,10.0,701.377,0.119,11.497,0.642,1333.6179,0.1767684,14.20929,0.86263937,0.9684556928412997,0.9684556928412997,7.869500395664986
SP,DAEE-SP,-,Socorro,-22.57527778,-46.50444444,740.0,1975.0,1987.0,12.0,1900.574,0.166,25.0,0.849,2349.0476,0.16697939,30.74428,0.9381272,0.8869966039627802,0.8869966039627802,17.80731397810959
TO,ANA,1249000,Alvorada,-12.4836,-49.1244,293.0,1989.0,1999.0,11.0,9989.56,0.211,56.638,1.087,2114.0884,0.18031761,24.5258,0.9528648,0.5288861868476396,0.5288861868476396,51.867718829938944
TO,ANA,1146000,Dianópolis,-11.6253,-46.8106,679.0,1990.0,1999.0,10.0,4642.242,0.162,35.878,1.051,1441.8306,0.14110938,19.876905,0.9037851,0.7963230878771661,0.7963230878771661,21.66098878950571
TO,ANA,1149001,Formoso do Araguaia,-11.7972,-49.525,247.0,1989.0,1999.0,11.0,8740.42,0.176,54.663,1.078,2671.2725,0.16937226,22.857805,0.9815011,0.847384772652567,0.847384772652567,24.181828968465293
TO,ANA,848001,Guarai,-8.8319,-48.8172,279.0,1990.0,1999.0,10.0,8650.36,0.178,41.365,1.098,2867.799,0.12687945,44.058388,0.9798814,0.2691072701316348,0.2691072701316348,60.611040834523024
TO,ANA,948000,Miracema do Tocantins,-9.5642,-48.3875,210.0,1990.0,1999.0,10.0,5958.095,0.173,35.298,1.043,3692.993,0.13910846,54.83942,1.0195154,0.30316369723889136,0.30316369723889136,55.86281842262769
TO,ANA,1249002,Projeto Rio Formoso,-11.8394,-49.7717,196.0,1989.0,1999.0,11.0,8950.25,0.194,71.072,1.027,2938.5027,0.17348838,23.007362,0.9837325,0.8011195312598784,0.8011195312598784,30.348821034523805
TO,ANA,647000,Tocantinópolis,-6.2886,-47.3919,126.0,1988.0,1999.0,11.0,9862.0,0.187,69.638,1.072,5369.5815,0.17513116,46.808136,1.068423,0.7859665889023714,0.7859665889023714,28.221993941200903
TO,ANA,848003,Tupiratins,-8.3992,-48.1303,192.0,1989.0,1999.0,10.0,2300.09,0.155,31.686,0.869,2028.5848,0.1474211,32.77255,0.9351502,0.6788141020699434,0.6788141020699434,28.542104881732424
