station_id,time_step_min,n_obs,nan_frac,years_span_yr,first_date,last_date,had_zero_year,daily_mean_mm,daily_max_mm,max_24h_mm,coeffs_nonan
88060210,15,94829,0,4.37665843012975,04-May-2020 14:00:00,19-Sep-2024 03:00:00,0,2.60171428571429,17.3,17.35,8
88060200,15,142282,0,4.65524046809083,06-May-2020 16:45:00,31-Dec-2024 23:45:00,0,3.12236363636364,18.8,18.8,8
87905000,15,261970,0,9.89031830450545,10-Feb-2015 15:00:00,31-Dec-2024 23:45:00,0,3.67184343434343,39.1,39.2,8
87450004,15,292123,0,9.76177927450028,29-Jul-2014 13:45:00,02-May-2024 23:45:00,0,3.87834872979215,32.55,34.85,8
87382000,15,218712,0,6.41882333883196,01-Aug-2018 13:30:00,31-Dec-2024 23:45:00,0,3.72872023809524,57.45,57.6,8
87380000,15,370448,0,11.0008818342152,01-Jan-2014,31-Dec-2024 23:45:00,0,3.76213753106877,46.35,47.5,8
87333000,15,181962,0,6.65054723916302,07-Nov-2017 12:15:00,02-Jul-2024 13:45:00,0,3.3275,24.55,25.35,8
87317030,15,129344,0,5.11021786895008,22-Nov-2019 12:30:00,31-Dec-2024 23:45:00,0,3.41121031746032,67.65,67.8,8
87270000,15,213443,9.83869229724095e-05,7.09457301199431,27-Nov-2017 18:00:00,31-Dec-2024 23:45:00,0,4.4716573816156,211.55,302.05,8
87242000,15,132442,0,4.66108704034534,04-May-2020 13:30:00,31-Dec-2024 23:45:00,0,3.48068181818182,32.75,34.2,8
87231100,15,84097,0,4.35176058828495,11-May-2020 17:00:00,17-Sep-2024 03:45:00,0,3.60737410071942,27.05,31.7,8
87230000,15,234173,0,7.22348280024002,11-Oct-2017 16:00:00,31-Dec-2024 23:45:00,0,4.31917115902965,213.4,214.25,8
87170000,15,222282,4.49878982553693e-06,6.74223860403248,05-Apr-2018 10:30:00,31-Dec-2024 23:45:00,0,3.63381240544629,132.55,132.55,8
87168000,15,178361,0,5.92651343513784,28-Jan-2019 09:00:00,31-Dec-2024 23:45:00,0,4.20990099009901,128.35,131.65,8
87160000,15,227407,0,7.10369936868428,24-Nov-2017 10:00:00,31-Dec-2024 23:45:00,0,3.0075,33.25,41.3,8
87150000,15,202086,4.94838830992746e-06,9.29915854991319,14-Sep-2015 13:00:00,31-Dec-2024 23:45:00,0,3.13391238670695,29.1,32.15,8
86879300,15,129571,0,4.10004426282995,25-Nov-2020 11:30:00,31-Dec-2024 23:45:00,0,4.01002824858757,43.75,47.15,8
86743800,60,69360,0,9.84893059380386,25-Feb-2015 17:02:50,31-Dec-2024 23:00:00,0,9.15054545454544,247.6,352.4,6
86720000,15,200643,0,6.03252177206468,20-Dec-2018 15:45:00,31-Dec-2024 23:45:00,0,4.24266612641815,64.55,66.25,8
86510000,15,211538,0,6.18875359065096,24-Oct-2018 14:15:00,31-Dec-2024 23:45:00,0,4.01516106442577,59.1,73.5,8
86507000,60,81963,1.22006271122336e-05,9.85178796735502,24-Feb-2015 16:00:00,31-Dec-2024 23:00:00,0,12.7357910906298,330.6,351.2,6
86505500,60,80801,0,9.85178796735502,24-Feb-2015 16:00:00,31-Dec-2024 23:00:00,0,13.1341242149337,350.4,359.8,6
86490500,60,61081,0,9.83741395556833,03-Feb-2015 14:00:00,05-Dec-2024 15:00:00,0,8.14979228486646,157.4,233,6
86479000,60,69585,0,9.72344857640244,12-Apr-2015 13:00:00,31-Dec-2024 23:00:00,0,10.4004624277457,146.4,181.8,6
86472000,15,228784,8.74187006084342e-06,8.76275693546069,28-Mar-2016 11:00:00,31-Dec-2024 23:45:00,0,3.92099719101124,60.55,69.6,8
86470800,60,79646,2.51111166913593e-05,10.2568841249307,29-Sep-2014 17:00:00,31-Dec-2024 23:00:00,0,12.9685433422699,155.3,170.2,6
86406000,60,84499,0,10.4785405130381,10-Jul-2014 18:00:00,31-Dec-2024 23:00:00,0,7.00071647901739,121.6,125.8,6
86321000,60,76261,0,10.309360675898,10-Sep-2014 13:00:00,31-Dec-2024 23:00:00,0,11.2952845528455,180.6,248.2,6
86306000,60,59075,0,10.3067368483496,11-Sep-2014 12:00:00,31-Dec-2024 23:00:00,0,10.9043310875842,169.6,225.2,6
86280500,60,42194,0,9.44372574385511,23-Jul-2015 17:00:00,31-Dec-2024 23:00:00,0,11.544962406015,122,134.4,6
86163000,60,80316,0,9.79554679425313,17-Mar-2015 05:00:00,31-Dec-2024 23:00:00,0,11.5351239669421,195.8,229.8,6
86160000,15,173536,0,5.31022767978352,10-Sep-2019 11:15:00,31-Dec-2024 23:45:00,0,3.57909556313993,35.7,46.3,8
86117000,60,77954,0,9.3101386978058,10-Sep-2015 12:00:00,31-Dec-2024 23:00:00,0,12.6840449438202,204,220,6
86110000,60,81766,0,9.93609268727854,24-Jan-2015 21:00:00,31-Dec-2024 23:00:00,0,11.7288814691152,134.4,177.2,6
86102000,60,81534,0,9.8516738878964,24-Feb-2015 17:00:00,31-Dec-2024 23:00:00,0,11.2966560509554,189.4,236.6,6
86100600,60,79182,0,9.25538055766603,30-Sep-2015 12:00:00,31-Dec-2024 23:00:00,0,11.4882818116463,165,184,6
86099000,60,80054,0,9.25891702088339,29-Sep-2015 05:00:00,31-Dec-2024 23:00:00,0,10.4492260061919,139.8,171.6,6
86060010,60,38368,0,4.66607801666016,02-May-2020 17:00:00,31-Dec-2024 23:00:00,0,10.9033096926714,153.4,170.4,6
85900000,15,233957,0,7.15204053927642,06-Nov-2017 18:15:00,31-Dec-2024 23:45:00,0,3.58851963746224,37.9,37.95,8
85642000,15,167885,0,5.0589106324337,11-Dec-2019 06:15:00,31-Dec-2024 23:45:00,0,3.62364672364672,35.3,39,8
85623010,15,151053,0,4.65783577577454,05-May-2020 18:00:00,31-Dec-2024 23:45:00,0,4.31543209876543,37.75,43.85,8
85500100,60,76930,0,9.41954089862671,01-Aug-2015 13:00:00,31-Dec-2024 23:00:00,0,8.9170227429359,157.2,177.2,6
85500010,60,74464,0,9.38371994861861,14-Aug-2015 15:00:00,31-Dec-2024 23:00:00,0,9.91071428571427,191.4,198.8,6
85438510,15,152838,0,4.65854877239095,05-May-2020 11:45:00,31-Dec-2024 23:45:00,0,2.71286764705882,20.15,26.3,8
85400000,15,313157,0,10.0738721534323,05-Dec-2014 14:00:00,31-Dec-2024 23:45:00,0,4.6648532388664,101.8,104.8,8
85395100,60,79612,1.25609204642516e-05,9.61564348800226,21-May-2015 22:00:00,31-Dec-2024 23:00:00,0,7.38110236220472,229.6,254.8,6
85382000,60,71057,0,9.59094528521005,30-May-2015 22:30:00,31-Dec-2024 23:00:00,0,11.5539555555555,284.2,323.4,6
85350000,60,71842,0,10.999655480035,01-Jan-2014 10:00:00,31-Dec-2024 23:00:00,0,7.00855752718944,109.2,138.8,6
85310000,60,74471,0,9.90072805510494,06-Feb-2015 19:00:00,31-Dec-2024 23:00:00,0,7.08155660377359,109.2,127.68,6
85306000,60,79608,0,11.0007962746212,01-Jan-2014,31-Dec-2024 23:00:00,0,8.34756574923546,164,182.6,6
85290000,60,17993,0,7.23720085513962,06-Oct-2017 15:00:00,31-Dec-2024 23:00:00,0,13.1126843657817,185.4,208.8,6
85040000,60,35307,0,6.45688214755341,18-Jul-2018 15:08:00,31-Dec-2024 23:00:00,0,9.99185393258428,173,181.6,6
84853000,15,336440,0,10.4889787835023,01-Jan-2014,28-Jun-2024 00:30:00,0,3.28796296296296,38.4,43.9,8
84597300,60,75877,0,9.00189600060234,01-Jan-2016,31-Dec-2024 21:00:00,0,5.51225433526012,80.4,82.6,6
84580500,15,357303,0,11.0008818342152,01-Jan-2014,31-Dec-2024 23:45:00,0,3.13870839936608,48.35,51.65,8
84538500,60,90039,0,11.0009065514312,01-Jan-2014,31-Dec-2024 23:58:00,0,9.33456213017752,109.8,139.4,6
84536000,60,75986,0,10.0015305660699,01-Jan-2015,31-Dec-2024 23:37:00,0,9.58559139784946,128.6,140.1,6
84534000,60,68950,0,9.71500669646422,15-Apr-2015 15:00:00,31-Dec-2024 23:00:00,0,7.94788732394367,210.2,210.2,6
84531000,60,86817,0,10.985965945,06-Jan-2014 10:00:00,31-Dec-2024 23:00:00,0,8.04678780012978,97.3,112.4,6
84520002,60,42883,0,7.40387094419005,06-Aug-2017 18:00:00,31-Dec-2024 23:00:00,0,7.78847750865052,125.2,125.2,6
84420000,15,154120,0,4.66103000061603,04-May-2020 14:00:00,31-Dec-2024 23:45:00,0,3.313995215311,37.05,40.15,8
84249998,15,206724,0,10.9969746127573,02-Jan-2014 10:15:00,31-Dec-2024 23:45:00,0,3.30270602706027,33.8,33.8,8
84100000,15,376669,0,11.0008818342152,01-Jan-2014,31-Dec-2024 23:45:00,0,3.53189001264223,82.3,94.35,8
84095500,15,300869,0,11.0008818342152,01-Jan-2014,31-Dec-2024 23:45:00,0,3.31759404388715,52.65,57.25,8
84034500,60,86542,0,10.7882662432037,19-Mar-2014 15:00:00,31-Dec-2024 23:00:00,0,7.25032581453633,86.2,102.8,6
84022000,60,80011,0,9.85201612627227,24-Feb-2015 14:00:00,31-Dec-2024 23:00:00,0,7.94465558194774,205.8,213.2,6
84015900,60,65838,0,8.45260530864958,19-Jul-2016 16:59:00,31-Dec-2024 23:00:00,0,7.97073482428115,156.2,195.8,6
83880000,15,145433,0,11.0008818342152,01-Jan-2014,31-Dec-2024 23:45:00,0,3.51851851851852,27.5,34.6,8
83750000,60,63435,0,8.4066312868239,05-Aug-2016 11:59:00,31-Dec-2024 23:00:00,0,8.68827586206897,96,107.2,6
83674000,60,64196,0,8.41712659701735,01-Aug-2016 15:59:00,31-Dec-2024 23:00:00,0,9.02582657517154,150.6,155.8,6
83669000,60,67506,0,8.79256241223804,17-Mar-2016 12:58:50,31-Dec-2024 23:00:00,0,7.48855062872269,122.6,136.4,6
83629000,60,89257,0,11.0004540362453,01-Jan-2014,31-Dec-2024 20:00:00,0,8.81540683678381,161,175.8,6
83610500,60,45741,0,5.87687936401462,15-Feb-2019 12:00:00,31-Dec-2024 23:40:00,0,6.78282392026579,127.8,129.4,6
83610000,60,87845,0,11.0007962746212,01-Jan-2014,31-Dec-2024 23:00:00,0,6.70996916752311,125.8,126.6,6
83461000,60,82174,0,9.85155980843777,24-Feb-2015 18:00:00,31-Dec-2024 23:00:00,0,8.99107763615295,97.2,102.8,6
83441000,60,66688,0,8.44450566708724,22-Jul-2016 15:59:00,31-Dec-2024 23:00:00,0,9.08643790849673,110,117.6,6
83371000,60,20141,0,9.37288240004928,18-Aug-2015 14:00:00,31-Dec-2024 23:00:00,0,6.97453416149068,62.2,69.2,6
83360000,15,324591,0,10.9258175504402,01-Jan-2014,04-Dec-2024 13:45:00,0,3.08349156118144,24.95,31.3,8
83349600,60,77259,0,9.85566666894826,23-Feb-2015 06:00:00,31-Dec-2024 23:00:00,0,8.78184245660881,82.8,93.8,6
83250000,15,302820,0,11.0008818342152,01-Jan-2014,31-Dec-2024 23:45:00,0,3.01612749762131,35.75,36.3,8
83040000,15,332892,0,10.5103401621297,01-Jan-2014,05-Jul-2024 19:45:00,0,3.31438791732909,33.5,37.45,8
83035000,15,226298,0,10.7619994478554,01-Jan-2014,05-Oct-2024 17:45:00,0,3.26252997601918,31,31.4,8
83030000,15,382066,0,11.0008818342152,01-Jan-2014,31-Dec-2024 23:45:00,0,3.29817117776152,27.4,33.7,8
83029900,15,382644,0,11.0008818342152,01-Jan-2014,31-Dec-2024 23:45:00,0,3.35233998623538,34.45,35.1,8
83020000,60,72613,0,9.07479277466341,05-Dec-2015 11:00:00,31-Dec-2024 23:00:00,0,9.84680665610142,289,289,6
82549000,15,304175,0,10.9982865265315,01-Jan-2014,31-Dec-2024 01:00:00,0,3.22242783123612,37.2,40.65,8
82430000,60,62995,0,8.35723488123948,23-Aug-2016 12:59:00,31-Dec-2024 23:00:00,0,10.5292724196277,177.6,191.2,6
82330000,60,72292,0,9.85133164952052,24-Feb-2015 20:00:00,31-Dec-2024 23:00:00,0,6.04724746125066,118,150.2,6
82230815,60,84755,0,9.8516738878964,24-Feb-2015 17:00:00,31-Dec-2024 23:00:00,0,9.37257989810096,384.6,394.6,6
82230015,60,83202,0,9.8516738878964,24-Feb-2015 17:00:00,31-Dec-2024 23:00:00,0,9.09281409364858,264.8,274.4,6
82230001,60,84231,0,9.8516738878964,24-Feb-2015 17:00:00,31-Dec-2024 23:00:00,0,7.35595703124999,312.8,314,6
82002000,15,213289,4.68847432357037e-06,10.9017182648058,06-Feb-2014 05:15:00,31-Dec-2024 23:45:00,0,3.87877492877493,48.4,50.7,8
81709050,15,216113,0,7.53797134780317,18-Jun-2017 19:15:00,31-Dec-2024 23:45:00,0,2.92477003942181,24.4,27.1,8
81679000,15,306740,3.26008997848341e-06,11.0008818342152,01-Jan-2014,31-Dec-2024 23:45:00,0,3.18160100586756,50.45,66.5,8
81595000,15,174905,1.14347788799634e-05,9.28039247896945,21-Sep-2015 09:30:00,31-Dec-2024 23:45:00,0,2.64978571428571,29,29.35,8
81501000,30,92169,0,9.84009482284601,28-Feb-2015 23:00:00,31-Dec-2024 23:30:00,0,6.65807995495495,59,75.75,7
81499200,30,94727,0,9.84009482284601,28-Feb-2015 23:00:00,31-Dec-2024 23:30:00,0,5.95688997821351,70.25,72.375,7
81498080,30,96443,1.03688188878405e-05,9.83998074338738,01-Mar-2015,31-Dec-2024 23:30:00,0,5.68567738231917,131.125,155.75,7
81496200,30,93785,0,9.84020890230463,28-Feb-2015 22:00:00,31-Dec-2024 23:30:00,0,6.26832566168009,70,74.125,7
81495200,30,93565,0,9.84009482284601,28-Feb-2015 23:00:00,31-Dec-2024 23:30:00,0,6.29301752464403,66.5,68.5,7
81491100,15,100051,3.99796103986967e-05,9.84000926325204,01-Mar-2015,31-Dec-2024 23:45:00,0,4.67715617715618,88.95,89.2,8
81337000,15,314884,0,9.30126901989774,13-Sep-2015 18:30:00,31-Dec-2024 23:45:00,0,3.16997330960854,36.6,39.3,8
81200000,15,354370,0,11.0008818342152,01-Jan-2014,31-Dec-2024 23:45:00,0,2.64347826086957,27.25,32.7,8
81107000,15,268499,0,10.9017182648058,06-Feb-2014 05:15:00,31-Dec-2024 23:45:00,0,2.73881118881119,31.1,41.7,8
81030000,30,151639,0,9.25418272335047,30-Sep-2015 23:00:00,31-Dec-2024 23:30:00,0,7.38514744145707,63.25,73,7
81019350,15,343472,0,10.8986381194229,05-Feb-2014 23:45:00,30-Dec-2024 15:15:00,0,2.91060606060606,32.8,33.9,8
81019000,60,85749,0,10.9720482510478,11-Jan-2014 09:00:00,31-Dec-2024 20:00:00,0,6.66271186440677,102.4,125.8,6
76560000,15,309579,1.29207730498516e-05,10.1157393147475,20-Nov-2014 07:00:00,31-Dec-2024 23:45:00,0,4.48021718602455,463.65,631.95,8
76431995,15,142900,0,4.45982235546703,04-May-2020 17:45:00,19-Oct-2024 15:45:00,0,2.84590909090909,35.4,39.75,8
76431000,60,80628,0,9.63332580408906,15-May-2015 11:00:00,31-Dec-2024 23:00:00,0,7.09166666666667,127,139.4,6
76290000,15,309487,0,9.93865947509759,15-Jan-2015 12:00:00,23-Dec-2024 12:30:00,0,3.68537371134021,35.2,42.55,8
76220900,15,137456,0,4.66025996427031,04-May-2020 20:45:00,31-Dec-2024 23:45:00,0,3.32593360995851,35.5,35.55,8
76150050,15,154835,0,4.46495593110513,04-May-2020 16:45:00,21-Oct-2024 11:45:00,0,3.37379679144385,34.75,35.2,8
76070500,60,30307,0,5.85866467712091,22-Feb-2019,31-Dec-2024 20:00:00,0,6.40797342192692,96,99.6,6
75900000,15,313965,3.18506839934388e-06,9.6418817634859,12-May-2015 08:45:00,31-Dec-2024 23:45:00,0,4.9188302425107,35.15,38.5,8
75881800,60,46528,2.14924346629986e-05,5.73637149747542,07-Apr-2019 19:00:00,31-Dec-2024 23:00:00,0,10.8450474898236,166,174.2,6
75650010,15,161195,0,4.65777873604523,05-May-2020 18:30:00,31-Dec-2024 23:45:00,0,4.61791044776119,34.1,34.2,8
75290000,60,81472,0,9.90415043886368,05-Feb-2015 13:00:00,31-Dec-2024 23:00:00,0,10.499397186872,160.2,181.6,6
75230000,15,140150,0.000214056368176953,4.88893223908317,11-Feb-2020 08:15:00,31-Dec-2024 23:45:00,0,9.37688470066519,221.425,280.7,8
75187000,60,78630,0,9.75014316972057,02-Apr-2015 16:00:00,31-Dec-2024 20:00:00,0,16.8090479937058,241.3,254.5,6
75181000,60,74597,0,9.65192075584486,08-May-2015 16:00:00,31-Dec-2024 23:00:00,0,13.0080088170463,184.7,205.7,6
75175100,60,33589,0,4.07103956047466,06-Dec-2020 01:00:00,31-Dec-2024 23:00:00,0,17.7346666666667,207.2,233.6,6
75155010,30,100108,0,5.80533253021394,13-Mar-2019 15:00:00,31-Dec-2024 23:30:00,0,7.25130890052356,61.7,75.7,7
75050000,60,73318,0,9.75014316972057,02-Apr-2015 16:00:00,31-Dec-2024 20:00:00,0,12.6943737441393,239.2,244,6
74720000,15,177233,1.12845801854057e-05,6.03061094113272,21-Dec-2018 08:30:00,31-Dec-2024 23:45:00,0,4.80378352490422,84.1,115.7,8
74468500,60,82987,0,9.85178796735502,24-Feb-2015 16:00:00,31-Dec-2024 23:00:00,0,13.9939984996249,192.2,192.6,6
74467000,60,76388,0,9.85144572897915,24-Feb-2015 18:00:00,31-Dec-2024 22:00:00,0,12.3363317757009,149.8,154.2,6
74465000,60,79204,0,9.85155980843777,24-Feb-2015 18:00:00,31-Dec-2024 23:00:00,0,9.9947207345065,231.2,231.2,6
74463000,60,77062,1.29765643248294e-05,9.85155980843777,24-Feb-2015 18:00:00,31-Dec-2024 23:00:00,0,10.2565629228687,139.2,144.4,6
74462000,60,74919,0,9.8442587230858,27-Feb-2015 07:00:00,31-Dec-2024 20:00:00,0,11.9203587443946,159.2,162.8,6
74400080,60,80595,0,10.1672728088568,01-Nov-2014 11:00:00,31-Dec-2024 23:29:00,0,11.1051643192488,127.6,134.8,6
74370010,15,41286,0,4.66105852048068,04-May-2020 13:45:00,31-Dec-2024 23:45:00,0,4.06413043478261,25.65,25.65,8
74329000,15,204401,0,8.50177165399244,01-Jul-2016 18:45:00,31-Dec-2024 23:45:00,0,4.72611710323575,28.65,34.85,8
74322000,60,83057,0,9.8512175700619,24-Feb-2015 18:00:00,31-Dec-2024 20:00:00,0,10.0428070175439,105,107.8,6
74300200,60,36686,0,4.81469503138326,09-Mar-2020 11:00:00,31-Dec-2024 23:45:00,0,8.02516129032258,123.6,126.4,6
74300000,15,210025,0,7.79390861322729,17-Mar-2017 07:45:00,31-Dec-2024 23:45:00,0,4.39089376053963,37.1,37.1,8
74200500,60,28968,0,4.4619898651809,16-Jul-2020 06:00:00,31-Dec-2024 23:00:00,0,14.2719035532995,225.92,225.92,6
73892000,60,83324,0,9.82988471129911,04-Mar-2015 16:00:00,31-Dec-2024 23:00:00,0,10.0028925619834,209.2,224,6
73770000,15,179184,0,5.31017064005421,10-Sep-2019 11:45:00,31-Dec-2024 23:45:00,0,4.1592504743833,44.8,45.45,8
73712000,60,57837,0.0019710565900721,8.60181933920614,27-Aug-2015 23:00:00,03-Apr-2024 17:00:00,0,9.62344381568309,164,164,6
73693500,60,38880,0,9.9768190540075,10-Jan-2015,31-Dec-2024 23:00:00,0,13.9812200956938,215,217.75,6
73674500,60,89423,0,11.0007962746212,01-Jan-2014,31-Dec-2024 23:00:00,0,6.83546273546271,140.8,146.8,6
73620000,60,94494,0,11.0007962746212,01-Jan-2014,31-Dec-2024 23:00:00,0,6.64466689678976,116.8,117.6,6
73582900,15,95483,0,5.33064790287731,03-Sep-2019 00:15:00,31-Dec-2024 23:45:00,0,4.44493343195266,26.35,33.45,8
73582000,60,78727,0,9.12156535269946,18-Nov-2015 09:00:00,31-Dec-2024 23:00:00,0,10.2413883431565,197.8,200,6
73571000,60,47029,0,6.30916255790483,10-Sep-2018 15:00:00,31-Dec-2024 23:59:00,0,7.47674825174826,117,117,6
73570000,60,56837,0,9.77044741203143,24-Feb-2015 17:00:00,02-Dec-2024 06:59:00,0,8.75867478025691,147.6,202.2,6
73560000,60,49204,0,9.77044741203143,24-Feb-2015 17:00:00,02-Dec-2024 06:59:00,0,7.72398360655739,159.3,199.8,6
73553000,60,68996,5.79743753261059e-05,9.77056339281436,24-Feb-2015 16:00:00,02-Dec-2024 07:00:00,0,10.3350939143501,211.14,219.51,6
73552000,60,64071,3.12153704484088e-05,9.77010707497987,24-Feb-2015 17:00:00,02-Dec-2024 04:00:00,0,8.69631824234353,118.56,143.28,6
73437000,60,38930,0,11.0007962746212,01-Jan-2014,31-Dec-2024 23:00:00,0,13.5005889281508,232.4,237.4,6
73330250,60,65294,0,8.75457173430438,31-Mar-2016 10:00:00,31-Dec-2024 23:00:00,0,6.66558485463151,111.4,112.4,6
73249000,60,91605,0,11.0007962746212,01-Jan-2014,31-Dec-2024 23:00:00,0,7.25783221974755,200.4,200.8,6
73203000,60,53594,0,6.24562220077528,03-Oct-2018 19:00:00,31-Dec-2024 23:00:00,0,14.1158447009444,151.6,169.2,6
72880000,60,81731,0,9.85133164952052,24-Feb-2015 20:00:00,31-Dec-2024 23:00:00,0,12.8060869565217,176.6,185.2,6
72870900,60,77231,0,9.16457330860091,02-Nov-2015 16:00:00,31-Dec-2024 23:00:00,0,8.67851929092803,199.4,204.4,6
72700000,60,81579,0,9.85155980843777,24-Feb-2015 18:00:00,31-Dec-2024 23:00:00,0,12.3839796567069,232.4,232.4,6
72451000,60,40136,0,4.71273651523759,15-Apr-2020 13:00:00,31-Dec-2024 20:00:00,0,11.3628158844765,301,407.2,6
72428000,60,78191,0,9.85155980843777,24-Feb-2015 18:00:00,31-Dec-2024 23:00:00,0,12.9159687721788,229.8,233.4,6
71900000,60,81167,0,9.52289688814053,24-Jun-2015 19:00:00,31-Dec-2024 23:00:00,0,10.8438574938575,150.4,153.2,6
71840000,60,75278,0,9.53749905884447,19-Jun-2015 11:00:00,31-Dec-2024 23:00:00,0,9.49535759096612,143,155.2,6
70840080,60,76177,0,9.78676267593904,20-Mar-2015 10:00:00,31-Dec-2024 23:00:00,0,10.7167330677291,142,152.6,6
70600000,60,83060,0,9.78664859648042,20-Mar-2015 11:00:00,31-Dec-2024 23:00:00,0,8.87807539682536,125.2,142.8,6
70150000,60,92539,0,11.0007962746212,01-Jan-2014,31-Dec-2024 23:00:00,0,10.1445302445302,180.2,240.2,6
70120000,60,81316,0,9.78647177331955,20-Mar-2015 12:33:00,31-Dec-2024 23:00:00,0,8.01376965575857,158,166,6
66830000,60,38499,0,5.77435995719739,24-Mar-2019 22:00:00,31-Dec-2024 23:00:00,0,18.5436391437309,265.1,273.1,6
66494000,60,66216,0,9.85155980843777,24-Feb-2015 18:00:00,31-Dec-2024 23:00:00,0,7.38025974025975,76.4,82.6,6
66484500,60,73635,0,9.58803625901513,01-Jun-2015,31-Dec-2024 23:00:00,0,10.3148858447489,128.25,142.25,6
66483800,60,84053,0,10.9998836389522,01-Jan-2014 08:00:00,31-Dec-2024 23:00:00,0,8.61486132914704,127,127,6
66400060,60,43839,0,5.62708337611313,17-May-2019 14:00:00,31-Dec-2024 20:00:00,0,9.29970674486804,141.2,154.8,6
66400050,60,62575,0,7.43478647747729,26-Jul-2017 11:00:00,31-Dec-2024 23:00:00,0,9.38610804851157,104,118.4,6
66386000,60,82447,0,9.60800016427442,24-May-2015 17:00:00,31-Dec-2024 23:00:00,0,9.18117647058823,91,97,6
66171500,60,80179,0,9.37025857250092,19-Aug-2015 13:00:00,31-Dec-2024 23:00:00,0,10.0491537895511,165.8,197.8,6
66071390,60,63999,6.2500976577759e-05,11.0006821951626,01-Jan-2014,31-Dec-2024 22:00:00,0,10.2773307163886,317.6,381.2,6
66064000,15,267131,0,11.0008818342152,01-Jan-2014,31-Dec-2024 23:45:00,0,10.8256341789052,85.675,85.675,8
66056000,15,194266,5.14758115161686e-06,11.0007107150272,01-Jan-2014,31-Dec-2024 22:15:00,0,3.62185908319185,37.25,37.25,8
66053200,60,73156,0,9.50589904880547,01-Jul-2015,31-Dec-2024 23:00:00,0,10.6125695732839,166,174.5,6
66052900,60,38347,0,5.36972011745621,19-Aug-2019 16:00:00,31-Dec-2024 22:00:00,0,11.6343122102009,171.5,171.5,6
66051000,60,70412,0,9.58256044500115,03-Jun-2015,31-Dec-2024 23:00:00,0,10.5667776852623,111.75,114.4,6
66010000,15,318908,0,11.0008818342152,01-Jan-2014,31-Dec-2024 23:45:00,0,3.17713219616205,32.75,35.55,8
66007000,15,126070,0,11.0008818342152,01-Jan-2014,31-Dec-2024 23:45:00,0,3.54325192802057,56.1,56.1,8
66005960,60,83279,0,9.90460675669818,05-Feb-2015 09:00:00,31-Dec-2024 23:00:00,0,6.98790996784566,75,79.2,6
65954900,60,51729,0,6.5164468355499,26-Jun-2018 18:00:00,31-Dec-2024 20:00:00,0,11.8874715261959,193,215.4,6
65945200,60,77785,0,10.089985876963,29-Nov-2014 13:00:00,31-Dec-2024 20:00:00,0,6.78284153005463,127.2,128.8,6
65825497,15,337292,0,9.85175944749037,24-Feb-2015 17:00:00,31-Dec-2024 23:45:00,0,3.54458058435438,32.95,39.55,8
65824991,15,335916,5.95386941973589e-06,9.85175944749037,24-Feb-2015 17:00:00,31-Dec-2024 23:45:00,0,3.22062200956938,36.25,42,8
65819300,15,289618,0.000293490045508221,8.43186946572026,27-Jul-2016 07:30:00,31-Dec-2024 23:45:00,0,4.15860745614035,46.7,54.45,8
65815040,60,66540,0,8.20265531347894,19-Oct-2016,31-Dec-2024 23:00:00,0,6.46134055517943,84.8,138.2,6
65813100,15,291930,3.08293083958483e-05,8.43184094585561,27-Jul-2016 07:45:00,31-Dec-2024 23:45:00,0,4.02718918918919,35.35,41.6,8
65812000,15,132104,0,10.9023171819636,06-Feb-2014,31-Dec-2024 23:45:00,0,4.41188340807175,55.85,61.75,8
65809000,15,330823,0,10.9023171819636,06-Feb-2014,31-Dec-2024 23:45:00,0,3.77277533039648,47.9,62.55,8
65808500,15,339619,0,10.9023171819636,06-Feb-2014,31-Dec-2024 23:45:00,0,3.68298337707787,42.85,57.95,8
65803001,60,84274,0,9.8516738878964,24-Feb-2015 17:00:00,31-Dec-2024 23:00:00,0,13.3534591194969,120.6,165.2,6
65774400,60,84498,3.5503798906483e-05,9.8516738878964,24-Feb-2015 17:00:00,31-Dec-2024 23:00:00,0,12.5911517925248,177.4,178.4,6
65293000,60,91828,0,11.0004540362453,01-Jan-2014,31-Dec-2024 20:00:00,0,8.19728383884108,115.6,126.2,6
65275000,60,59468,0,11.0007962746212,01-Jan-2014,31-Dec-2024 23:00:00,0,9.01575757575758,125.2,142.2,6
65271000,60,94956,0,11.0007962746212,01-Jan-2014,31-Dec-2024 23:00:00,0,7.71106651376146,93.2,129,6
65258000,60,93737,0,11.0004540362453,01-Jan-2014,31-Dec-2024 20:00:00,0,5.67434706906559,79.6,79.6,6
65141000,60,52057,0,6.24562220077528,03-Oct-2018 16:00:00,31-Dec-2024 20:00:00,0,13.8732265446224,148.8,148.8,6
65025000,15,377431,2.6494909003235e-06,11.0008818342152,01-Jan-2014,31-Dec-2024 23:45:00,0,3.59573705179283,31.55,35.5,8
65010000,15,383325,2.60875236418183e-06,11.0008818342152,01-Jan-2014,31-Dec-2024 23:45:00,0,2.69227373068433,27.35,27.35,8
65006090,15,262491,0,10.9017182648058,06-Feb-2014 05:15:00,31-Dec-2024 23:45:00,0,2.77899045020464,32.6,46.5,8
65004995,15,256012,3.90606690311392e-06,7.66756561280063,02-May-2017 11:15:00,31-Dec-2024 23:45:00,0,3.03539458186101,23.7,31.45,8
64864200,15,296994,0,8.58995507550919,30-May-2016 13:45:00,31-Dec-2024 23:45:00,0,3.92725563909774,50.35,50.55,8
64864150,15,298187,0,8.59152366806528,30-May-2016,31-Dec-2024 23:45:00,0,3.97474747474747,49.2,49.2,8
64863100,15,296157,3.37658741815996e-06,8.59152366806528,30-May-2016,31-Dec-2024 23:45:00,0,4.33978007761966,70,70,8
64850100,60,55616,0,6.49511397678711,04-Jul-2018 13:00:00,31-Dec-2024 20:00:00,0,8.04963144963146,127.8,144.6,6
64850050,60,53095,0,6.49191975194563,05-Jul-2018 17:00:00,31-Dec-2024 20:00:00,0,10.4569395017794,133.6,133.8,6
64767000,15,341261,0,10.902203102505,06-Feb-2014 01:00:00,31-Dec-2024 23:45:00,0,4.50186194368756,35.2,38.95,8
64682000,15,323215,0,10.3807173772676,05-Feb-2014 23:45:00,24-Jun-2024 11:15:00,0,3.77260705289673,32.65,36.95,8
64675002,15,305481,0,10.9023457018282,05-Feb-2014 23:45:00,31-Dec-2024 23:45:00,0,3.80415162454874,35.4,42.8,8
64672100,60,36133,0,4.28562302214739,18-Sep-2020 13:00:00,31-Dec-2024 20:00:00,0,10.4598214285714,120.8,132,6
64645000,15,281290,0,10.8819254787344,13-Feb-2014 10:45:00,31-Dec-2024 23:45:00,0,4.05878684807256,74.85,79.65,8
64633050,60,78709,0,10.0900999564216,29-Nov-2014 12:00:00,31-Dec-2024 20:00:00,0,7.21429444105069,115,135.6,6
64571080,60,73524,0,9.85270060302402,24-Feb-2015 06:00:00,31-Dec-2024 21:00:00,0,10.9339895013123,138.4,142,6
64565500,15,334289,0,10.9023457018282,05-Feb-2014 23:45:00,31-Dec-2024 23:45:00,0,3.75035087719298,32.45,32.45,8
64546900,15,275221,0,10.2011563093926,05-Feb-2014 23:45:00,19-Apr-2024 21:15:00,0,3.95377643504532,45.7,46.7,8
64541000,15,304417,0,10.9020034634524,06-Feb-2014 02:45:00,31-Dec-2024 23:45:00,0,3.33970207253886,28.8,31.85,8
64516080,60,73540,0,9.85144572897915,24-Feb-2015 19:00:00,31-Dec-2024 23:00:00,0,11.3168662674651,483.6,494.1,6
64515920,15,291864,0,10.9023457018282,05-Feb-2014 23:45:00,31-Dec-2024 23:45:00,0,3.41017080745342,22.6,29.25,8
64508500,15,319405,0,10.9022316223696,06-Feb-2014 00:45:00,31-Dec-2024 23:45:00,0,3.78650793650794,26.25,31.8,8
64506000,15,295729,0,10.9023457018282,05-Feb-2014 23:45:00,31-Dec-2024 23:45:00,0,3.135390625,30.65,32.25,8
64504210,15,323214,0,10.9024597812869,05-Feb-2014 22:45:00,31-Dec-2024 23:45:00,0,3.66589147286822,27.05,33.2,8
64501000,15,284420,0,10.9014330661592,06-Feb-2014 07:45:00,31-Dec-2024 23:45:00,0,3.59724576271186,20.7,26.2,8
64497000,60,76672,0,9.06076100125259,10-Dec-2015 14:00:00,31-Dec-2024 23:00:00,0,10.6927589367553,222.6,225.8,6
64489000,15,336924,0,9.85175944749037,24-Feb-2015 17:00:00,31-Dec-2024 23:45:00,0,3.3055900621118,26.9,26.9,8
64480995,15,335854,0.000122076854823822,9.85175944749037,24-Feb-2015 17:00:00,31-Dec-2024 23:45:00,0,3.93117195004803,65,90.1,8
64469850,30,100852,0,6.0926416467598,28-Nov-2018 16:30:00,31-Dec-2024 23:30:00,0,5.09289340101523,70,112.375,7
64464995,15,338104,2.66190284646144e-05,9.85175944749037,24-Feb-2015 17:00:00,31-Dec-2024 23:45:00,0,3.31079717457114,37.8,40.55,8
64461000,30,98905,0,6.0926416467598,28-Nov-2018 16:30:00,31-Dec-2024 23:30:00,0,3.61717902350814,48.7,50.1,7
64444000,15,336738,1.48483390647922e-05,9.85175944749037,24-Feb-2015 17:00:00,31-Dec-2024 23:45:00,0,3.18150548354935,35.85,36,8
64441020,15,328547,0,10.9022316223696,06-Feb-2014 00:45:00,31-Dec-2024 23:45:00,0,3.26627906976744,41.95,55.9,8
64360000,15,308379,0,11.0008818342152,01-Jan-2014,31-Dec-2024 23:45:00,0,3.24542635658915,27.55,29.3,8
64345080,60,72664,0,9.85281468248264,24-Feb-2015 07:00:00,31-Dec-2024 23:00:00,0,10.7486338797814,135.6,135.6,6
64345075,60,74287,0,9.85281468248264,24-Feb-2015 07:00:00,31-Dec-2024 23:00:00,0,9.17790834312572,139.7,170.7,6
64314700,60,33897,0,5.00204202230938,31-Dec-2019 21:00:00,31-Dec-2024 20:00:00,0,7.61374321880651,74,109,6
64309000,60,43624,0,11.0007962746212,01-Jan-2014,31-Dec-2024 23:00:00,0,8.67471590909091,82.2,90.8,6
64270080,60,74187,0,9.8512175700619,24-Feb-2015 19:00:00,31-Dec-2024 21:00:00,0,9.78493292053663,135.1,143.4,6
64241300,60,80469,0,10.4435181192404,23-Jul-2014 13:00:00,31-Dec-2024 23:00:00,0,6.04006042296073,166.2,178.2,6
64241200,60,79030,0,9.55586585168301,12-Jun-2015 15:00:00,31-Dec-2024 20:00:00,0,6.91235632183909,111,113.4,6
64240000,15,340653,0,10.9010337880541,05-Feb-2014 23:45:00,31-Dec-2024 12:15:00,0,3.30290068829892,28.45,30.15,8
64230600,60,63526,0,10.335484871923,01-Sep-2014,31-Dec-2024 23:00:00,0,7.40722120658136,126.8,126.8,6
64230450,60,58116,0,10.8381626970818,01-Mar-2014 09:37:00,31-Dec-2024 23:00:00,0,8.49757174392936,87.4,105,6
64230400,60,89632,0,10.9605262257267,15-Jan-2014 14:00:00,31-Dec-2024 20:00:00,0,7.54269377382464,103.6,127,6
64230230,60,92984,0,10.9363413804983,24-Jan-2014 10:00:00,31-Dec-2024 20:00:00,0,8.14452473596441,84.6,102.8,6
64230200,60,88258,0,10.8042373674111,13-Mar-2014 16:00:00,31-Dec-2024 20:00:00,0,8.02143864598025,84,84,6
64220050,60,76383,0,9.85270060302402,24-Feb-2015 08:00:00,31-Dec-2024 23:00:00,0,10.3364326375712,96,116.4,6
64215080,60,73718,0,9.85144572897915,24-Feb-2015 19:00:00,31-Dec-2024 23:00:00,0,9.64704595185995,88.1,119.6,6
64182000,60,68840,0,9.81357134871581,10-Mar-2015 15:00:00,31-Dec-2024 23:00:00,0,9.82174528301887,220.5,283.1,6
64105800,60,67794,0,9.85155980843777,24-Feb-2015 18:00:00,31-Dec-2024 23:00:00,0,9.81231003039514,180,315,6
64007000,60,47556,0,5.59708047849488,28-May-2019 15:00:00,31-Dec-2024 22:00:00,0,7.08281250000001,106.4,106.4,6
63905000,60,52692,0,11.0007962746212,01-Jan-2014,31-Dec-2024 23:00:00,0,12.1994372990354,177.75,182.5,6
63250950,60,57490,0,6.92462313850843,28-Jan-2018 19:00:00,31-Dec-2024 23:00:00,0,6.74532110091743,128,128,6
63250900,60,73790,0,9.00212415951959,01-Jan-2016,31-Dec-2024 23:00:00,0,7.50729783037476,261.2,284,6
63250800,60,69393,0,8.66182513444264,04-May-2016 07:00:00,31-Dec-2024 23:00:00,0,8.32668067226892,124,132.8,6
63250700,60,73180,0,9.00212415951959,01-Jan-2016,31-Dec-2024 23:00:00,0,7.29798515376459,275,294,6
63170100,60,84398,0,10.0818862354007,02-Dec-2014 15:00:00,31-Dec-2024 23:00:00,0,7.03672400897532,480,480,6
63001228,15,325451,6.14531834285346e-05,9.42207916658111,31-Jul-2015 15:30:00,31-Dec-2024 23:45:00,0,3.26089324618736,78.85,91.7,8
63001225,15,324098,8.02226487050213e-05,9.42207916658111,31-Jul-2015 15:30:00,31-Dec-2024 23:45:00,0,3.25618393234672,25.75,26.25,8
62885700,30,141155,0,8.33493044575408,26-May-2016,25-Sep-2024 06:30:00,0,3.65330188679245,36.75,36.875,7
62871000,30,143462,0,8.60233269676995,26-May-2016 01:00:00,31-Dec-2024 23:30:00,0,6.02417437252312,93.4,95.6,7
62849500,30,140734,0,8.60227565704064,26-May-2016 01:30:00,31-Dec-2024 23:30:00,0,4.55150724637681,177.1,208.3,7
62776450,30,44321,0,9.80849481280702,12-Mar-2015 12:00:00,31-Dec-2024 23:30:00,0,4.10534602076125,33.7,36.1,7
62741000,15,145339,0,8.38697919875151,12-Aug-2016 17:00:00,31-Dec-2024 23:45:00,0,2.80033333333333,38.75,39.95,8
62560000,15,142074,2.81543421034109e-05,5.98412356174323,07-Jan-2019 08:00:00,31-Dec-2024 23:45:00,0,3.7233918128655,38.75,50.75,8
62473200,30,93932,0,9.83998074338738,01-Mar-2015,31-Dec-2024 23:30:00,0,9.64292813455658,310.3,389.2,7
62472800,30,95252,1.04984672237853e-05,9.84009482284601,28-Feb-2015 23:00:00,31-Dec-2024 23:30:00,0,7.07981682496608,61.8,64.25,7
62346000,15,289759,0,9.62553988103794,18-May-2015 08:00:00,31-Dec-2024 23:45:00,0,3.63935079726651,41.6,41.6,8
61924950,60,81012,3.70315508813509e-05,9.85190204681365,24-Feb-2015 15:00:00,31-Dec-2024 23:00:00,0,10.4410416666667,136.2,159.2,6
61890000,60,83427,0,9.85155980843777,24-Feb-2015 18:00:00,31-Dec-2024 23:00:00,0,10.5312,100.6,112.6,6
61872600,30,26339,0,9.84009482284601,28-Feb-2015 23:00:00,31-Dec-2024 23:30:00,0,4.16891191709845,35.2,45.2,7
61865500,60,40079,0.00164674767334514,8.88850101872957,15-May-2015 06:00:00,03-Apr-2024 17:00:00,0,11.404214559387,112,112,6
61861010,60,35108,0,6.0507744854446,16-Mar-2018 17:00:00,03-Apr-2024 17:00:00,0,8.42767295597485,82.4,117.6,6
61828500,60,72731,0,8.86020931299069,21-Feb-2016 20:00:00,31-Dec-2024 23:00:00,0,6.2295054484493,81.2,115.8,6
61795100,60,75497,2.64911188524047e-05,9.37162752600441,19-Aug-2015 01:00:00,31-Dec-2024 23:00:00,0,9.21362179487179,159.4,162.6,6
61787000,60,77589,1.28884249055923e-05,9.37162752600441,19-Aug-2015 01:00:00,31-Dec-2024 23:00:00,0,9.61816593886463,124.2,140.4,6
61776900,15,159618,0,9.78602115945799,20-Mar-2015 17:00:00,31-Dec-2024 23:30:00,0,4.31053459119497,55.1,78.8,8
61730080,60,73364,8.1783981244207e-05,8.41678245731717,01-Aug-2016 19:00:00,31-Dec-2024 23:00:00,0,11.4685920577617,112,116.4,6
61710000,60,37646,0,9.84038002149257,28-Feb-2015 20:00:00,31-Dec-2024 23:00:00,0,8.26372549019608,132,134.8,6
61696000,60,69070,1.44780657304184e-05,8.41678245731717,01-Aug-2016 19:00:00,31-Dec-2024 23:00:00,0,8.216,88.8,102.8,6
61661000,60,73504,5.44188071397475e-05,9.35679719638322,24-Aug-2015 11:00:00,31-Dec-2024 23:00:00,0,13.6214828897338,180,194.8,6
61566000,60,53828,0,9.63389620138219,15-May-2015 06:00:00,31-Dec-2024 23:00:00,0,10.9888338658147,80,85,6
61410000,60,62765,0,11.0007962746212,01-Jan-2014,31-Dec-2024 23:00:00,0,9.70550847457627,96.2,96.4,6
61305000,15,262822,1.1414569556582e-05,8.9328779281345,26-Jan-2016 07:45:00,31-Dec-2024 23:45:00,0,3.39097135740971,27.05,28.35,8
61271000,15,265416,0,8.33413188954371,01-Sep-2016 00:15:00,31-Dec-2024 23:45:00,0,3.05285547785548,25.8,28.2,8
61268700,15,148759,0,11.0008818342152,01-Jan-2014,31-Dec-2024 23:45:00,0,2.7431154822335,18.4375,18.9375,8
61262100,60,67443,0,8.57056156754303,06-Jun-2016 15:00:00,31-Dec-2024 23:00:00,0,5.69567567567568,57.6,60.8,6
61255300,60,43953,0,7.60750277783482,24-May-2017 09:00:00,31-Dec-2024 23:00:00,0,12.1297405189621,126,126,6
61203000,60,78073,0,9.38805496804634,13-Aug-2015 01:00:00,31-Dec-2024 23:00:00,0,9.36223977027996,118.8,125.2,6
61176000,60,78022,0,9.38805496804634,13-Aug-2015 01:00:00,31-Dec-2024 23:00:00,0,10.6011461318052,102.2,106.6,6
61135000,15,200147,0,6.86230723423479,20-Feb-2018 14:00:00,31-Dec-2024 23:45:00,0,3.45360824742268,28.65,29.65,8
61116000,60,90230,0,11.0003399567867,01-Jan-2014 01:00:00,31-Dec-2024 20:00:00,0,7.08801237432327,138.6,138.6,6
61112000,60,89558,0,10.8593377459268,21-Feb-2014 13:00:00,31-Dec-2024 20:00:00,0,5.38707224334601,97.6,107,6
61106900,60,76875,0.000897560975609756,9.37162752600441,19-Aug-2015 01:00:00,31-Dec-2024 23:00:00,0,8.70876923076923,110.6,115.6,6
61078600,60,77906,1.28359818242497e-05,9.37162752600441,19-Aug-2015 01:00:00,31-Dec-2024 23:00:00,0,11.5009193054137,103.4,147.6,6
61078500,60,54529,1.83388655577766e-05,11.0007962746212,01-Jan-2014,31-Dec-2024 23:00:00,0,7.9347471451876,74.6,78.2,6
61065090,60,69988,5.71526547408127e-05,11.0007962746212,01-Jan-2014,31-Dec-2024 23:00:00,0,12.1826484018265,404,406,6
61061080,60,50227,0,11.0007962746212,01-Jan-2014,31-Dec-2024 23:00:00,0,10.3825503355705,57,66,6
61060000,15,231646,0,6.8623642739641,20-Feb-2018 13:30:00,31-Dec-2024 23:45:00,0,3.21923631123919,21.4,31.15,8
60961050,30,156523,0,9.75544786454661,31-Mar-2015 21:00:00,31-Dec-2024 23:30:00,0,5.22345857418112,79.25,79.25,7
60944000,60,84269,0,9.8516738878964,24-Feb-2015 17:00:00,31-Dec-2024 23:00:00,0,7.27836391437309,121.6,121.6,6
60921600,30,93924,1.06469060091138e-05,9.42108097131814,01-Aug-2015,31-Dec-2024 23:30:00,0,9.49936868686869,178.7,182.1,7
60897000,30,155422,0,9.58843553712031,31-May-2015 21:00:00,31-Dec-2024 23:30:00,0,5.00335698689956,57.375,88.375,7
60886000,30,145073,0,9.58843553712031,31-May-2015 21:00:00,31-Dec-2024 23:30:00,0,4.18577313054499,119.625,119.625,7
60883000,30,147703,0,9.58832145766169,31-May-2015 22:00:00,31-Dec-2024 23:30:00,0,4.65982532751092,57.75,63.75,7
60805100,30,113317,0,6.63548875062459,14-May-2018 10:00:00,31-Dec-2024 23:30:00,0,4.26929245283019,38.3,43.8,7
60787000,30,130150,0,7.5729937416009,06-Jun-2017,31-Dec-2024 23:30:00,0,4.9715923566879,52.5,56.7,7
60781000,15,377502,0,11.0008818342152,01-Jan-2014,31-Dec-2024 23:45:00,0,3.18869441816462,30.6,34.95,8
60710800,60,74779,0,9.00212415951959,01-Jan-2016,31-Dec-2024 23:00:00,0,8.29747474747475,124,124,6
60670100,60,45177,0,9.63401028084081,15-May-2015 05:00:00,31-Dec-2024 23:00:00,0,23.734221598878,332.8,408.8,6
60641100,30,70674,0,4.07543161963171,04-Dec-2020 11:00:00,31-Dec-2024 23:30:00,0,4.73496503496503,57.1,57.1,7
60635200,15,138185,0,4.36507936507936,20-Aug-2020 16:15:00,31-Dec-2024 23:45:00,0,2.08423180592992,15.35,17.7,8
60617000,30,83816,0,4.84432717076098,27-Feb-2020 15:00:00,31-Dec-2024 23:30:00,0,5.33861607142857,59.1,62,7
60591000,60,60204,4.9830576041459e-05,7.89589564923761,08-Feb-2017 01:00:00,31-Dec-2024 23:00:00,0,9.59358974358975,154.6,161.6,6
60544990,60,72766,5.49707280872935e-05,8.41678245731717,01-Aug-2016 19:00:00,31-Dec-2024 23:00:00,0,9.39278969957081,101.4,113,6
60510100,60,71159,4.21591084753861e-05,8.41678245731717,01-Aug-2016 19:00:00,31-Dec-2024 23:00:00,0,10.8934782608696,93.6,94.4,6
60500000,60,72093,4.16129166493279e-05,8.41678245731717,01-Aug-2016 19:00:00,31-Dec-2024 23:00:00,0,10.1694117647059,102.6,102.6,6
60479280,15,202209,0.000138470592307959,6.67738443180444,29-Apr-2018,31-Dec-2024 20:45:00,0,5.78505477308294,195.85,199.65,8
60478610,15,196720,0,5.85752388253466,22-Feb-2019 10:45:00,31-Dec-2024 20:45:00,0,2.32222222222222,16.95,17.95,8
60477100,15,342515,0,10.1256642276478,16-Nov-2014 16:00:00,31-Dec-2024 23:45:00,0,2.74478649453823,27.6,27.6,8
60472235,15,187755,4.26087188090863e-05,6.34498540923724,28-Aug-2018 12:45:00,31-Dec-2024 23:45:00,0,3.77408477842004,51.6,51.6,8
60435200,15,215045,0,7.81792233926775,08-Mar-2017 13:15:00,31-Dec-2024 23:45:00,0,3.70006657789614,41.65,42.4,8
60229800,60,29825,0,4.48069889639532,09-Jul-2020 10:00:00,31-Dec-2024 23:00:00,0,9.72754491017964,75,75,6
60180070,60,42014,0.00307040510306088,7.24632721182958,04-Jan-2017 18:00:00,04-Apr-2024 10:00:00,0,10.7679214402619,120.2,128,6
60179000,60,66526,3.00634338454138e-05,7.89598120883158,08-Feb-2017 01:00:00,31-Dec-2024 23:45:00,0,14.0782201405152,230,244.6,6
60022000,15,274472,0,9.64319367726008,11-May-2015 21:15:00,31-Dec-2024 23:45:00,0,2.97187981510015,26.25,26.25,8
60020500,15,283968,3.52152355194952e-06,9.64319367726008,11-May-2015 21:15:00,31-Dec-2024 23:45:00,0,2.76975036710719,26.4,26.95,8
60018800,60,72262,2.76770640170491e-05,8.41678245731717,01-Aug-2016 19:00:00,31-Dec-2024 23:00:00,0,12.0246200607903,169.6,195.2,6
60018500,60,72025,5.55362721277334e-05,8.41678245731717,01-Aug-2016 19:00:00,31-Dec-2024 23:00:00,0,11.8194174757282,202.6,203.6,6
59310000,60,64486,0,7.94917075641526,19-Jan-2017 14:00:00,31-Dec-2024 23:00:00,0,6.11418269230769,97.2,102.3,6
58974000,15,323576,0,11.0008818342152,01-Jan-2014,31-Dec-2024 23:45:00,0,2.77516382699869,42.55,47.45,8
58960000,15,268168,3.72900569792071e-06,8.88556347266998,27-Jan-2016 14:30:00,15-Dec-2024 23:45:00,0,2.67734248788368,32.9,33.25,8
58940000,15,247711,0,8.9293699847818,27-Jan-2016 14:30:00,31-Dec-2024 23:45:00,0,3.31351030110935,27,27.4,8
58930000,15,260328,0,8.9293699847818,27-Jan-2016 14:30:00,31-Dec-2024 23:45:00,0,3.10826873385013,29.05,30.2,8
58918180,60,78164,0,9.8516738878964,24-Feb-2015 17:00:00,31-Dec-2024 23:00:00,0,9.92356828193833,127.4,127.4,6
58918140,60,74240,0,9.85155980843777,24-Feb-2015 18:00:00,31-Dec-2024 23:00:00,0,7.83958762886599,104.2,108.4,6
58880001,15,374011,0,11.0008818342152,01-Jan-2014,31-Dec-2024 23:45:00,0,2.8520706455542,25.05,26.15,8
58848200,60,57644,1.73478592741656e-05,8.47450666338118,11-Jul-2016 17:00:00,31-Dec-2024 23:00:00,0,16.9987984981227,366,442,6
58846000,15,366066,0,10.7309127953802,09-Apr-2014 14:30:00,31-Dec-2024 23:45:00,0,3.16199324324324,29.8,29.8,8
58790002,15,241400,0,7.30365213978841,12-Sep-2017 09:15:00,31-Dec-2024 23:45:00,0,3.39419795221843,41.7,44,8
58788600,60,81088,1.23322809786898e-05,9.65865144390371,06-May-2015 05:00:00,31-Dec-2024 23:00:00,0,9.20080889787664,107.4,109.6,6
58737050,60,34077,0,4.99782108234027,02-Jan-2020 13:00:00,31-Dec-2024 23:00:00,0,9.99028340080972,103,103,6
58735000,15,173247,0,5.42259594652868,31-Jul-2019 10:15:00,31-Dec-2024 23:45:00,0,3.30081135902637,23.95,25.05,8
58732000,60,81665,0,9.85155980843777,24-Feb-2015 18:00:00,31-Dec-2024 23:00:00,0,10.3818181818182,86.4,102,6
58731700,60,75603,1.32269883470233e-05,9.00702957624044,30-Dec-2015 05:00:00,31-Dec-2024 23:00:00,0,9.9779112754159,113.5,127.5,6
58730001,15,105489,0,5.38389449019031,14-Aug-2019 13:30:00,31-Dec-2024 23:45:00,0,3.77737341772152,22.95,24,8
58729800,60,76337,1.30998074328307e-05,9.00657325840595,30-Dec-2015 09:00:00,31-Dec-2024 23:00:00,0,10.5461397058823,119.4,120,6
58680001,15,105527,0,5.1177471132193,19-Nov-2019 18:30:00,31-Dec-2024 23:45:00,0,3.43076923076923,25.45,26.7,8
58652000,60,78065,1.28098379555499e-05,9.81436990492618,10-Mar-2015 08:00:00,31-Dec-2024 23:00:00,0,6.33404471544716,359.4,362.8,6
58650500,60,56484,0,8.36738605173275,19-Aug-2016 20:00:00,31-Dec-2024 23:00:00,0,8.97755775577558,118.2,162.4,6
58610500,30,156847,0,9.58843553712031,31-May-2015 21:00:00,31-Dec-2024 23:30:00,0,4.68927696078431,51.3,52.25,7
58594000,30,158204,0,9.58832145766169,31-May-2015 22:00:00,31-Dec-2024 23:30:00,0,4.05803571428571,37.75,42.875,7
58586000,30,160216,0,9.58832145766169,31-May-2015 22:00:00,31-Dec-2024 23:30:00,0,4.70824496288441,56.5,58.375,7
58585000,15,315272,0,10.9956341791184,01-Jan-2014,30-Dec-2024 01:45:00,0,2.98108258928571,20.3,28.7,8
58551000,30,159130,0,9.58832145766169,31-May-2015 22:00:00,31-Dec-2024 23:30:00,0,4.20700531208499,37.5,43.375,7
58530000,15,333078,0,11.0008818342152,01-Jan-2014,31-Dec-2024 23:45:00,0,3.11767330130405,25.5,28.15,8
58521085,30,94457,0,9.83998074338738,01-Mar-2015,31-Dec-2024 23:30:00,0,6.26050122249389,91.9,92.5,7
58520000,15,370835,8.08985128156727e-06,11.0008818342152,01-Jan-2014,31-Dec-2024 23:45:00,0,3.42573599240266,32.25,40.55,8
58480501,60,56050,0.00032114183764496,9.6139322961229,22-May-2015 13:00:00,31-Dec-2024 23:00:00,0,12.7275747508306,115,115,6
58470800,60,48137,0.000602447182001371,7.60750277783482,24-May-2017 09:00:00,31-Dec-2024 23:00:00,0,7.18473091364206,62.6,76.4,6
58421000,60,45726,0,5.95289430994476,18-Jan-2019 16:00:00,31-Dec-2024 22:00:00,0,32.5961194029851,138.4,179.8,6
58380001,15,364805,2.74119049903373e-06,11.0008818342152,01-Jan-2014,31-Dec-2024 23:45:00,0,3.22343558282209,31.4,31.85,8
58358000,60,79293,0,9.81436990492618,10-Mar-2015 08:00:00,31-Dec-2024 23:00:00,0,5.6456607495069,386,386,6
58351500,60,80151,0,9.81436990492618,10-Mar-2015 08:00:00,31-Dec-2024 23:00:00,0,5.74963963963964,93.9,93.9,6
58347000,60,58159,0,9.81414174600893,10-Mar-2015 10:00:00,31-Dec-2024 23:00:00,0,7.24953703703704,133.2,139.8,6
58338500,60,58976,0,7.94928483587388,19-Jan-2017 13:00:00,31-Dec-2024 23:00:00,0,7.00450160771705,125.8,125.8,6
58336000,60,68882,0,9.85133164952052,24-Feb-2015 20:00:00,31-Dec-2024 23:00:00,0,8.68023872679045,120.6,194,6
58318000,60,77000,0,9.6907077717772,24-Apr-2015 12:00:00,31-Dec-2024 23:00:00,0,7.92115891132573,87.2,87.2,6
58212150,30,135716,0,7.99736932768412,02-Jan-2017,31-Dec-2024 23:30:00,0,3.95032967032967,41.5,41.5,7
57769000,30,156161,0,9.5864961863237,01-Jun-2015 14:00:00,31-Dec-2024 23:30:00,0,4.60928655660377,46.3,56.1,7
57750000,15,164617,0,6.39920167194855,08-Aug-2018 17:30:00,31-Dec-2024 23:45:00,0,3.03694690265487,21.3,26.55,8
57562000,60,79161,0,9.72082474885407,13-Apr-2015 12:00:00,31-Dec-2024 23:00:00,0,5.02793522267207,90,96,6
57555500,60,82370,0,9.72071066939545,13-Apr-2015 13:00:00,31-Dec-2024 23:00:00,0,4.89327176781004,87.2,108.2,6
57390000,30,159669,0,9.58706658361682,01-Jun-2015 09:00:00,31-Dec-2024 23:30:00,0,4.25187969924812,48.3,49.7,7
57370030,15,227924,0,9.69829405577573,21-Apr-2015 18:15:00,31-Dec-2024 23:45:00,0,2.34766146993318,27.5,28.25,8
57155000,30,158354,0,9.58854961657894,31-May-2015 20:00:00,31-Dec-2024 23:30:00,0,3.57673122065728,63.1,75.2,7
57151000,30,158975,0,9.42655678533212,30-Jul-2015,31-Dec-2024 23:30:00,0,3.98389570552147,58.7,68.7,7
56998200,15,144871,0,9.97687609373681,10-Jan-2015 00:15:00,31-Dec-2024 23:45:00,0,2.41199040767386,21.05,28.2,8
56992380,60,47693,0,9.85920313216562,21-Feb-2015 23:00:00,31-Dec-2024 23:00:00,0,7.59092970521542,72.8,73.6,6
56992370,60,52387,0,9.6218608184973,19-May-2015 15:30:00,31-Dec-2024 23:00:00,0,8.68201160541586,132.8,138.2,6
56991350,60,43641,0,5.09604349621598,31-Jul-2019 06:00:00,03-Sep-2024 13:00:00,0,8.82529069767442,149.8,154.4,6
56990005,60,52778,0,7.97221480705741,11-Jan-2017 04:00:00,31-Dec-2024 23:00:00,0,7.18733705772812,124.7,124.8,6
56960003,60,39220,0,6.62915734067092,16-May-2018 17:00:00,31-Dec-2024 23:00:00,0,7.40210084033614,101.4,149.2,6
56895000,60,43757,0,7.97654982648514,09-Jan-2017 14:00:00,31-Dec-2024 23:00:00,0,7.74796163069545,205.4,209,6
56846860,60,44285,0.00160325166534944,8.16249934404311,02-Nov-2016 16:00:00,31-Dec-2024 23:00:00,0,9.5036750483559,225.8,225.8,6
56846801,60,58375,0.000428265524625268,11.0007962746212,01-Jan-2014,31-Dec-2024 23:00:00,0,12.7019607843137,199,221,6
56825000,15,358615,0,11.0008818342152,01-Jan-2014,31-Dec-2024 23:45:00,0,3.73239355581128,37.9,59.5,8
56819081,60,61302,1.63126814785815e-05,9.58107741203903,03-Jun-2015 13:00:00,31-Dec-2024 23:00:00,0,11.8351409978308,92,101,6
56787100,60,45421,0.00158516985535325,7.60750277783482,24-May-2017 09:00:00,31-Dec-2024 23:00:00,0,11.2536672629696,184.4,206,6
56777500,60,37294,0,5.44889126174163,21-Jul-2019 19:00:00,31-Dec-2024 23:00:00,0,12.2135231316726,152,164,6
56777000,60,42228,0.00251018281708819,7.73789559904264,06-Apr-2017 18:00:00,31-Dec-2024 23:00:00,0,7.63922114047289,229.6,338.2,6
56674000,60,37015,0,9.46845246651197,14-Jul-2015 17:00:00,31-Dec-2024 23:45:00,0,10.3751219512195,106,146.8,6
56660002,60,47645,0.000104942806170637,7.91346388586578,01-Feb-2017 15:00:00,31-Dec-2024 23:00:00,0,9.12398648648649,142.4,146.8,6
56650600,60,48230,4.14679659962679e-05,8.17892678608504,27-Oct-2016 16:00:00,31-Dec-2024 23:00:00,0,9.81441441441442,99,131.8,6
56650080,60,64206,0,11.0007962746212,01-Jan-2014,31-Dec-2024 23:00:00,0,10.903112033195,104,116,6
56620100,15,238842,6.69898928999087e-05,9.56715971808684,08-Jun-2015 15:45:00,31-Dec-2024 23:45:00,0,7.54034090909091,243.75,278.8,8
56568050,60,41787,0.000382894201545935,8.16227118512586,02-Nov-2016 18:00:00,31-Dec-2024 23:00:00,0,8.71052631578948,95.4,95.4,6
56568000,60,49620,8.06126561870214e-05,9.63389620138219,15-May-2015 06:00:00,31-Dec-2024 23:00:00,0,8.49309838472834,151,160.2,6
56425000,15,248189,0,7.51104859556779,28-Jun-2017 15:15:00,31-Dec-2024 23:45:00,0,3.87036713286713,60.8,60.8,8
56337500,60,43676,0,8.20721849182392,17-Oct-2016 08:00:00,31-Dec-2024 23:00:00,0,8.07830578512396,87.6,89.5,6
56337200,60,69514,0,8.20687625344805,17-Oct-2016 08:00:00,31-Dec-2024 20:00:00,0,8.73791866028708,113.8,120.8,6
56230100,60,70211,0,9.52255464976465,24-Jun-2015 22:00:00,31-Dec-2024 23:00:00,0,11.3366132723112,127.9,127.9,6
56149000,60,75208,0,9.52255464976465,24-Jun-2015 22:00:00,31-Dec-2024 23:00:00,0,11.0764331210191,101.5,130.3,6
56148500,60,76122,0,9.52255464976465,24-Jun-2015 22:00:00,31-Dec-2024 23:00:00,0,10.4337714863499,231,264,6
56096000,60,77129,2.59305838270949e-05,9.52552071568889,23-Jun-2015 20:00:00,31-Dec-2024 23:00:00,0,10.2498940677966,107.7,151.4,6
56093000,60,79292,0,9.85155980843777,24-Feb-2015 18:00:00,31-Dec-2024 23:00:00,0,8.7442842430484,123.4,123.4,6
56092000,60,82568,0,9.85155980843777,24-Feb-2015 18:00:00,31-Dec-2024 23:00:00,0,10.4628571428572,84.4,124.9,6
56083000,15,233902,0,7.78207286939499,21-Mar-2017 15:30:00,31-Dec-2024 23:45:00,0,3.8971875,29.25,32.7,8
55357000,30,154250,0,9.50595608853479,01-Jul-2015,31-Dec-2024 23:30:00,0,4.13085480093677,55.125,56.375,7
53950000,15,223478,0,7.10643727569126,23-Nov-2017 10:00:00,31-Dec-2024 23:45:00,0,2.20714285714286,79.25,86.55,8
53780000,15,159520,0,4.8144098327367,09-Mar-2020 13:30:00,31-Dec-2024 23:45:00,0,1.8485401459854,23.95,24.25,8
53620000,15,300926,0,10.0600685389387,10-Dec-2014 15:00:00,31-Dec-2024 23:45:00,0,2.7301393728223,30.45,30.45,8
53470000,15,217757,0,8.66727242859196,02-May-2016 08:00:00,31-Dec-2024 23:45:00,0,3.11024734982332,24.4,25.9,8
53460500,15,338280,0,10.0600685389387,10-Dec-2014 15:00:00,31-Dec-2024 23:45:00,0,2.75380818053597,32.3,32.3,8
53170000,15,50474,0,4.17459518904107,29-Oct-2020 06:00:00,31-Dec-2024 23:45:00,0,2.41476683937824,33.1,33.5,8
52790020,60,22078,0,4.20063382547212,19-Oct-2020 17:00:00,31-Dec-2024 23:00:00,0,5.43844282238443,58.8,58.8,6
52697080,60,35108,0,4.25596236290501,29-Sep-2020 12:00:00,31-Dec-2024 23:00:00,0,5.80298062593145,104,129.8,6
52370010,60,30006,0,4.25596236290501,29-Sep-2020 12:00:00,31-Dec-2024 23:00:00,0,4.37321428571428,92.2,142.4,6
51890000,15,156051,0,4.71111088295219,16-Apr-2020 07:00:00,31-Dec-2024 23:45:00,0,2.95328587075575,36.25,37.3,8
51794100,30,96905,0,5.61430647674718,22-May-2019 09:30:00,31-Dec-2024 23:30:00,0,2.73624309392265,38.4,42.9,7
51793900,30,95075,0,5.61430647674718,22-May-2019 09:30:00,31-Dec-2024 23:30:00,0,3.9880042462845,115,115.2,7
51240000,15,339553,5.8900966859371e-06,11.0008818342152,01-Jan-2014,31-Dec-2024 23:45:00,0,2.14341372912801,29.45,29.45,8
51108000,15,209172,0.000922685636700897,6.72198950012663,27-Jan-2018 15:30:00,17-Oct-2024 19:15:00,0,2.13267946577629,32.95,36.7,8
50660000,15,124673,0,4.81432427314273,09-Mar-2020 14:15:00,31-Dec-2024 23:45:00,0,2.92484825493171,52.4,55.45,8
50595000,15,162475,0,6.36149841087314,22-Aug-2018 12:00:00,31-Dec-2024 23:45:00,0,2.03912213740458,20.1,30.75,8
50465000,15,149322,0,6.40276665503056,07-Aug-2018 10:15:00,31-Dec-2024 23:45:00,0,3.13325242718447,153.9,157.7,8
49550000,15,229739,0,7.27593083134265,22-Sep-2017 12:15:00,31-Dec-2024 23:45:00,0,1.45204081632653,19.3,19.4,8
48590001,60,29177,0,4.19595656766851,21-Oct-2020 10:00:00,31-Dec-2024 23:00:00,0,15.9826001955034,139.6,159.8,6
47750080,60,35244,2.83736238792419e-05,4.82476254360687,05-Mar-2020 18:00:00,31-Dec-2024 23:00:00,0,9.0171875,480,480,6
47221000,15,172249,0.000969526673594622,6.91270183508217,02-Feb-2018 04:15:00,31-Dec-2024 23:45:00,0,3.6464,19.35,19.75,8
46902000,15,198566,0,6.47897173339174,10-Jul-2018 14:15:00,31-Dec-2024 23:45:00,0,3.47173333333333,22.7,23.65,8
46870000,15,249900,0,11.0008533143505,01-Jan-2014 00:15:00,31-Dec-2024 23:45:00,0,3.97534090909091,42.85,49.6,8
46770000,15,44086,0,4.02783196552062,11-Sep-2020 13:45:00,21-Sep-2024 17:00:00,0,3.69747899159664,19.2,23.2,8
46675000,15,360189,0,10.9089623104285,01-Jan-2014,28-Nov-2024 10:00:00,0,3.55506756756757,35.9,35.95,8
46455000,15,220519,0,6.4732107207312,12-Jul-2018 16:45:00,31-Dec-2024 23:45:00,0,3.49236790606654,22.25,23.05,8
46415000,15,144434,0,4.81244196207542,10-Mar-2020 06:45:00,31-Dec-2024 23:45:00,0,3.88547297297297,24.9,29,8
45880000,15,135510,0,4.8144098327367,09-Mar-2020 13:30:00,31-Dec-2024 23:45:00,0,4.10798122065728,25.35,27.55,8
45863000,15,100169,0,4.55867220636518,10-Jun-2020 22:15:00,31-Dec-2024 22:45:00,0,3.17818930041152,24.2,31.65,8
45770000,15,330935,0,11.0008818342152,01-Jan-2014,31-Dec-2024 23:45:00,0,3.5540857605178,38.2,39.7,8
45480000,15,213376,0,6.93052675049225,26-Jan-2018 16:00:00,31-Dec-2024 23:45:00,0,1.67312992125984,17.45,17.75,8
45470900,60,34332,0,4.73635096317287,07-Apr-2020 01:00:00,31-Dec-2024 23:00:00,0,37.3202424242424,261.6,268.6,6
44637900,15,159098,0,5.07733446500156,04-Dec-2019 12:45:00,31-Dec-2024 23:45:00,0,3.26893004115226,28.2,28.2,8
44634500,15,160783,0,5.41769052980782,02-Aug-2019 05:15:00,31-Dec-2024 23:45:00,0,3.37273622047244,36.95,36.95,8
44630500,15,183250,0,5.52173099607339,25-Jun-2019 05:15:00,31-Dec-2024 23:45:00,0,3.66902777777778,33.25,35,8
44350000,15,228758,0,8.66730094845662,02-May-2016 07:45:00,31-Dec-2024 23:45:00,0,3.5659200968523,33.3,38.8,8
43300001,15,269722,0,8.33413188954371,01-Sep-2016 00:15:00,31-Dec-2024 23:45:00,0,3.1544,20.75,21.7,8
42980500,15,209206,0,6.3631525630232,21-Aug-2018 21:30:00,31-Dec-2024 23:45:00,0,3.19913043478261,39.6,39.85,8
42454000,15,340007,0,10.1347905843378,13-Nov-2014 08:00:00,31-Dec-2024 23:45:00,0,3.45132158590308,30.95,30.95,8
42450900,15,244171,0,7.45429406490209,19-Jul-2017 08:45:00,31-Dec-2024 23:45:00,0,3.45231092436975,31.45,32.85,8
42450300,15,325519,0,10.1390115243069,11-Nov-2014 19:00:00,31-Dec-2024 23:45:00,0,2.52875862068966,24.8,24.9,8
42255500,15,204276,0,6.3631525630232,21-Aug-2018 21:30:00,31-Dec-2024 23:45:00,0,3.44082568807339,26.2,26.35,8
41990000,15,244474,0,9.32633798093048,04-Sep-2015 14:45:00,31-Dec-2024 23:45:00,0,3.40285412262156,24.25,33.5,8
41781950,30,120148,0,7.66984720197312,01-May-2017 15:00:00,31-Dec-2024 23:30:00,0,5.59037216828479,84.2,84.2,7
41780002,15,195835,0,6.12640916651266,16-Nov-2018 08:45:00,31-Dec-2024 23:45:00,0,3.65906084656085,24.7,29.75,8
41711000,60,53827,0,9.85155980843777,24-Feb-2015 18:00:00,31-Dec-2024 23:00:00,0,11.1190578158458,115.4,136.8,6
41410000,15,137624,0,10.4673322062283,14-Jul-2014 21:00:00,31-Dec-2024 23:45:00,0,3.17081784386617,19,32.95,8
41340000,15,170078,0,6.40547604217289,06-Aug-2018 10:30:00,31-Dec-2024 23:45:00,0,3.51774809160305,32.6,32.6,8
41195050,15,214676,0,7.22653442575823,10-Oct-2017 13:15:00,31-Dec-2024 23:45:00,0,3.73449920508744,50.4,51.65,8
41193000,60,79121,0,9.85155980843777,24-Feb-2015 18:00:00,31-Dec-2024 23:00:00,0,11.0390077821012,174,196.3,6
41192900,60,82424,0,9.64028465106516,12-May-2015 22:00:00,31-Dec-2024 23:00:00,0,9.90115942028988,191,203.3,6
41180500,60,44189,4.52601326121886e-05,9.0598483655836,13-Mar-2015 16:00:00,03-Apr-2024 17:00:00,0,14.1695564516129,463.1,759.1,6
41153050,60,50476,1.98113955147001e-05,9.32348599446486,15-May-2015 06:00:00,09-Sep-2024 14:00:00,0,11.0946788990826,152.5,194.5,6
41135000,15,189726,0,6.10909760866639,22-Nov-2018 16:30:00,31-Dec-2024 23:45:00,0,3.11360856269113,36.75,36.85,8
41020002,60,63537,0,11.0007962746212,01-Jan-2014,31-Dec-2024 23:00:00,0,10.7481840193705,80,116,6
40866000,60,76223,0,9.85110349060328,24-Feb-2015 22:00:00,31-Dec-2024 23:00:00,0,8.91423877327492,99.5,110.1,6
40799000,60,72529,0,9.85155980843777,24-Feb-2015 18:00:00,31-Dec-2024 23:00:00,0,10.7271784232365,144.1,147.9,6
40740000,15,244088,0,7.10672247433783,23-Nov-2017 07:30:00,31-Dec-2024 23:45:00,0,3.75208643815201,37.3,51.1,8
40712500,15,234715,0,10.2348382695515,07-Oct-2014 19:00:00,31-Dec-2024 23:45:00,0,3.34202127659574,28.95,34.25,8
40293000,60,55815,0,6.62824470500193,19-Mar-2015 09:00:00,03-Nov-2021 07:00:00,0,5.93275000000001,131.6,131.6,6
40154080,60,68258,0,11.0007962746212,01-Jan-2014,31-Dec-2024 23:00:00,0,13.1551020408163,98,122,6
39870000,15,363159,0,11.0008818342152,01-Jan-2014,31-Dec-2024 23:45:00,0,2.51273014757555,42.125,54.5,8
39863500,30,123905,0,8.23630875377318,06-Oct-2016 17:30:00,31-Dec-2024 23:30:00,0,3.26592548076923,36.625,40.2,7
39860000,15,331451,0,10.9973168511332,02-Jan-2014 07:15:00,31-Dec-2024 23:45:00,0,2.36081850533808,30.1,36.55,8
39770000,15,368546,0,10.9974309305918,02-Jan-2014 06:15:00,31-Dec-2024 23:45:00,0,2.57709627329193,34.7,37.45,8
39720000,15,346437,0,10.996917573028,02-Jan-2014 07:15:00,31-Dec-2024 20:15:00,0,2.12963649851632,33.4,35.4,8
39700000,15,290238,0,8.42898895938999,28-Jul-2016 08:45:00,31-Dec-2024 23:45:00,0,2.28331973898858,29.45,31.05,8
39580000,15,356529,0,10.9973168511332,02-Jan-2014 07:15:00,31-Dec-2024 23:45:00,0,2.26708469055375,48.7,50.05,8
39571000,15,380489,3.41665593486277e-05,11.0008818342152,01-Jan-2014,31-Dec-2024 23:45:00,0,2.35767164179105,38.95,39,8
39560000,15,360501,0,10.9972883312685,02-Jan-2014 07:30:00,31-Dec-2024 23:45:00,0,2.28456873315364,45.25,51.2,8
39550000,15,338542,0,11.0008818342152,01-Jan-2014,31-Dec-2024 23:45:00,0,2.40114978247359,42,52.25,8
39540550,15,300608,0,11.0008818342152,01-Jan-2014,31-Dec-2024 23:45:00,0,2.10300693909021,52.8,55.2,8
39450000,15,325653,1.53537661252929e-05,11.0008818342152,01-Jan-2014,31-Dec-2024 23:45:00,0,2.9,64.1,65.15,8
39433000,15,340757,2.93464257520755e-06,10.977752223979,09-Jan-2014 10:45:00,31-Dec-2024 23:45:00,0,2.5905923473142,66.05,68.55,8
39370100,15,112747,8.8694155942065e-05,6.36392259936891,21-Aug-2018 14:45:00,31-Dec-2024 23:45:00,0,2.85696784073507,35.4,44,8
39187800,15,309405,0,10.9972883312685,02-Jan-2014 07:30:00,31-Dec-2024 23:45:00,0,2.54454358270419,34.25,44.95,8
39084000,15,174418,0,11.0008818342152,01-Jan-2014,31-Dec-2024 23:45:00,0,2.12776699029126,23.45,23.9,8
39081250,15,371988,2.6882587610353e-06,11.0008818342152,01-Jan-2014,31-Dec-2024 23:45:00,0,2.01462303231152,36.5,40.75,8
37604000,15,232070,0,7.29834744496237,14-Sep-2017 07:45:00,31-Dec-2024 23:45:00,0,2.89248878923767,22.2,22.2,8
37380000,15,246591,0,7.20791095413778,17-Oct-2017 08:30:00,31-Dec-2024 23:45:00,0,4.7177367576244,51.5,63.65,8
36628000,15,325764,0.000174973293549932,11.0008818342152,01-Jan-2014,31-Dec-2024 23:45:00,0,3.3342,179.25,300,8
36210000,15,167103,0,5.1240500033083,17-Nov-2019 11:15:00,31-Dec-2024 23:45:00,0,3.24159159159159,30.05,31.25,8
36045000,15,166274,0,5.12966841664556,15-Nov-2019 10:00:00,31-Dec-2024 23:45:00,0,2.96454081632653,34.95,36.05,8
35300100,15,297092,0,10.1723227262253,30-Oct-2014 15:00:00,31-Dec-2024 23:45:00,0,2.57919139465875,33.7,43.2,8
35255000,15,164946,0,5.08320955712073,02-Dec-2019 09:15:00,31-Dec-2024 23:45:00,0,2.73493506493506,24.8,24.9,8
35249000,15,281977,0,9.50410229733214,01-Jul-2015 16:30:00,31-Dec-2024 23:45:00,0,2.83995983935743,29.4,36.15,8
35051000,15,294779,0,11.0008818342152,01-Jan-2014,31-Dec-2024 23:45:00,0,2.74320685434517,32.9,33.2,8
35050000,15,202904,0,6.26028141120853,28-Sep-2018 11:15:00,31-Dec-2024 23:45:00,0,3.2215405904059,27.55,29.25,8
34979000,15,209384,0,6.760690956465,29-Mar-2018 16:45:00,31-Dec-2024 23:45:00,0,3.06964285714286,22.85,23.25,8
34930000,15,378382,0,11.0008818342152,01-Jan-2014,31-Dec-2024 23:45:00,0,3.37602085143354,26.3,26.9,8
34879500,15,240974,0,8.05067295472643,13-Dec-2016 13:00:00,31-Dec-2024 23:45:00,0,2.80038167938931,30.4,30.4,8
34820000,15,381208,0,11.0008818342152,01-Jan-2014,31-Dec-2024 23:45:00,0,3.55784490532011,38.9,40.85,8
34770000,15,328890,0,10.9972312915392,02-Jan-2014 08:00:00,31-Dec-2024 23:45:00,0,3.51694285714286,38.75,57.2,8
34742000,15,243654,0,8.08153144828436,02-Dec-2016 06:30:00,31-Dec-2024 23:45:00,0,3.23379120879121,30.35,33.3,8
34340000,15,340944,0,11.0008818342152,01-Jan-2014,31-Dec-2024 23:45:00,0,3.29111271676301,42.95,44.9,8
34233000,15,352034,0,11.0008818342152,01-Jan-2014,31-Dec-2024 23:45:00,0,3.33793859649123,29.1,29.55,8
34218080,60,35221,0,5.83436575243388,03-Mar-2019,31-Dec-2024 23:00:00,0,1.57717121588089,27.4,36,6
34060000,15,170968,0,5.36452950208879,21-Aug-2019 15:15:00,31-Dec-2024 23:45:00,0,3.42005347593583,33.75,40.05,8
34040500,15,361475,2.76644304585379e-06,11.0008818342152,01-Jan-2014,31-Dec-2024 23:45:00,0,3.29978331527627,31.05,31.05,8
33680000,15,200099,0,5.88005457561301,14-Feb-2019 08:15:00,31-Dec-2024 23:45:00,0,3.01584278768233,32.65,32.7,8
33630000,15,143165,0.000209548423148116,5.87999753588369,14-Feb-2019 08:45:00,31-Dec-2024 23:45:00,0,2.97834429824561,30.05,32.45,8
33550000,15,376763,0,11.0008818342152,01-Jan-2014,31-Dec-2024 23:45:00,0,3.8872905027933,34.3,38.25,8
33321000,15,356751,0,11.0008818342152,01-Jan-2014,31-Dec-2024 23:45:00,0,2.81396348012889,30.05,31.85,8
33290000,15,340336,0,11.0008818342152,01-Jan-2014,31-Dec-2024 23:45:00,0,3.43917127071823,43.95,46.9,8
33286000,15,182854,0,5.31022767978352,10-Sep-2019 11:15:00,31-Dec-2024 23:45:00,0,3.8245867768595,23.95,34.05,8
33281000,15,298424,0,11.0008818342152,01-Jan-2014,31-Dec-2024 23:45:00,0,3.52716186252772,40.5,40.55,8
32620000,15,306424,3.2634519489335e-06,10.5831798964615,02-Jun-2014 13:30:00,31-Dec-2024 23:45:00,0,3.00614209827357,34.75,35.35,8
32550000,15,186364,0,6.5718324127121,06-Jun-2018 16:15:00,31-Dec-2024 23:45:00,0,3.50966042154567,83.5,83.5,8
31700000,15,241031,0,7.83859924114344,01-Mar-2017,31-Dec-2024 23:45:00,0,4.02276595744681,39.85,43.4,8
31680000,15,241626,0,7.85867722586136,21-Feb-2017 16:00:00,31-Dec-2024 23:45:00,0,3.83126801152738,37,45.5,8
31645000,15,322455,0,9.41894198146893,01-Aug-2015 19:00:00,31-Dec-2024 23:45:00,0,3.42037550403226,43.75,48.5,8
30080000,15,282181,0,11.0008818342152,01-Jan-2014,31-Dec-2024 23:45:00,0,3.12075152335816,26.4,26.55,8
30055000,15,210648,0,10.1808786856221,27-Oct-2014 12:00:00,31-Dec-2024 23:45:00,0,4.38597705696202,41.35,48.95,8
29110000,60,48041,2.08155533814866e-05,7.43193639233599,27-Jul-2017 08:59:00,31-Dec-2024 20:00:00,0,12.4684210526316,286.6,286.6,6
29100000,15,368184,0,11.0008818342152,01-Jan-2014,31-Dec-2024 23:45:00,0,3.9117617107943,34.65,34.8,8
29070100,15,295783,0,11.0008818342152,01-Jan-2014,31-Dec-2024 23:45:00,0,3.99161199625117,35.4,35.45,8
29040000,60,39405,0,7.43193639233599,27-Jul-2017 08:59:00,31-Dec-2024 20:00:00,0,10.4950354609929,111.4,129.6,6
28300000,15,376785,0,11.0008818342152,01-Jan-2014,31-Dec-2024 23:45:00,0,3.76006739679865,29.75,34.3,8
28280000,15,291829,0,10.2387169711447,06-Oct-2014 09:00:00,31-Dec-2024 23:45:00,0,4.12605064655172,89.55,100.2,8
28200000,15,341961,5.84862016428774e-06,11.0008818342152,01-Jan-2014,31-Dec-2024 23:45:00,0,3.42692889561271,34.2,34.45,8
27300900,15,172670,0,6.2133662338492,15-Oct-2018 14:30:00,31-Dec-2024 23:45:00,0,3.8331106870229,38.95,38.95,8
27110000,15,350532,0,11.0008818342152,01-Jan-2014,31-Dec-2024 23:45:00,0,3.77495777027027,28.55,28.8,8
26799000,15,237567,1.26280165174456e-05,7.95630072257929,17-Jan-2017 00:15:00,31-Dec-2024 23:45:00,0,3.58353140916808,71.425,71.975,8
26798000,15,270558,0,7.95804043432331,16-Jan-2017 09:00:00,31-Dec-2024 23:45:00,0,3.76381894484412,34.325,34.375,8
26721000,15,245755,0,7.85970394098898,21-Feb-2017 07:00:00,31-Dec-2024 23:45:00,0,4.21024962178518,84.25,86.45,8
26500000,15,212395,0,11.0008818342152,01-Jan-2014,31-Dec-2024 23:45:00,0,3.67779187817259,31.2,31.2,8
25130000,15,376556,0,11.0008818342152,01-Jan-2014,31-Dec-2024 23:45:00,0,3.79440789473684,29.65,29.65,8
25100000,15,240435,0,7.45426554503743,19-Jul-2017 09:00:00,31-Dec-2024 23:45:00,0,3.70973333333333,33.95,44.9,8
24950000,15,214708,0,6.26307635794484,27-Sep-2018 10:45:00,31-Dec-2024 23:45:00,0,3.98328125,27,27.1,8
24800000,15,217664,0,6.5969298936095,28-May-2018 12:15:00,31-Dec-2024 23:45:00,0,3.6716457960644,38.6,38.6,8
24744900,60,57077,0,6.99660727690051,02-Jan-2018 12:00:00,31-Dec-2024 23:00:00,0,11.5897338403042,109.6,112.2,6
24720000,60,45577,0,10.2287064986504,10-Oct-2014,31-Dec-2024 23:00:00,0,7.17856049004595,85,116,6
24700000,15,368366,0,11.0008818342152,01-Jan-2014,31-Dec-2024 23:45:00,0,3.47795226130653,35.95,35.95,8
24653000,15,281144,1.06706883305352e-05,10.9506013128264,19-Jan-2014 08:45:00,31-Dec-2024 23:45:00,0,3.89079102715466,74.9,82.7,8
24210100,60,34315,0,4.13789012322863,11-Nov-2020 15:00:00,31-Dec-2024 23:00:00,0,8.23846153846154,103.5,117.6,6
23250000,15,378459,2.64229414546886e-06,11.0008818342152,01-Jan-2014,31-Dec-2024 23:45:00,0,2.91876911314985,28.4,31.35,8
22741000,15,254179,1.96711766117579e-05,10.0274418137721,22-Dec-2014 13:00:00,31-Dec-2024 23:45:00,0,3.88706225680934,26.45,30.95,8
22680000,15,367501,2.72108103107202e-06,11.0008818342152,01-Jan-2014,31-Dec-2024 23:45:00,0,3.39261583011583,33.7,33.75,8
22360000,15,249867,0,9.85178796735502,24-Feb-2015 16:45:00,31-Dec-2024 23:45:00,0,4.18014138817481,129.6,129.6,8
22320000,15,248099,0,9.85178796735502,24-Feb-2015 16:45:00,31-Dec-2024 23:45:00,0,2.94703495630462,24.1,25,8
22300000,15,247136,0,9.85178796735502,24-Feb-2015 16:45:00,31-Dec-2024 23:45:00,0,2.98963178294574,21.45,22.1,8
22281000,15,257943,0,9.85178796735502,24-Feb-2015 16:45:00,31-Dec-2024 23:45:00,0,2.70047229219144,20.9,20.9,8
22186000,15,173697,0,5.9812145355483,08-Jan-2019 09:30:00,31-Dec-2024 23:45:00,0,3.34163306451613,22.45,22.6,8
22184100,60,44307,0,5.08269619955692,02-Dec-2019 13:00:00,31-Dec-2024 23:00:00,0,5.40066740823137,113,113.2,6
22151000,15,255753,0,9.82991323116377,04-Mar-2015 16:30:00,31-Dec-2024 23:45:00,0,12.7800709219858,251.85,252.825,8
22100000,15,168955,0,5.25558361910238,30-Sep-2019 10:15:00,31-Dec-2024 23:45:00,0,3.90351662404092,34.7,36.05,8
22050001,15,169995,0,5.11070270664923,22-Nov-2019 08:15:00,31-Dec-2024 23:45:00,0,3.35728051391863,26.5,30.75,8
21860000,60,82527,0,9.8516738878964,24-Feb-2015 17:00:00,31-Dec-2024 23:00:00,0,12.8747948417351,340.2,427.8,6
21843000,60,70712,0,9.37060081087679,19-Aug-2015 10:00:00,31-Dec-2024 23:00:00,0,10.5024096385542,282,369.4,6
21820000,60,67977,0,9.7916680926599,18-Mar-2015 15:00:00,31-Dec-2024 23:00:00,0,9.54808988764045,144.8,145,6
21761000,60,81506,0,10.367084881962,20-Aug-2014 11:00:00,31-Dec-2024 23:00:00,0,11.7210714285714,104.8,154.5,6
21758000,15,215306,1.39336572134543e-05,7.23768569283878,06-Oct-2017 11:30:00,31-Dec-2024 23:45:00,0,4.01711956521739,119.05,119.05,8
21600000,60,79105,1.26414259528475e-05,9.84539951767205,24-Feb-2015 17:00:00,29-Dec-2024 16:00:00,0,8.56400778210116,94.8,125.4,6
21292000,60,60776,0,7.59597694986512,28-May-2017 14:02:00,31-Dec-2024 23:00:00,0,7.16331125827815,102.8,106.4,6
21289000,60,79830,1.25266190655142e-05,9.8516738878964,24-Feb-2015 16:00:00,31-Dec-2024 22:00:00,0,9.86621621621621,102.2,106.2,6
20100000,15,220125,0,7.22593550860045,10-Oct-2017 18:30:00,31-Dec-2024 23:45:00,0,3.44814814814815,40.25,42,8
20090010,60,66512,1.50348809237431e-05,7.89589564923761,08-Feb-2017 01:00:00,31-Dec-2024 23:00:00,0,11.247775175644,121,131.2,6
20050050,60,67136,1.48951382268827e-05,7.89589564923761,08-Feb-2017 01:00:00,31-Dec-2024 23:00:00,0,11.701489117984,153.2,153.2,6
20001200,15,281605,3.55107331190852e-06,8.94599706587633,21-Jan-2016 12:45:00,31-Dec-2024 23:45:00,0,3.16187419768935,26.45,26.45,8
19151500,30,112160,0.00056169757489301,9.64439151157564,11-May-2015 10:30:00,31-Dec-2024 23:30:00,0,6.45497699386503,126.25,132.4,7
19150900,30,115697,0,9.64441052481875,11-May-2015 10:20:00,31-Dec-2024 23:30:00,0,5.10515587529976,59.125,60.625,7
19150800,30,106926,0,9.64531365386619,11-May-2015 02:25:00,31-Dec-2024 23:30:00,0,5.28194578896418,75.3,76.25,7
18700000,15,251789,0,8.10774120390334,22-Nov-2016 16:45:00,31-Dec-2024 23:45:00,0,3.27873333333333,32.15,32.15,8
18500000,15,224902,0,8.06692927758042,07-Dec-2016 14:30:00,31-Dec-2024 23:45:00,0,2.90721821756225,46.05,46.05,8
18422000,15,197629,0,6.24667743576756,03-Oct-2018 10:30:00,31-Dec-2024 23:45:00,0,3.61240157480315,25.4,25.5,8
18409000,15,220344,0,9.06372706717683,09-Dec-2015 12:45:00,31-Dec-2024 23:45:00,0,3.39589371980676,25.85,25.85,8
18390000,15,277816,0,10.0819717949946,02-Dec-2014 15:00:00,31-Dec-2024 23:45:00,0,3.42132412672624,36,36,8
18119000,60,40125,4.98442367601246e-05,5.64625062648636,10-May-2019 13:59:00,31-Dec-2024 20:00:00,0,11.7360799001248,189,189,6
18115000,60,34515,0,5.61681812616123,16-May-2019 12:59:00,27-Dec-2024 01:00:00,0,10.8746054519369,180,180,6
17900000,15,323162,3.09442323045408e-06,10.1367299351344,12-Nov-2014 15:00:00,31-Dec-2024 23:45:00,0,3.89441176470588,37.15,51.05,8
17395900,30,109993,0,7.9714637839548,11-Jan-2017 11:05:00,31-Dec-2024 23:30:00,0,5.5976443768997,88.75,88.75,7
17390100,30,126256,0,7.74131798280138,05-Apr-2017 12:30:00,31-Dec-2024 23:30:00,0,6.69232602478551,86.625,86.625,7
17354550,60,38079,0,9.25401160416253,30-Sep-2015 21:00:00,31-Dec-2024 20:00:00,0,21.5344,340,468,6
17280990,60,55012,0,6.39700564237002,11-May-2016 01:00:00,03-Oct-2022 12:00:00,0,8.15009107468124,103.4,103.4,6
17275100,60,74048,0,8.6430020237696,11-May-2016 01:00:00,31-Dec-2024 20:00:00,0,10.3561403508772,247,258.5,6
17271100,15,108475,0,10.4446589138267,01-Jan-2014,11-Jun-2024 20:00:00,0,7.24969135802469,40.9,41.85,8
17270000,60,70519,0.000241069782611778,9.84026594203394,28-Feb-2015 21:00:00,31-Dec-2024 23:00:00,0,14.3531623931624,476.2,548,6
17099000,15,72536,0,11.0008818342152,01-Jan-2014,31-Dec-2024 23:45:00,0,3.6331914893617,31.25,31.25,8
17098500,15,212568,9.40875390463287e-06,10.8544608490706,23-Feb-2014 11:30:00,31-Dec-2024 23:45:00,0,3.81636291600634,127.9,131.45,8
17094000,60,52172,0,7.62358798150087,18-May-2017 12:00:00,31-Dec-2024 23:00:00,0,13.7390180878553,331,384,6
17093500,60,70077,0.000242590293534255,9.588378497391,31-May-2015 21:00:00,31-Dec-2024 23:00:00,0,18.6476892822025,388.8,404.8,6
17092960,15,227252,4.40040131660007e-06,11.0008818342152,01-Jan-2014,31-Dec-2024 23:45:00,0,3.44505239520958,27.6,28.9,8
17092850,60,81568,1.22597096900745e-05,9.85178796735502,24-Feb-2015 16:00:00,31-Dec-2024 23:00:00,0,11.9062670299728,148.4,148.4,6
17091580,60,79583,0,9.44783260436559,22-Jul-2015 05:00:00,31-Dec-2024 23:00:00,0,11.3702092050209,153.4,157.4,6
17091400,60,36667,0,4.63835670821441,30-Mar-2020 14:00:00,18-Nov-2024 17:00:00,0,11.2993464052288,122.8,124.2,6
17091200,60,35866,0,4.75642894789079,30-Mar-2020 14:00:00,31-Dec-2024 20:00:00,0,12.1830065359477,113.4,127.2,6
17050001,15,322618,0,10.1309118827446,14-Nov-2014 18:00:00,31-Dec-2024 23:45:00,0,3.72200907590759,42.45,42.5,8
16900000,15,292825,0,11.0008533143505,01-Jan-2014,31-Dec-2024 23:30:00,0,2.78832528180354,40.15,43.3,8
16800000,15,141698,7.05726262897147e-06,7.72243783239902,12-Apr-2017 10:15:00,31-Dec-2024 23:45:00,0,5.79656862745098,124.8,125.15,8
16661000,15,144950,0,5.51699669854047,26-Jun-2019 22:45:00,31-Dec-2024 23:45:00,0,3.53787453183521,39,39.1,8
16430000,15,176279,0,5.48006347381078,10-Jul-2019 10:30:00,31-Dec-2024 23:45:00,0,3.46408227848101,31.85,31.9,8
15748000,60,74045,0,8.77670314927754,12-Jun-2015,21-Mar-2024 15:00:00,0,8.3810764872521,114.6,116.6,6
15720000,60,82446,0,9.85475403327926,23-Feb-2015 14:00:00,31-Dec-2024 23:00:00,0,9.6346450617284,116.8,131.8,6
15627000,15,317628,0,9.56142722529096,10-Jun-2015 18:00:00,31-Dec-2024 23:45:00,0,4.00625574977001,145.625,148.0625,8
15564000,15,370922,0,11.0008818342152,01-Jan-2014,31-Dec-2024 23:45:00,0,3.56445544554456,31,33.5,8
15558200,15,267277,3.74143678655477e-06,9.03167073930334,21-Dec-2015 05:45:00,31-Dec-2024 23:45:00,0,3.99266936299292,34.45,43.05,8
15553950,60,84126,0,9.94453456721676,21-Jan-2015 18:00:00,31-Dec-2024 22:00:00,0,9.56443370165745,118.6,121,6
15553300,60,80418,0,9.37961308810813,16-Aug-2015 03:00:00,31-Dec-2024 23:00:00,0,8.69936753338018,129,129,6
15552600,15,335536,5.96061227409279e-06,11.0008818342152,01-Jan-2014,31-Dec-2024 23:45:00,0,3.74961538461538,36.8,41.4,8
15550000,15,314980,0,10.4299426636641,28-Jul-2014 12:45:00,31-Dec-2024 23:45:00,0,3.96693412162162,36.35,39.8,8
15444900,60,63649,0,8.29973693276841,13-Sep-2016 10:00:00,31-Dec-2024 20:00:00,0,12.6296643247463,127,134.6,6
15431900,60,63964,0,8.42260050970702,10-Jul-2016 09:00:00,11-Dec-2024 16:00:00,0,14.0975328947368,172.4,191.8,6
15430900,60,64726,1.54497419893088e-05,8.46115936672211,16-Jul-2016 14:00:00,31-Dec-2024 23:00:00,0,12.9750433275563,139,142.6,6
15424000,60,38597,0,10.0469779210616,15-Dec-2014 09:00:00,31-Dec-2024 23:00:00,0,8.18969404186796,92.2,93.2,6
15414000,60,72309,0,10.0469779210616,15-Dec-2014 09:00:00,31-Dec-2024 23:00:00,0,7.93317788141239,119.75,127.75,6
15406000,60,49803,0,11.0007962746212,01-Jan-2014,31-Dec-2024 23:00:00,0,8.9283870967742,109,113,6
15405000,60,48059,0,10.6817160288484,27-Apr-2014 13:00:00,31-Dec-2024 23:00:00,0,9.07617148554337,96.6,100.6,6
15390000,15,316618,0,9.4008889071416,08-Aug-2015 09:15:00,31-Dec-2024 23:45:00,0,4.19060572687225,42.5,42.5625,8
15345900,15,320807,3.11713896517221e-06,9.56142722529096,10-Jun-2015 18:00:00,31-Dec-2024 23:45:00,0,3.13192728136882,82.15,82.15,8
15344000,15,314341,0,9.3313289572453,02-Sep-2015 19:00:00,31-Dec-2024 23:45:00,0,4.04426869350863,59.375,60,8
15341000,15,326344,0,9.56142722529096,10-Jun-2015 18:00:00,31-Dec-2024 23:45:00,0,3.645769525268,46.85,50.55,8
15324000,15,217363,0,6.3208290838735,06-Sep-2018 08:30:00,31-Dec-2024 23:45:00,0,3.8438455008489,39.8,39.85,8
15320002,15,323411,0,10.1754028716081,29-Oct-2014 12:00:00,31-Dec-2024 23:45:00,0,3.58749085588881,38.65,38.65,8
15250000,15,351218,0,11.0008818342152,01-Jan-2014,31-Dec-2024 23:45:00,0,3.50504166666667,42.35,42.85,8
15171800,60,80310,0,9.64553230616189,11-May-2015,31-Dec-2024 23:00:00,0,9.66100551808704,194.4,197.2,6
15171000,60,80420,0,9.63948609485479,12-May-2015 20:00:00,31-Dec-2024 14:00:00,0,6.9010146561443,97.2,98.6,6
15170600,60,81284,0,9.72938070825091,10-Apr-2015 09:00:00,31-Dec-2024 23:00:00,0,8.18164146868248,203.8,203.8,6
15170200,60,82848,0,9.72014027210233,13-Apr-2015 18:00:00,31-Dec-2024 23:00:00,0,9.05251612903225,150.8,153.2,6
15152000,60,82599,0,9.72025435156095,13-Apr-2015 17:00:00,31-Dec-2024 23:00:00,0,8.08185628742513,135.6,135.8,6
15138000,60,83650,0,9.85441179490339,23-Feb-2015 17:00:00,31-Dec-2024 23:00:00,0,8.48764519535373,104.6,110.8,6
15122000,60,79530,0,9.38862536533947,12-Aug-2015 20:00:00,31-Dec-2024 23:00:00,0,8.00434173669467,85.2,130,6
15050001,15,345334,0,11.0008818342152,01-Jan-2014,31-Dec-2024 23:45:00,0,3.16973684210526,31.6,33.1,8
14990000,15,351944,8.52408337690087e-06,11.0008818342152,01-Jan-2014,31-Dec-2024 23:45:00,0,3.70447443181818,41.35,41.45,8
14558000,15,375983,0,11.0008818342152,01-Jan-2014,31-Dec-2024 23:45:00,0,3.10094152626363,33.55,33.55,8
14540000,15,375986,0,10.9278424608308,27-Jan-2014 16:15:00,31-Dec-2024 23:45:00,0,2.84466084620551,35.5,37.1,8
14526400,15,314821,0,11.0008818342152,01-Jan-2014,31-Dec-2024 23:45:00,0,2.62821489001692,20.35,20.65,8
14515000,15,376876,0,11.0008818342152,01-Jan-2014,31-Dec-2024 23:45:00,0,3.50873469387755,36.55,36.55,8
14500000,15,260590,0,8.83243096481561,03-Mar-2016 00:15:00,31-Dec-2024 23:45:00,0,3.528949478749,203.65,212.95,8
14495000,15,339509,5.89086003611097e-06,10.2765913514081,22-Sep-2014 13:00:00,31-Dec-2024 23:45:00,0,4.16152641002686,39.4,39.4,8
13990000,15,315097,0,11.0008818342152,01-Jan-2014,31-Dec-2024 23:45:00,0,3.68607717041801,34.9,35,8
13962000,15,316189,0,11.0008818342152,01-Jan-2014,31-Dec-2024 23:45:00,0,3.58445790080738,49.35,49.35,8
13870000,15,230163,0,8.13543399248445,12-Nov-2016 14:00:00,31-Dec-2024 23:45:00,0,3.90106924643585,43.65,43.65,8
13710001,15,202838,0,7.47283197692857,12-Jul-2017 14:15:00,31-Dec-2024 23:45:00,0,3.83808411214953,48.9,48.9,8
13650000,15,216540,0,7.3641142528594,21-Aug-2017 07:15:00,31-Dec-2024 23:45:00,0,4.10217391304348,40,40.05,8
13600002,15,360921,2.77068943065103e-06,11.0008818342152,01-Jan-2014,31-Dec-2024 23:45:00,0,3.52585910652921,39.2,39.2,8
13578000,15,371140,0,11.0008818342152,01-Jan-2014,31-Dec-2024 23:45:00,0,3.43444338725024,39.15,39.2,8
12900001,15,335635,2.9794270561771e-06,11.0008818342152,01-Jan-2014,31-Dec-2024 23:45:00,0,4.08873001230012,87.85,100.5,8
12850000,15,161189,0,7.37777526802969,16-Aug-2017 07:30:00,31-Dec-2024 23:45:00,0,3.88143507972665,53.85,54.2,8
12842000,15,183814,0,7.37777526802969,16-Aug-2017 07:30:00,31-Dec-2024 23:45:00,0,3.79088693957115,40.05,40.05,8
12840000,15,196063,0,7.24330410617603,04-Oct-2017 10:15:00,31-Dec-2024 23:45:00,0,3.66926701570681,41.1,41.15,8
12700000,15,183639,0,7.85591079898971,22-Feb-2017 16:15:00,31-Dec-2024 23:45:00,0,3.82700534759358,31.05,34.9,8
12680000,15,173558,0,7.55302983634161,13-Jun-2017 07:15:00,31-Dec-2024 23:45:00,0,3.74980544747082,32.9,35.05,8
12650000,15,314861,0,10.7112911284968,16-Apr-2014 18:30:00,31-Dec-2024 23:45:00,0,3.52714285714286,48,48.2,8
12640000,15,244615,0,11.0008818342152,01-Jan-2014,31-Dec-2024 23:45:00,0,3.839982190561,44.05,45.05,8
12590000,15,345876,0,11.0008818342152,01-Jan-2014,31-Dec-2024 23:45:00,0,3.40182012847966,50.5,52.75,8
12557000,15,134317,0,6.13624851981902,12-Nov-2018 18:30:00,31-Dec-2024 23:45:00,0,3.51516587677725,33.65,33.65,8
12550000,15,116236,0,7.35795396209368,23-Aug-2017 13:15:00,31-Dec-2024 23:45:00,0,4.00477178423237,38.75,38.75,8
12540000,15,154444,0,6.49331722531378,05-Jul-2018 08:30:00,31-Dec-2024 23:45:00,0,3.7775974025974,46.3,46.3,8
12520000,15,203140,0,7.33593662657915,31-Aug-2017 14:15:00,31-Dec-2024 23:45:00,0,3.89144527098831,35.5,51.7,8
12510500,15,370221,0,11.0008818342152,01-Jan-2014,31-Dec-2024 23:45:00,0,3.34777998674619,46.1,46.15,8
12240000,15,146085,0,7.65159448859319,08-May-2017 07:15:00,31-Dec-2024 23:45:00,0,3.55442804428044,24.15,28.25,8
12100000,15,207558,0,7.63205838130375,15-May-2017 10:30:00,31-Dec-2024 23:45:00,0,3.97695390781563,30.4,30.55,8
11500000,15,298077,3.35483784391281e-06,11.0008818342152,01-Jan-2014,31-Dec-2024 23:45:00,0,3.61161853593015,41.1,41.95,8
10100000,15,337473,0,11.0008818342152,01-Jan-2014,31-Dec-2024 23:45:00,0,4.02805555555556,39.45,39.65,8
