,Year,1995,1996,1997,1998,1999,2000,2001,2002,2003,2004,2005,2006,2007,2008,2009,2010,2011,2012,2013,2014,2015,2016,2017,2018,2019,2020
Latitude,Longitude,P (mm),P (mm),P (mm),P (mm),P (mm),P (mm),P (mm),P (mm),P (mm),P (mm),P (mm),P (mm),P (mm),P (mm),P (mm),P (mm),P (mm),P (mm),P (mm),P (mm),P (mm),P (mm),P (mm),P (mm),P (mm),P (mm)
-0.623100,-47.353600,232.70,183.40,127.90,103.40,96.10,102.50,134.20,130.30,113.70,150.40,145.90,146.20,,,,,,,,,,,,,,
-0.929400,-47.099400,135.80,92.60,130.40,121.00,93.00,101.20,106.60,86.00,117.60,93.00,91.70,103.00,,,,,,,,,,,,,,
-0.774700,-47.177500,151.50,153.10,186.00,92.00,95.60,93.10,186.00,165.20,115.00,148.00,138.00,46.00,,,,,,,,,,,,,,
-0.794400,-47.599700,22.20,120.20,120.70,85.80,92.90,120.80,100.80,95.30,84.60,95.30,60.00,70.40,,,,,,,,,,,,,,
-0.868100,-48.110300,109.50,111.30,124.30,109.30,99.80,96.70,83.00,99.00,99.10,140.30,38.70,,,,,,,,,,,,,,,
-0.165600,-49.978600,,,,,,,106.90,56.60,53.60,91.80,69.50,84.00,,,,,,,,,,,,,,
-0.794700,-51.623900,,,41.10,80.60,76.40,54.60,50.80,51.40,93.00,73.10,90.70,75.50,,,,,,,,,,,,,,
-0.506700,-61.785800,81.20,111.40,78.20,97.00,80.70,87.70,104.40,,87.70,104.10,93.00,,,,,,,,,,,,,,,
-0.873100,-61.931700,180.00,96.70,78.90,47.90,95.30,48.80,67.80,,99.10,95.00,69.10,,,,,,,,,,,,,,,
-0.367200,-62.775300,,,41.60,102.10,78.90,78.90,92.20,,80.90,74.90,68.60,,,,,,,,,,,,,,,
-0.420300,-65.015300,78.20,56.10,89.20,116.70,87.60,116.70,66.20,,66.50,99.50,103.20,,,,,,,,,,,,,,,
-0.344400,-67.535800,,,,,0.00,88.60,103.60,,,,,,,,,,,,,,,,,,,
-1.455800,-45.728100,71.20,110.00,105.10,94.60,52.20,82.10,99.30,102.60,108.50,50.90,108.30,113.50,,,,,,,,,,,,,,
-1.817500,-46.343900,45.50,90.70,64.50,82.50,41.30,107.00,76.70,51.70,71.60,87.10,62.30,90.60,,,,,,,,,,,,,,
-1.231400,-46.187800,148.90,78.60,95.60,85.10,89.60,56.90,99.80,93.50,75.80,96.40,46.60,49.20,,,,,,,,,,,,,,
-1.203600,-47.178100,96.90,112.80,87.70,101.60,85.60,170.00,119.50,76.60,101.60,63.90,72.20,77.20,,,,,,,,,,,,,,
-1.297500,-47.939400,45.20,117.80,90.50,79.00,128.20,,228.60,80.40,58.40,180.70,168.50,90.80,,,,,,,,,,,,,,
-1.132500,-47.628300,76.80,78.80,139.60,130.30,96.70,90.70,73.10,72.20,98.20,197.30,76.40,76.40,,,,,,,,,,,,,,
-1.655000,-47.491400,76.50,49.70,81.30,92.30,63.20,98.70,82.40,79.50,216.10,70.60,103.00,,,,,,,,,,,,,,,
-1.551700,-47.117200,116.50,80.70,82.60,106.80,53.80,87.10,126.20,89.90,59.80,55.10,97.40,,,,,,,,,,,,,,,
-1.038600,-47.913300,93.90,116.70,93.30,99.00,110.90,130.00,103.80,68.70,94.00,117.50,117.60,97.00,,,,,,,,,,,,,,
-1.211110,-47.386400,16.60,61.10,49.10,66.90,115.30,58.20,93.60,95.30,87.10,67.40,83.50,62.20,,,,,,,,,,,,,,
-1.435000,-48.437800,96.20,99.70,75.70,112.50,,,,,,,,,,,,,,,,,,,,,,
-1.961100,-48.206400,157.60,112.00,132.40,80.00,108.10,134.70,86.40,78.30,94.50,76.50,92.90,,,,,,,,,,,,,,,
-1.750300,-48.866900,180.80,101.30,77.30,109.80,131.00,101.00,102.00,113.50,83.50,101.70,108.30,,,,,,,,,,,,,,,
-1.094200,-48.398600,121.10,122.30,108.00,61.30,208.30,95.80,83.30,66.20,95.60,114.20,62.30,,,,,,,,,,,,,,,
-1.521100,-48.046100,62.70,94.40,89.90,99.20,,,76.10,55.50,81.40,54.70,80.00,,,,,,,,,,,,,,,
-1.123300,-51.996400,96.50,77.50,89.60,63.50,99.80,87.60,63.10,61.40,93.50,122.60,134.40,75.30,,,,,,,,,,,,,,
-1.792200,-51.434400,86.00,115.80,100.10,131.00,64.80,76.40,118.70,97.00,78.80,74.60,101.50,83.10,,,,,,,,,,,,,,
-1.801100,-53.480000,72.40,250.00,48.80,61.20,127.30,123.40,77.60,59.80,137.80,57.40,68.30,122.40,,,,,,,,,,,,,,
-1.500000,-54.871400,91.00,108.50,45.80,65.00,97.80,78.50,84.00,114.00,91.40,76.10,103.50,85.00,,,,,,,,,,,,,,
-1.888060,-55.115600,124.90,129.20,116.10,73.90,100.00,130.00,60.00,95.20,125.00,68.30,90.00,100.00,,,,,,,,,,,,,,
-1.932800,-58.255800,,,,,,93.00,97.70,,,,107.70,100.50,,,,,,,,,,,,,,
-1.458900,-61.633100,58.30,137.30,87.10,62.50,80.20,71.00,133.40,,74.20,107.00,113.40,,,,,,,,,,,,,,,
-1.394400,-61.979200,100.00,67.50,71.70,101.10,150.60,100.50,141.50,,106.00,66.50,61.80,,,,,,,,,,,,,,,
-1.887200,-62.436700,73.90,131.90,80.00,60.00,44.30,65.40,101.90,,92.90,108.30,149.80,,,,,,,,,,,,,,,
-1.821100,-66.600000,100.30,115.80,71.10,85.20,,,,,,,136.50,,,,,,,,,,,,,,,
-2.902200,-42.313100,47.80,76.80,114.00,43.70,63.40,93.00,75.40,84.70,,,,,,,,,,,,,,,,,,
-2.129400,-44.606900,,151.00,70.20,84.10,,112.60,99.90,115.90,102.90,145.40,118.20,125.00,,,,,,,,,,,,,,
-2.953900,-45.664700,79.10,97.40,65.70,65.30,101.40,60.60,69.00,126.80,88.10,101.60,116.70,89.40,,,,,,,,,,,,,,
-2.052200,-45.958300,109.90,127.80,86.60,99.10,80.70,120.00,71.50,70.40,135.10,55.90,69.70,83.10,,,,,,,,,,,,,,
-2.504700,-45.784200,40.60,60.20,60.20,70.20,72.50,86.60,154.50,63.90,95.70,94.80,74.30,133.50,,,,,,,,,,,,,,
-2.590300,-45.365300,81.20,53.00,79.60,69.20,90.00,64.20,66.40,70.00,72.20,54.60,55.80,70.20,,,,,,,,,,,,,,
-2.273900,-45.271100,87.30,138.10,92.80,75.90,80.90,72.00,62.50,129.50,97.80,69.80,63.70,65.40,,,,,,,,,,,,,,
-2.420800,-48.148900,93.90,135.70,104.40,113.10,97.80,98.00,106.90,105.40,59.60,85.10,101.30,,,,,,,,,,,,,,,
-2.782200,-48.352200,83.40,74.40,105.10,71.80,109.00,115.70,127.20,87.70,86.10,86.10,110.90,,,,,,,,,,,,,,,
-2.804400,-49.377800,114.50,184.40,89.00,93.90,,,64.00,80.00,81.20,120.90,90.30,,,,,,,,,,,,,,,
-2.449700,-49.438300,97.40,96.80,132.70,68.60,79.10,119.50,91.10,119.10,83.70,117.10,101.00,78.00,,,,,,,,,,,,,,
-2.785000,-50.453600,147.60,117.30,146.70,89.20,84.00,87.50,75.70,96.90,85.40,104.40,72.60,89.90,,,,,,,,,,,,,,
-2.453300,-50.922800,174.80,93.20,100.50,87.70,91.30,130.80,90.10,85.30,102.40,121.60,96.50,85.60,,,,,,,,,,,,,,
-2.245000,-51.179400,110.00,76.00,94.90,74.50,98.70,84.80,127.30,100.60,83.80,62.10,93.30,52.10,,,,,,,,,,,,,,
-2.650800,-55.720600,,,49.00,103.00,99.30,95.70,103.70,99.50,130.10,104.90,91.20,79.70,,,,,,,,,,,,,,
-2.700300,-59.699700,78.40,87.30,85.10,63.30,65.70,56.50,56.90,88.80,64.90,73.50,66.80,,,,,,,,,,,,,,,
-2.620000,-60.947800,126.90,109.00,70.10,82.70,112.80,81.50,93.80,,52.30,91.80,100.90,,,,,,,,,,,,,,,
-2.750000,-67.566700,74.40,94.60,84.10,,101.60,74.70,80.00,97.20,75.60,81.40,135.00,,,,,,,,,,,,,,,
-2.929700,-69.693100,,70.90,30.10,,,,,,,,83.90,,,,,,,,,,,,,,,
-3.670000,-38.981700,104.00,72.60,108.00,64.60,65.40,47.50,103.90,80.00,165.60,84.80,105.20,64.70,,,,,,,,,,,,,,
-3.363300,-39.829400,130.40,72.00,53.00,36.40,71.40,54.70,47.50,80.00,92.50,142.90,54.50,72.60,,,,,,,,,,,,,,
-3.673900,-39.241700,160.00,39.50,40.20,58.00,68.10,60.70,95.20,83.30,76.30,50.40,49.10,84.00,,,,,,,,,,,,,,
-3.945300,-39.411100,59.70,81.30,65.30,63.10,58.80,71.10,70.50,55.60,79.90,65.50,39.80,46.30,,,,,,,,,,,,,,
-3.696700,-40.340000,55.50,68.90,56.70,48.10,77.50,82.60,86.30,49.10,112.10,85.10,39.70,92.40,,,,,,,,,,,,,,
-3.723300,-41.975600,57.40,121.20,102.60,59.80,155.80,120.00,66.90,127.20,,,,,,,,,,,,,,,,,,
-3.903300,-42.229400,68.30,89.50,72.20,64.50,138.30,59.20,80.50,105.80,,,,,,,,,,,,,,,,,,
-3.462200,-42.373300,71.00,125.20,127.20,93.10,71.00,102.10,80.90,77.00,,,,,,,,,,,,,,,,,,
-3.364700,-42.723900,77.60,105.40,100.70,53.50,58.30,112.30,74.50,62.10,,,,,,,,,,,,,,,,,,
-3.553600,-43.873600,75.80,70.50,79.50,87.40,129.50,64.00,71.70,94.30,,,,,,,,,,,,,,,,,,
-3.459400,-43.898900,77.40,173.00,101.00,67.20,105.40,122.50,121.50,56.10,,,,,,,,,,,,,,,,,,
-3.625800,-43.112200,94.50,103.00,112.00,70.70,80.00,91.30,110.00,100.50,,,,,,,,,,,,,,,,,,
-3.940000,-43.520600,90.00,72.00,80.00,90.00,101.30,88.10,80.30,112.00,,,,,,,,,,,,,,,,,,
-3.043900,-43.236700,56.90,73.50,98.20,58.20,74.20,97.50,56.40,69.80,,,,,,,,,,,,,,,,,,
-3.632500,-44.376400,89.70,76.80,127.20,111.60,107.50,91.80,63.60,63.60,,,,,,,,,,,,,,,,,,
-3.709700,-44.293300,85.10,86.70,121.10,128.00,83.30,96.00,59.70,58.50,,,,,,,,,,,,,,,,,,
-3.943600,-44.017500,105.40,104.80,93.80,125.50,86.50,58.80,56.50,121.90,,,,,,,,,,,,,,,,,,
-2.927800,-44.079200,64.20,128.00,73.50,85.30,101.10,97.80,104.00,70.30,,,,,,,,,,,,,,,,,,
-4.007800,-44.466100,82.50,81.70,79.90,82.50,144.60,87.80,94.60,81.30,,,,,,,,,,,,,,,,,,
-3.549700,-44.583300,100.00,105.70,73.10,137.50,98.70,95.30,76.10,77.30,,,,,,,,,,,,,,,,,,
-3.846400,-44.890800,51.70,63.20,86.20,91.50,62.70,76.70,81.20,85.00,,,,,,,,,,,,,,,,,,
-3.765000,-45.220300,73.60,127.10,83.90,162.20,112.80,109.80,59.90,116.50,,,,,,,,,,,,,,,,,,
-3.658300,-45.443100,86.00,157.10,73.90,97.80,149.90,96.10,93.10,80.70,,,,,,,,,,,,,,,,,,
-3.402800,-45.010600,106.50,107.00,70.60,118.50,148.00,82.90,106.00,76.00,,,,,,,,,,,,,,,,,,
-3.424400,-45.669400,77.50,77.30,97.40,112.30,68.80,72.20,81.00,89.40,,,,,,,,,,,,,,,,,,
-4.220800,-46.165300,86.60,83.50,67.40,65.10,131.20,74.80,87.30,91.00,,,,,,,,,,,,,,,,,,
-2.950300,-48.966900,90.30,78.00,142.10,80.20,91.50,99.50,62.00,75.70,34.60,130.80,81.50,,,,,,,,,,,,,,,
-3.833600,-49.085800,62.20,79.60,140.50,90.60,140.50,110.30,123.20,112.50,101.50,111.00,120.00,,,,,,,,,,,,,,,
-3.015800,-49.796700,90.80,94.20,38.60,62.70,45.20,50.40,46.40,50.40,36.40,32.70,32.60,40.70,,,,,,,,,,,,,,
-3.116700,-59.950000,,,,,,,,,,,,,,,,,,,,,,,,,,
-3.897800,-61.374700,100.40,100.30,,,,,,,,,113.00,41.40,,,,,,,,,,,,,,
-4.497500,-38.360600,44.20,101.20,74.50,43.70,52.60,55.00,77.30,73.10,73.90,126.40,60.60,57.30,,,,,,,,,,,,,,
-4.416400,-40.904200,91.00,56.00,103.00,36.00,44.20,55.00,67.20,50.00,32.00,76.20,51.00,62.00,,,,,,,,,,,,,,
-4.367800,-40.535600,48.00,109.80,84.60,54.20,45.20,47.20,94.20,136.20,89.70,105.60,144.30,58.70,,,,,,,,,,,,,,
-4.096900,-40.126400,83.30,55.60,70.40,33.40,28.70,54.20,38.60,61.70,124.80,72.50,64.20,34.20,,,,,,,,,,,,,,
-4.618600,-41.125000,,,,45.30,55.70,68.40,72.50,39.80,,,,,,,,,,,,,,,,,,
-4.102500,-42.535300,92.00,82.00,120.80,98.90,79.90,122.90,93.10,123.30,,,,,,,,,,,,,,,,,,
-4.152800,-42.946100,67.60,91.20,157.00,94.80,82.50,105.30,69.10,77.10,,,,,,,,,,,,,,,,,,
-4.454200,-43.877200,102.30,118.20,110.20,75.40,107.20,131.20,76.30,84.00,,,,,,,,,,,,,,,,,,
-4.464400,-43.931100,90.50,65.20,93.00,63.50,98.00,89.00,68.00,76.00,,,,,,,,,,,,,,,,,,
-4.420600,-43.649200,115.60,100.30,153.00,97.20,115.20,94.80,113.50,98.30,,,,,,,,,,,,,,,,,,
-4.624200,-43.465800,118.00,90.30,60.00,91.00,82.50,72.80,60.20,74.70,,,,,,,,,,,,,,,,,,
-4.162800,-44.165800,85.60,113.80,97.80,119.50,86.90,109.20,78.90,78.60,,,,,,,,,,,,,,,,,,
-4.576700,-44.599400,76.60,81.50,69.00,92.50,83.00,60.00,91.60,53.60,,,,,,,,,,,,,,,,,,
-5.101400,-44.960800,71.70,110.80,38.70,95.70,110.20,118.40,85.80,86.20,,,,,,,,,,,,,,,,,,
-4.372200,-44.334200,70.20,86.40,80.20,91.10,90.80,76.50,90.00,94.40,,,,,,,,,,,,,,,,,,
-4.030300,-45.771100,83.00,137.00,104.50,135.00,110.00,125.40,93.00,134.60,,,,,,,,,,,,,,,,,,
-4.742800,-45.180600,100.00,87.00,82.40,78.80,102.50,84.60,134.70,72.90,,,,,,,,,,,,,,,,,,
-4.861100,-46.007800,86.80,66.20,80.60,90.30,87.20,78.10,81.40,155.60,,,,,,,,,,,,,,,,,,
-4.560600,-45.125600,77.10,112.50,73.40,98.30,82.80,75.70,58.50,85.90,,,,,,,,,,,,,,,,,,
-4.240600,-45.358100,83.10,107.10,148.50,106.70,93.50,68.50,80.00,52.80,,,,,,,,,,,,,,,,,,
-4.298900,-46.493600,83.40,104.50,53.00,65.20,76.90,99.10,94.30,94.40,,,,,,,,,,,,,,,,,,
-4.409400,-46.749200,55.60,62.80,43.90,78.20,61.20,148.80,52.80,58.50,,,,,,,,,,,,,,,,,,
-4.286700,-47.559200,142.20,96.80,116.80,87.50,67.90,149.10,64.30,88.60,76.40,156.50,101.00,85.40,,,,,,,,,,,,,,
-4.829700,-47.269200,84.60,87.60,,,,73.10,81.60,53.30,97.00,97.60,111.20,146.30,,,,,,,,,,,,,,
-4.930800,-47.496700,104.30,164.50,132.00,89.70,92.20,93.40,93.30,73.90,89.90,76.40,135.10,144.00,,,,,,,,,,,,,,
-4.462800,-49.119700,107.20,131.60,129.20,77.60,84.50,122.40,138.70,134.40,97.00,122.90,111.70,,,,,,,,,,,,,,,
-4.240000,-49.954200,,,,,39.40,26.50,93.60,95.60,70.70,95.20,131.60,87.80,,,,,,,,,,,,,,
-4.134400,-70.548900,61.20,98.20,62.80,,68.40,65.60,50.60,55.30,85.80,65.80,65.80,75.40,,,,,,,,,,,,,,
-5.845800,-35.523300,38.00,40.00,205.70,98.00,93.00,130.00,45.00,115.00,51.20,52.70,54.50,43.20,,,,,,,,,,,,,,
-5.631900,-36.916100,72.00,49.00,56.00,39.00,103.50,62.00,62.00,64.50,64.20,70.90,80.80,82.60,,,,,,,,,,,,,,
-5.257200,-36.723300,55.80,115.00,61.00,34.50,77.10,54.20,50.00,72.50,61.60,59.70,31.00,76.50,,,,,,,,,,,,,,
-5.643600,-37.255300,94.80,103.50,67.30,32.40,68.30,64.80,54.60,85.20,76.20,78.80,73.70,68.70,,,,,,,,,,,,,,
-5.867200,-37.314700,68.60,59.00,78.00,66.50,37.80,145.50,44.30,68.00,70.10,85.00,108.80,110.00,,,,,,,,,,,,,,
-5.450000,-37.515000,93.00,120.00,114.00,40.00,45.00,79.00,98.20,64.90,59.50,128.00,59.20,110.90,,,,,,,,,,,,,,
-5.219400,-37.362200,57.00,75.50,103.20,33.00,67.80,57.80,31.50,137.60,47.60,108.20,42.40,45.90,,,,,,,,,,,,,,
-5.466900,-38.407500,94.10,92.00,74.50,31.50,66.50,56.20,51.00,68.00,48.50,142.00,62.50,68.50,,,,,,,,,,,,,,
-5.902200,-38.631400,67.50,85.50,51.70,42.30,68.80,80.90,56.90,43.70,81.40,135.70,35.50,82.70,,,,,,,,,,,,,,
-5.224700,-38.200600,182.80,92.10,89.90,65.00,55.10,82.20,71.10,97.10,43.30,104.30,68.90,96.50,,,,,,,,,,,,,,
-5.580000,-39.368100,58.00,77.00,120.00,45.00,50.00,60.00,96.00,76.00,65.00,100.00,58.00,67.00,,,,,,,,,,,,,,
-5.201400,-39.291700,47.20,69.80,61.80,31.30,66.80,61.30,66.50,86.60,98.50,88.30,41.00,62.20,,,,,,,,,,,,,,
-5.224700,-41.736900,50.80,98.40,74.10,98.20,83.40,86.70,99.70,77.40,,,,,,,,,,,,,,,,,,
-5.667500,-42.206100,94.80,76.60,137.70,58.50,80.50,63.50,48.60,108.30,,,,,,,,,,,,,,,,,,
-5.087800,-42.799200,,,,78.80,124.00,75.50,144.80,105.70,,,,,,,,,,,,,,,,,,
-5.484400,-43.358600,61.00,63.10,86.00,53.50,80.00,84.00,83.40,63.50,,,,,,,,,,,,,,,,,,
-5.709200,-43.587200,80.70,121.30,97.20,129.40,111.70,68.50,81.70,65.30,,,,,,,,,,,,,,,,,,
-5.572800,-43.024200,80.30,94.30,150.20,77.30,89.60,100.50,62.90,105.50,,,,,,,,,,,,,,,,,,
-5.975600,-43.061700,103.00,66.80,127.00,79.30,111.00,80.00,69.00,61.30,,,,,,,,,,,,,,,,,,
-5.970000,-43.415800,83.20,135.70,147.30,65.40,167.30,88.70,132.50,88.10,,,,,,,,,,,,,,,,,,
-5.419700,-44.928300,89.40,113.50,86.50,60.30,68.30,73.70,76.30,75.30,,,,,,,,,,,,,,,,,,
-5.405000,-44.335600,75.80,92.10,82.90,68.00,81.30,92.70,75.40,66.90,,,,,,,,,,,,,,,,,,
-5.727500,-45.313100,,,75.00,82.20,117.90,101.90,63.90,105.20,,,,,,,,,,,,,,,,,,
-5.604400,-46.238600,121.50,62.60,75.60,78.60,53.60,124.60,101.90,78.30,,,,,,,,,,,,,,,,,,
-5.884200,-46.701900,137.40,100.20,100.20,141.80,81.80,57.40,112.00,86.40,,,,,,,,,,,,,,,,,,
-5.594400,-47.019200,107.40,158.20,96.20,61.00,91.20,82.50,65.20,64.80,,,,,,,,,,,,,,,,,,
-5.648300,-48.125000,117.50,81.80,131.70,100.70,97.90,70.70,66.50,116.00,85.80,100.40,111.00,82.10,,,,,,,,,,,,,,
-5.259700,-48.206900,115.50,101.30,94.20,110.80,107.50,106.20,105.20,73.40,93.20,97.00,75.00,86.30,,,,,,,,,,,,,,
-6.085300,-35.248600,110.00,48.00,158.00,112.50,117.00,90.80,51.20,150.00,70.70,78.00,64.50,96.80,,,,,,,,,,,,,,
-6.328600,-35.695800,,,,10.00,49.00,130.60,25.00,42.70,47.90,157.50,31.40,31.50,,,,,,,,,,,,,,
-6.598300,-35.529200,,,,36.70,46.40,80.10,61.90,49.90,98.70,80.90,52.30,23.00,,,,,,,,,,,,,,
-6.242800,-35.994700,26.40,31.40,70.10,26.10,29.20,50.20,51.00,41.00,48.10,64.30,47.70,17.20,,,,,,,,,,,,,,
-6.593600,-36.785000,57.00,44.10,90.70,70.50,55.70,94.60,39.20,75.30,58.80,115.50,42.70,60.00,,,,,,,,,,,,,,
-6.462200,-37.302500,85.20,75.00,73.00,88.00,48.30,80.20,41.60,69.50,68.70,71.60,87.90,85.50,,,,,,,,,,,,,,
-6.451100,-37.090600,97.00,65.00,66.80,48.00,40.70,78.30,41.00,61.00,54.80,81.20,66.10,46.00,,,,,,,,,,,,,,
-6.762800,-38.960600,87.60,69.50,76.90,70.30,77.40,51.30,27.80,71.40,57.80,92.90,37.50,120.30,,,,,,,,,,,,,,
-6.408900,-38.863600,65.00,59.60,70.00,39.30,87.70,99.40,68.00,68.20,68.10,68.10,80.00,53.30,,,,,,,,,,,,,,
-6.212800,-38.425600,48.20,100.40,77.00,51.60,56.20,93.20,56.40,78.40,58.20,108.10,43.50,82.50,,,,,,,,,,,,,,
-6.374400,-39.293300,68.10,74.30,105.00,94.30,87.40,90.40,53.20,94.10,94.90,97.90,88.70,86.70,,,,,,,,,,,,,,
-6.646100,-39.959400,48.00,42.50,70.20,72.00,41.00,50.80,43.40,42.80,70.10,61.90,84.20,38.50,,,,,,,,,,,,,,
-6.973100,-42.106100,82.00,65.00,68.50,59.90,103.00,86.70,63.50,86.50,,,,,,,,,,,,,,,,,,
-6.610000,-43.401100,116.30,95.70,82.10,67.30,77.90,80.90,54.80,76.60,,,,,,,,,,,,,,,,,,
-6.174700,-43.779200,85.30,85.70,178.20,58.60,118.60,76.20,94.20,126.00,,,,,,,,,,,,,,,,,,
-6.761400,-43.027800,69.40,55.40,83.60,49.20,121.00,87.60,95.20,105.00,,,,,,,,,,,,,,,,,,
-6.027500,-44.253900,75.20,73.70,77.80,56.10,164.30,89.00,69.90,126.70,,,,,,,,,,,,,,,,,,
-6.369200,-44.359400,80.50,87.90,107.10,82.60,149.10,63.70,103.50,54.30,,,,,,,,,,,,,,,,,,
-6.010300,-44.344400,83.40,82.40,86.10,52.10,70.40,69.10,65.80,82.60,,,,,,,,,,,,,,,,,,
-6.063900,-44.716400,86.40,77.90,127.10,73.60,115.10,107.40,88.50,59.10,,,,,,,,,,,,,,,,,,
-6.002200,-45.394200,99.70,76.40,81.30,46.80,128.30,110.50,103.40,110.80,,,,,,,,,,,,,,,,,,
-6.844200,-45.109200,98.10,99.50,87.00,63.00,69.70,64.60,70.00,71.50,,,,,,,,,,,,,,,,,,
-6.039200,-45.920600,12.30,18.00,16.20,11.50,85.00,11.30,,98.00,,,,,,,,,,,,,,,,,,
-6.818300,-46.333600,96.00,64.60,81.80,72.10,101.90,57.10,71.80,73.40,,,,,,,,,,,,,,,,,,
-6.192800,-46.268900,101.40,74.70,168.20,136.80,86.00,140.00,52.10,97.00,,,,,,,,,,,,,,,,,,
-6.427800,-49.419700,98.20,97.80,170.00,91.00,127.50,71.00,79.00,96.80,124.60,91.50,100.40,85.50,,,,,,,,,,,,,,
-6.794700,-49.548600,144.20,72.00,163.00,67.70,105.00,64.10,73.50,96.30,73.70,108.70,77.50,84.10,,,,,,,,,,,,,,
-6.105300,-49.377500,67.50,78.20,79.80,108.10,68.70,97.90,56.40,65.60,57.90,55.60,119.10,68.50,,,,,,,,,,,,,,
-6.869200,-49.098600,130.90,88.20,142.30,66.40,91.00,105.00,83.20,98.90,101.00,66.90,96.20,91.30,,,,,,,,,,,,,,
-6.795300,-59.040800,93.20,98.30,74.30,80.30,64.30,125.20,150.20,53.50,79.40,82.30,93.10,70.40,,,,,,,,,,,,,,
-6.360600,-61.766700,86.20,77.00,93.50,,,,,,,,62.00,,,,,,,,,,,,,,,
-6.538900,-64.385800,80.20,88.10,120.50,,,,,,,,72.50,76.40,,,,,,,,,,,,,,
-7.029400,-35.468100,43.00,53.30,47.90,37.50,79.50,73.00,57.50,47.30,85.00,183.60,48.50,27.00,,,,,,,,,,,,,,
-7.130000,-35.047500,50.80,45.10,48.80,80.00,105.70,101.10,46.50,84.30,103.50,56.70,45.10,48.50,,,,,,,,,,,,,,
-7.968100,-35.156700,98.40,82.70,74.60,40.50,65.20,114.00,62.90,68.50,103.70,48.00,140.90,67.90,,,,,,,,,,,,,,
-7.894200,-35.173300,112.10,120.60,87.40,49.20,52.70,112.10,52.20,139.20,55.30,75.80,118.90,65.40,,,,,,,,,,,,,,
-7.942800,-35.634200,64.80,49.60,45.60,21.20,58.10,81.10,51.40,93.50,45.70,73.80,98.30,52.10,,,,,,,,,,,,,,
-7.878900,-35.451900,63.70,59.80,50.60,41.60,43.80,68.90,58.90,94.60,50.60,155.60,125.50,98.40,,,,,,,,,,,,,,
-7.528300,-35.999700,19.20,29.40,34.20,18.00,85.80,144.00,73.80,51.40,34.70,96.20,51.00,47.80,,,,,,,,,,,,,,
-7.842800,-35.182500,56.50,111.20,78.40,48.80,61.50,130.10,56.10,72.70,52.70,59.50,119.80,77.70,,,,,,,,,,,,,,
-7.854700,-35.764400,30.80,44.60,40.00,33.80,100.40,59.20,49.10,42.30,26.60,55.30,45.40,50.50,,,,,,,,,,,,,,
-7.910000,-35.988600,38.20,57.30,65.00,36.70,59.40,80.60,52.20,65.70,25.70,49.70,36.40,47.10,,,,,,,,,,,,,,
-7.217500,-36.828900,119.20,58.40,114.00,40.40,110.00,52.60,41.50,70.90,44.00,93.50,50.00,123.20,,,,,,,,,,,,,,
-7.986400,-36.500600,52.10,64.70,90.10,13.40,48.50,63.50,55.30,50.20,20.00,68.50,71.10,82.10,,,,,,,,,,,,,,
-7.961900,-36.202200,29.40,28.60,55.50,40.80,89.30,61.50,45.10,50.50,31.10,86.80,25.00,44.70,,,,,,,,,,,,,,
-7.903900,-36.046900,52.00,54.00,74.20,36.00,121.00,54.20,95.20,84.00,47.60,64.00,81.40,70.00,,,,,,,,,,,,,,
-7.214200,-37.925800,149.00,97.00,75.00,89.00,54.00,76.70,68.20,87.30,67.30,90.00,74.00,53.50,,,,,,,,,,,,,,
-7.738900,-37.648300,82.40,86.40,121.20,67.80,65.40,43.40,89.40,76.40,41.20,75.00,59.20,148.60,,,,,,,,,,,,,,
-7.867800,-37.972500,87.00,79.00,82.00,26.50,66.60,82.00,58.00,83.00,36.00,57.70,110.00,33.50,,,,,,,,,,,,,,
-7.299700,-38.984700,83.10,66.70,88.10,72.30,81.70,52.80,68.20,73.60,64.00,108.10,112.30,60.60,,,,,,,,,,,,,,
-7.449700,-41.477500,74.80,54.50,90.30,51.50,55.40,89.20,73.10,56.10,,,,,,,,,,,,,,,,,,
-7.181100,-41.764200,92.00,61.20,111.30,70.20,75.00,111.00,98.10,52.90,,,,,,,,,,,,,,,,,,
-7.246400,-42.541900,109.00,63.40,72.60,163.20,68.80,54.30,48.60,129.40,,,,,,,,,,,,,,,,,,
-6.618300,-42.693900,87.40,68.70,64.70,52.30,82.70,56.40,44.50,74.80,,,,,,,,,,,,,,,,,,
-7.245300,-43.644400,95.50,61.10,100.50,71.70,115.60,90.10,56.60,101.20,,,,,,,,,,,,,,,,,,
-7.081400,-44.812500,99.80,84.50,49.40,49.50,70.30,76.10,80.20,81.20,,,,,,,,,,,,,,,,,,
-7.557200,-45.244400,97.80,86.20,92.60,64.30,87.10,140.60,49.40,68.00,,,,,,,,,,,,,,,,,,
-7.141100,-45.346100,66.40,83.00,60.00,76.60,66.60,103.10,87.50,92.50,,,,,,,,,,,,,,,,,,
-7.341900,-45.606400,100.00,81.10,89.60,67.30,64.60,93.30,92.30,136.40,,,,,,,,,,,,,,,,,,
-7.523300,-46.033900,132.80,119.00,85.20,69.00,105.10,69.10,78.10,67.10,,,,,,,,,,,,,,,,,,
-7.928600,-45.988600,64.00,87.00,89.00,61.00,143.50,64.00,94.00,81.50,,,,,,,,,,,,,,,,,,
-7.157800,-46.554400,50.50,60.10,100.60,70.30,80.70,70.30,,70.10,,,,,,,,,,,,,,,,,,
-7.331400,-46.307500,71.50,53.40,82.40,61.30,86.70,80.80,125.50,110.00,,,,,,,,,,,,,,,,,,
-7.323100,-47.464400,65.40,95.80,110.60,75.70,76.50,86.20,121.40,142.70,88.30,116.20,97.00,89.20,,,,,,,,,,,,,,
-7.714700,-47.315000,87.00,87.20,66.50,66.40,91.80,69.90,92.40,68.80,65.30,80.00,93.20,100.40,,,,,,,,,,,,,,
-7.877800,-48.878600,143.80,96.10,61.30,97.80,104.00,158.80,76.30,106.10,91.60,103.10,96.00,127.00,,,,,,,,,,,,,,
-7.655300,-49.065000,86.30,56.70,94.70,83.70,143.20,95.70,80.00,83.50,92.70,90.00,123.10,99.70,,,,,,,,,,,,,,
-7.506100,-50.044700,,,75.80,96.00,83.60,104.90,118.50,108.10,134.00,128.50,102.40,,,,,,,,,,,,,,,
-7.705300,-60.578300,77.60,90.00,100.00,95.40,65.20,67.20,92.20,90.70,80.20,140.70,109.60,110.30,,,,,,,,,,,,,,
-7.515300,-63.028600,75.40,68.00,94.70,,,,,,15.90,18.40,56.20,,,,,,,,,,,,,,,
-7.715600,-66.058300,119.00,75.20,42.40,,,,,,,,105.00,89.20,,,,,,,,,,,,,,
-8.113600,-35.283900,32.00,63.00,60.00,31.00,38.00,78.20,31.40,68.00,34.20,42.10,138.70,31.50,,,,,,,,,,,,,,
-8.302800,-36.010800,49.80,26.60,40.50,36.10,39.00,55.40,82.60,56.40,27.10,62.90,89.70,5.80,,,,,,,,,,,,,,
-8.011900,-35.696100,37.00,60.50,52.20,35.50,42.50,92.80,30.80,44.60,32.60,75.50,79.10,32.80,,,,,,,,,,,,,,
-8.000000,-35.290800,,,88.50,25.00,57.90,24.10,34.30,52.80,39.80,80.00,80.00,25.00,,,,,,,,,,,,,,
-8.140800,-35.399700,54.80,63.90,57.30,23.20,49.30,81.60,50.90,29.00,30.00,58.00,134.30,46.30,,,,,,,,,,,,,,
-8.841900,-35.447500,70.10,75.00,90.30,96.20,45.30,158.20,70.70,94.10,57.40,99.90,83.70,70.30,,,,,,,,,,,,,,
-8.637500,-35.305600,77.80,96.50,133.10,128.90,65.70,202.30,151.50,51.70,80.60,89.50,78.40,61.20,,,,,,,,,,,,,,
-8.679400,-35.577200,55.60,73.40,79.60,74.80,57.60,143.20,69.80,87.20,49.60,77.90,56.00,38.50,,,,,,,,,,,,,,
-8.365600,-36.560300,45.00,83.00,108.00,28.00,31.00,59.00,62.00,55.00,45.00,85.00,65.00,54.50,,,,,,,,,,,,,,
-8.145600,-36.370300,96.40,37.50,83.80,54.00,75.80,60.80,60.00,61.10,74.60,62.90,73.10,68.40,,,,,,,,,,,,,,
-8.189400,-36.706900,150.50,60.00,73.30,32.50,42.50,45.10,90.50,88.10,47.20,96.00,53.00,135.00,,,,,,,,,,,,,,
-8.920800,-37.830600,60.40,37.20,105.20,16.20,40.70,60.80,36.00,47.70,60.40,52.20,62.50,67.90,,,,,,,,,,,,,,
-8.539200,-38.192800,50.00,63.00,55.50,38.00,64.30,74.00,37.50,107.00,74.00,75.00,50.00,40.00,,,,,,,,,,,,,,
-8.239700,-38.527800,62.50,40.00,65.10,34.60,82.50,100.80,38.60,58.30,92.20,78.30,88.90,52.10,,,,,,,,,,,,,,
-8.765000,-38.960600,70.40,82.50,60.50,37.00,106.80,45.00,60.70,68.30,79.20,156.60,65.50,68.10,,,,,,,,,,,,,,
-8.606400,-38.578600,58.50,80.20,48.70,63.70,85.70,42.50,104.70,136.60,53.50,97.50,98.00,42.00,,,,,,,,,,,,,,
-8.000600,-38.244700,83.40,135.00,49.50,17.20,102.50,70.00,53.40,57.80,71.60,93.00,74.70,65.40,,,,,,,,,,,,,,
-8.262800,-39.847200,139.40,74.20,69.80,57.00,56.80,58.20,106.00,69.20,98.80,56.20,44.20,58.20,,,,,,,,,,,,,,
-8.092200,-39.574200,70.00,89.00,76.20,70.00,66.20,82.00,89.00,81.30,40.50,75.00,53.80,43.90,,,,,,,,,,,,,,
-8.177800,-39.731400,68.50,60.80,80.00,47.50,65.50,52.30,100.70,71.20,53.20,75.80,48.00,71.80,,,,,,,,,,,,,,
-8.623100,-39.239200,69.40,49.30,67.90,89.50,57.80,49.30,50.00,59.40,40.70,91.00,110.00,44.60,,,,,,,,,,,,,,
-8.520300,-39.640800,110.10,65.40,69.10,53.10,144.20,65.50,64.50,105.00,60.80,107.30,73.90,62.10,,,,,,,,,,,,,,
-8.804200,-39.822500,,,,,47.20,,61.40,56.70,56.40,73.50,43.70,53.30,,,,,,,,,,,,,,
-8.998900,-40.273100,90.00,46.20,51.20,43.20,74.80,100.70,72.00,82.60,75.00,135.30,43.90,80.20,,,,,,,,,,,,,,
-8.005600,-41.501400,66.00,58.00,83.30,54.70,59.00,81.50,49.30,71.20,,,,,,,,,,,,,,,,,,
-8.317500,-45.967800,60.00,78.70,89.70,58.30,101.70,86.10,68.50,73.40,,,,,,,,,,,,,,,,,,
-8.101400,-45.587500,87.50,85.00,90.00,83.70,139.30,80.60,80.60,98.90,,,,,,,,,,,,,,,,,,
-8.821100,-45.968100,74.30,100.20,176.60,117.30,75.70,57.80,67.40,65.30,,,,,,,,,,,,,,,,,,
-8.773600,-46.118300,84.20,83.90,54.20,62.10,92.90,95.70,47.20,63.70,,,,,,,,,,,,,,,,,,
-8.391700,-47.762800,85.00,100.90,104.00,60.30,93.10,63.10,126.40,154.20,64.00,84.50,116.00,100.20,,,,,,,,,,,,,,
-8.052800,-48.481700,100.00,90.50,66.60,120.00,92.50,120.20,90.40,97.50,100.60,135.10,74.90,91.40,,,,,,,,,,,,,,
-8.573900,-48.690300,89.00,96.30,108.20,105.30,71.10,84.50,79.30,80.80,79.30,77.10,92.30,78.40,,,,,,,,,,,,,,
-8.399200,-48.130300,75.40,76.90,102.00,132.10,114.70,80.40,123.00,64.20,81.60,161.30,97.20,103.60,,,,,,,,,,,,,,
-8.802200,-49.555600,82.80,87.50,78.50,76.30,96.80,79.80,78.90,85.50,71.20,96.60,95.30,83.90,,,,,,,,,,,,,,
-8.043900,-50.000600,82.80,140.40,103.70,92.00,117.30,105.20,86.20,99.40,132.20,83.60,84.70,139.40,,,,,,,,,,,,,,
-8.660300,-50.444200,,,,,68.40,98.90,114.70,75.30,91.20,97.50,113.30,59.10,,,,,,,,,,,,,,
-8.250000,-67.366700,94.70,80.30,76.40,,,,,,,,137.60,39.00,,,,,,,,,,,,,,
-9.313600,-35.949700,51.00,91.80,134.40,86.00,65.00,116.80,130.60,71.40,88.60,82.10,63.50,53.80,,,,,,,,,,,,,,
-9.467500,-35.856400,94.60,126.90,162.80,71.80,49.70,199.00,84.00,94.80,70.90,121.20,63.40,69.40,,,,,,,,,,,,,,
-9.716400,-35.891700,97.30,95.00,122.70,60.10,105.90,115.30,84.50,113.70,55.10,145.50,101.00,98.80,,,,,,,,,,,,,,
-9.972800,-37.003300,,,,26.20,63.60,,33.00,63.80,47.40,79.40,48.30,73.40,,,,,,,,,,,,,,
-9.507200,-36.023300,,,95.80,55.50,42.80,85.50,53.60,68.00,71.20,158.50,53.80,98.10,,,,,,,,,,,,,,
-9.004200,-36.051100,59.70,72.20,110.00,67.00,39.40,95.50,84.00,72.20,73.40,72.80,66.00,47.00,,,,,,,,,,,,,,
-9.154400,-36.035800,46.00,81.40,110.90,65.00,81.00,137.40,83.00,59.80,84.90,80.50,59.20,46.60,,,,,,,,,,,,,,
-9.168900,-36.219700,63.50,54.30,85.20,86.10,58.30,121.00,90.20,63.40,70.20,142.00,58.60,60.30,,,,,,,,,,,,,,
-9.392800,-37.994200,66.40,43.50,61.80,18.10,121.30,90.50,89.30,51.20,90.50,93.30,109.10,39.50,,,,,,,,,,,,,,
-9.748600,-37.449700,25.00,37.00,46.40,32.40,46.20,29.60,34.10,71.00,36.70,79.50,61.20,57.40,,,,,,,,,,,,,,
-9.626100,-37.756100,41.60,29.00,80.50,21.80,53.60,79.70,28.70,94.00,38.80,52.00,110.00,77.60,,,,,,,,,,,,,,
-9.105600,-37.131700,39.90,62.10,58.80,24.50,34.50,90.20,36.20,63.40,45.70,52.30,52.90,5.30,,,,,,,,,,,,,,
-9.372800,-37.245300,75.80,105.00,48.90,21.70,52.00,39.60,30.60,68.40,65.10,45.00,52.00,56.50,,,,,,,,,,,,,,
-9.122500,-39.936400,166.50,116.00,59.10,55.40,94.00,,46.10,,,,46.60,64.10,,,,,,,,,,,,,,
-9.559700,-40.646700,148.50,46.50,83.30,35.20,70.80,51.20,28.10,104.20,67.80,72.90,101.30,64.50,,,,,,,,,,,,,,
-9.490800,-40.204400,68.80,66.80,70.90,44.30,114.80,,67.70,,,,82.00,106.10,,,,,,,,,,,,,,
-9.676700,-40.603900,137.60,64.90,75.00,59.20,70.60,57.50,36.10,128.10,44.60,129.20,61.70,106.00,,,,,,,,,,,,,,
-9.113100,-45.926100,56.00,78.40,66.20,65.20,71.60,89.00,66.10,67.20,,,,,,,,,,,,,,,,,,
-9.457500,-47.326900,125.50,74.50,121.20,83.50,122.50,150.80,150.00,83.50,60.80,136.30,102.50,162.50,,,,,,,,,,,,,,
-9.564200,-48.387500,105.00,96.00,81.40,100.20,61.50,87.00,88.70,66.40,126.30,81.20,118.70,74.30,,,,,,,,,,,,,,
-9.624400,-49.155300,131.00,59.00,91.20,121.20,125.10,146.20,66.40,116.20,110.30,83.20,109.00,123.70,,,,,,,,,,,,,,
-9.257200,-49.064200,110.00,105.60,92.70,78.70,58.30,73.60,71.00,105.50,73.80,109.10,107.10,66.90,,,,,,,,,,,,,,
-9.801100,-49.656400,,,,,65.50,74.20,92.30,96.30,101.50,130.20,94.10,116.20,,,,,,,,,,,,,,
-10.018900,-51.122800,,,,,,,,,,,,,,,,,,,,,,,,,,
-9.693900,-56.474200,,,,,56.90,88.80,68.30,,81.50,73.40,98.00,106.80,,,,,,,,,,,,,,
-10.285000,-36.556400,88.40,101.00,73.20,55.30,76.50,61.50,102.00,59.50,42.00,82.40,164.50,102.20,,,,,,,,,,,,,,
-10.031400,-36.303900,109.10,153.80,71.60,49.80,77.10,67.60,66.00,111.80,35.00,51.00,194.00,66.00,,,,,,,,,,,,,,
-10.578100,-36.915600,89.40,86.60,85.40,85.60,115.00,99.00,83.10,55.50,97.10,94.20,182.00,101.80,,,,,,,,,,,,,,
-10.844400,-40.111700,75.00,50.90,84.30,36.30,47.40,91.40,88.80,91.60,66.90,70.40,83.70,126.20,,,,,,,,,,,,,,
-10.986400,-42.342200,80.70,60.90,60.30,52.30,50.50,110.30,70.50,63.90,55.90,76.80,80.70,70.80,,,,,,,,,,,,,,
-10.546400,-46.418600,,,,64.50,66.60,82.70,86.50,142.10,58.20,121.60,92.20,122.10,,,,,,,,,,,,,,
-9.990600,-47.478600,,,87.60,123.30,92.40,92.50,59.60,95.20,76.40,86.70,85.10,116.70,,,,,,,,,,,,,,
-10.755300,-47.764700,82.30,90.50,74.10,61.20,94.70,72.20,116.90,81.00,99.90,81.70,80.90,81.50,,,,,,,,,,,,,,
-10.165300,-48.890600,132.00,75.00,85.20,108.20,108.40,75.70,132.90,105.20,78.70,106.50,107.50,65.40,,,,,,,,,,,,,,
-10.867200,-51.630600,,,,,,,,,,,,,,,,,,,,,,,,,,
-10.792500,-65.347800,37.90,61.10,88.00,68.00,93.90,70.70,73.80,63.20,72.30,70.80,142.40,,,,,,,,,,,,,,,
-11.655000,-37.936900,27.60,69.00,52.30,52.40,55.10,95.00,60.80,149.50,85.80,93.50,76.50,121.10,,,,,,,,,,,,,,
-11.768300,-37.803600,51.40,58.80,80.20,63.10,122.70,90.50,108.80,62.10,62.20,,101.70,87.40,,,,,,,,,,,,,,
-11.328600,-42.305000,54.70,75.00,76.70,38.30,87.40,108.00,45.40,90.00,49.40,76.20,63.30,92.00,,,,,,,,,,,,,,
-11.356100,-42.273600,53.60,34.40,92.90,56.40,70.40,127.80,70.30,111.00,78.70,126.70,58.40,38.30,,,,,,,,,,,,,,
-11.563300,-43.275300,58.40,84.80,104.00,55.30,58.40,86.20,75.20,103.10,94.70,72.00,54.50,77.10,,,,,,,,,,,,,,
-11.355300,-43.845600,57.50,59.20,111.80,73.40,62.00,85.00,86.00,53.00,68.00,103.20,45.30,132.90,,,,,,,,,,,,,,
-11.613900,-44.157500,59.70,72.60,56.60,65.10,69.20,99.30,69.90,56.60,62.80,100.50,56.50,71.10,,,,,,,,,,,,,,
-11.047800,-45.201900,56.20,63.60,100.00,64.80,76.90,95.30,50.00,78.00,71.80,88.00,108.70,69.70,,,,,,,,,,,,,,
-11.852500,-45.122200,65.20,55.10,62.10,79.20,65.40,67.50,77.80,75.20,76.50,86.40,64.50,75.20,,,,,,,,,,,,,,
-11.578900,-47.173900,70.00,82.20,95.00,100.50,100.80,71.10,100.20,80.20,147.30,74.60,100.40,91.50,,,,,,,,,,,,,,
-11.140300,-47.576700,85.20,89.40,77.00,94.90,78.70,79.90,139.30,74.70,56.10,70.70,87.90,117.40,,,,,,,,,,,,,,
-11.531400,-48.294700,75.60,122.30,120.80,83.30,146.30,96.60,75.20,114.60,117.30,88.30,99.70,82.20,,,,,,,,,,,,,,
-11.338900,-49.265300,,,,,,,,,,,,,,,,,,,,,,,,,,
-11.619700,-50.662500,,,,,,,,,,,,,,,,,,,,,,,,,,
-11.341700,-58.338300,92.70,70.50,129.00,87.30,92.50,72.90,72.90,,69.60,58.30,119.50,133.20,,,,,,,,,,,,,,
-12.130300,-37.941700,29.40,136.30,75.70,105.10,91.50,95.50,147.70,56.40,173.70,74.30,96.70,123.00,,,,,,,,,,,,,,
-12.570300,-38.056700,65.00,137.40,91.10,114.60,107.20,85.30,142.90,54.40,92.90,119.50,85.50,82.60,,,,,,,,,,,,,,
-12.585000,-39.518300,89.00,44.80,94.00,42.00,47.00,46.80,55.30,75.00,37.00,101.40,53.90,29.40,,,,,,,,,,,,,,
-12.990000,-40.963300,100.50,19.20,68.30,45.00,88.40,65.00,61.90,121.20,61.30,78.90,106.70,154.10,,,,,,,,,,,,,,
-12.934700,-41.065800,85.20,56.20,56.20,77.50,65.70,90.40,110.20,62.10,117.90,80.00,95.10,95.10,,,,,,,,,,,,,,
-12.497500,-41.296100,49.30,23.40,83.70,70.90,54.90,64.80,33.60,48.70,51.60,95.30,84.30,37.10,,,,,,,,,,,,,,
-12.019200,-41.054700,87.60,70.30,79.60,72.40,87.30,60.30,36.70,100.70,44.00,72.20,78.90,73.60,,,,,,,,,,,,,,
-13.007500,-41.370000,69.80,79.30,87.00,67.50,78.00,89.10,53.70,108.50,114.70,76.50,92.60,104.00,,,,,,,,,,,,,,
-12.003600,-42.628300,36.60,47.90,68.10,52.00,,136.00,53.90,47.20,63.70,100.50,69.80,69.80,,,,,,,,,,,,,,
-12.251900,-42.762800,54.50,48.00,58.60,36.10,54.30,85.20,28.50,60.60,34.80,84.60,64.30,75.00,,,,,,,,,,,,,,
-12.180600,-43.223300,87.70,61.40,46.60,49.40,60.10,52.50,80.60,92.30,95.70,57.20,87.30,63.20,,,,,,,,,,,,,,
-11.154400,-45.009200,99.00,93.40,79.80,64.00,80.20,73.80,64.80,86.80,44.10,68.40,79.60,70.30,,,,,,,,,,,,,,
-12.389200,-44.932200,88.20,46.90,57.80,64.30,68.20,64.10,72.60,103.20,50.00,66.80,109.50,102.00,,,,,,,,,,,,,,
-12.411400,-45.120300,72.10,83.60,79.70,58.60,78.60,55.30,99.80,57.60,84.50,82.60,71.50,75.20,,,,,,,,,,,,,,
-12.125600,-45.810800,65.70,69.50,89.80,63.50,106.60,83.40,82.40,85.80,85.00,92.70,68.40,101.40,,,,,,,,,,,,,,
-12.232500,-47.324400,,,,,,55.60,72.00,77.20,86.80,104.40,70.03,65.00,,,,,,,,,,,,,,
-12.483600,-49.124400,76.80,106.00,95.20,90.00,115.40,142.00,103.50,65.60,,81.30,57.40,55.70,,,,,,,,,,,,,,
-12.931100,-49.829400,,,,,,,,,,,,,,,,,,,,,,,,,,
-12.426900,-64.422500,67.40,111.60,108.00,135.00,80.60,,,,,,,,,,,,,,,,,,,,,
-13.601100,-39.491700,109.40,85.30,115.70,39.80,76.20,51.50,52.20,80.30,38.90,92.60,44.90,77.10,,,,,,,,,,,,,,
-13.367200,-39.077200,117.90,152.20,103.60,86.10,75.00,90.80,81.20,68.00,88.50,99.20,89.80,77.30,,,,,,,,,,,,,,
-13.812800,-41.301900,67.10,35.60,76.10,48.50,50.40,57.50,28.40,64.90,45.30,76.90,60.40,108.40,,,,,,,,,,,,,,
-13.292500,-43.909200,98.30,35.20,71.20,64.60,57.40,47.20,77.90,56.90,53.90,61.20,108.30,62.40,,,,,,,,,,,,,,
-13.277800,-44.558900,78.30,70.20,101.00,112.80,78.60,61.20,78.00,49.90,81.50,134.20,78.50,81.00,,,,,,,,,,,,,,
-13.336400,-44.652200,48.20,51.80,81.40,71.80,73.20,75.10,68.80,64.30,53.30,93.80,69.40,75.40,,,,,,,,,,,,,,
-13.450800,-44.565600,99.50,47.20,46.10,56.30,64.20,75.30,58.10,94.00,67.90,171.30,73.50,78.20,,,,,,,,,,,,,,
-13.397500,-46.315800,,,,,,80.90,51.00,53.00,60.10,58.50,58.20,57.40,,,,,,,,,,,,,,
-13.742500,-46.877500,,,,,,99.90,75.40,65.50,95.00,77.00,115.00,68.00,,,,,,,,,,,,,,
-13.790000,-48.566900,,,,,,145.00,67.20,79.60,91.60,74.70,114.50,64.80,59.40,,,,86.00,72.00,,,,,,,,
-13.512800,-48.745000,,,,,,106.20,86.30,90.20,82.20,98.20,98.30,57.50,,,,,,,,,,,,,,
-13.872500,-49.071400,99.60,78.50,162.20,105.40,150.40,95.70,72.90,83.80,98.00,69.20,76.90,50.00,72.50,,,,,,,,,,,,,
-13.244700,-49.501700,79.40,84.00,122.30,60.10,72.10,95.00,60.70,62.00,86.00,107.10,121.60,134.80,,,,,,,,,,,,,,
-13.409700,-49.156400,73.40,87.40,88.20,62.30,96.20,76.10,82.10,97.30,,64.10,77.20,70.40,,,,,,,,,,,,,,
-13.102800,-49.201400,90.10,64.30,113.40,92.50,64.90,83.90,103.70,72.10,124.70,92.70,97.60,66.90,,,,,,,,,,,,,,
-13.689400,-50.796100,100.50,70.20,78.30,72.00,90.00,60.00,46.20,60.40,65.40,73.80,62.40,58.70,,,,,,,,,,,,,,
-13.528600,-50.188100,75.10,114.00,210.00,72.50,69.60,80.70,82.30,91.70,122.50,117.00,86.60,82.50,,,,,,,,,,,,,,
-13.495600,-52.454400,126.40,156.50,162.80,51.80,86.70,107.70,106.50,113.80,73.90,180.50,120.50,83.90,115.20,,,,,,,,,,,,,
-14.859700,-39.658300,49.70,62.80,68.10,103.70,78.60,72.40,49.20,91.30,25.70,53.30,54.20,46.50,,,,,,,,,,,,,,
-14.677800,-39.389400,101.00,109.00,86.10,88.90,103.90,64.60,113.50,79.30,65.80,46.70,141.40,49.50,,,,,,,,,,,,,,
-14.958900,-39.807500,56.00,35.00,84.00,73.00,85.40,84.80,53.00,77.90,30.40,66.80,87.40,61.20,,,,,,,,,,,,,,
-14.099400,-41.291100,76.60,30.00,36.60,40.70,41.30,53.70,43.50,86.50,36.00,89.70,48.10,81.00,,,,,,,,,,,,,,
-14.756700,-43.932200,60.60,33.60,93.20,70.20,50.80,72.80,62.80,60.80,61.80,136.80,79.40,,,,,,,,,,,,,,,
-14.259400,-43.165600,69.10,86.80,51.30,95.40,137.60,66.30,53.10,76.40,62.50,96.50,89.50,123.00,,,,,,,,,,,,,,
-14.313600,-44.460300,57.80,75.00,50.80,49.60,83.70,107.00,93.20,104.00,57.30,75.20,95.00,,,,,,,,,,,,,,,
-14.431100,-44.481700,70.00,83.20,61.50,59.00,94.00,85.00,57.70,63.00,48.00,88.00,134.50,,,,,,,,,,,,,,,
-14.265800,-44.157200,69.30,35.10,42.80,51.20,133.30,103.00,38.50,79.50,42.30,106.50,85.50,,,,,,,,,,,,,,,
-14.280600,-44.409400,92.10,68.00,47.90,60.40,65.00,125.00,103.00,109.30,40.60,131.90,98.70,,,,,,,,,,,,,,,
-14.268300,-44.521700,97.20,77.00,72.40,98.80,93.60,100.70,51.90,102.70,71.40,98.50,69.20,,,,,,,,,,,,,,,
-14.803900,-46.253300,35.40,54.00,29.00,89.70,78.70,75.60,105.30,86.50,76.70,72.50,64.70,97.50,,,,,,,,,,,,,,
-14.134700,-47.511700,,,,,,49.30,70.00,75.00,40.20,60.40,112.00,52.00,56.30,,,,76.30,67.30,,,,,,,,
-14.707200,-47.523600,,,,,,54.10,70.40,53.40,50.00,66.30,91.20,44.30,80.10,,,,130.00,122.20,,,,,,,,
-14.475000,-48.458300,,,,,,57.00,70.30,54.40,86.90,64.80,64.80,100.00,95.00,,,,80.20,55.00,,,,,,,,
-14.548900,-48.165300,,,,,,134.00,85.00,139.00,99.00,125.00,103.00,60.00,,,,,,,,,,,,,,
-14.568300,-48.158900,,,,,,114.00,52.40,69.80,48.80,71.80,65.30,63.50,56.50,87.10,107.30,208.90,94.80,,,,,,,,,
-14.761100,-49.580300,112.00,100.40,145.00,106.60,80.20,129.60,85.00,98.00,94.70,95.00,113.60,66.00,65.20,,,,113.00,92.40,,,,,,,,
-14.433600,-49.716700,102.30,84.00,168.40,108.50,74.60,136.80,114.90,143.20,62.50,101.00,81.10,117.50,,,,,,,,,,,,,,
-14.741400,-50.577200,102.40,83.40,84.80,67.60,87.60,57.20,104.40,90.20,102.60,109.80,103.60,86.80,,,,,,,,,,,,,,
-14.097200,-50.332800,112.40,112.20,85.50,52.90,75.70,46.80,82.60,67.60,66.70,138.60,108.90,82.50,,,,,,,,,,,,,,
-14.672200,-52.354700,,,,,,,,,,,,,,,,,,,,,,,,,,
-14.843900,-55.855000,69.60,135.20,68.00,129.60,63.80,58.70,70.60,150.50,89.40,66.10,73.10,84.90,,,,,,,,,,,,,,
-14.469400,-56.850000,81.60,67.40,165.30,92.70,67.50,53.60,86.10,104.30,132.10,89.60,95.40,126.90,,,,,,,,,,,,,,
-14.451100,-56.814200,96.10,91.30,76.50,74.50,100.30,79.40,63.50,123.00,102.70,71.30,160.30,138.90,,,,,,,,,,,,,,
-14.652500,-56.123900,105.00,143.00,78.00,63.00,101.30,107.00,79.00,104.70,99.90,125.20,74.00,63.80,61.90,,,,84.50,76.00,,,,,,,,
-15.960800,-39.526100,88.00,57.00,95.40,63.20,118.40,77.30,38.10,103.70,,89.10,94.80,,,,,,,,,,,,,,,
-15.564200,-39.301700,50.60,55.90,80.90,54.30,70.80,74.70,55.20,52.50,38.60,146.40,44.80,54.70,,,,,,,,,,,,,,
-15.881700,-40.563300,82.90,76.70,117.70,53.70,90.60,63.80,49.20,83.40,,93.40,119.60,,,,,,,,,,,,,,,
-15.580800,-41.408600,86.00,42.70,64.90,112.50,63.10,90.90,38.00,84.60,38.30,94.00,63.40,99.10,,,,,,,,,,,,,,
-15.489700,-41.457800,75.00,50.00,49.00,129.00,62.00,48.50,48.00,104.50,55.20,104.50,56.00,62.00,,,,,,,,,,,,,,
-15.341100,-43.675300,56.60,78.30,79.30,82.20,49.20,46.40,76.70,246.00,61.10,84.50,66.30,,,,,,,,,,,,,,,
-15.775600,-43.279700,149.00,154.00,38.80,65.20,61.00,72.20,83.40,89.50,43.00,54.90,47.80,,,,,,,,,,,,,,,
-15.949400,-44.868100,64.00,71.20,73.50,94.00,66.00,79.20,54.00,82.00,79.70,84.70,121.00,,,,,,,,,,,,,,,
-15.930300,-44.004200,60.20,51.20,70.20,94.00,81.00,81.20,65.30,47.70,64.50,62.00,59.50,,,,,,,,,,,,,,,
-15.704200,-44.028600,73.50,53.20,139.70,54.20,59.00,75.40,102.10,113.00,58.20,76.10,68.10,,,,,,,,,,,,,,,
-15.295000,-45.626700,35.00,55.00,70.50,74.00,99.50,100.00,70.00,46.50,96.10,99.50,74.80,,,,,,,,,,,,,,,
-15.917800,-46.119200,95.20,66.30,66.50,78.60,101.00,93.20,58.30,109.80,62.20,94.40,79.00,,,,,,,,,,,,,,,
-15.031400,-46.292200,,,,,,74.90,89.60,64.70,79.50,121.70,55.70,,,,,,,,,,,,,,,
-15.063100,-48.166400,,,,,,54.80,72.80,75.60,37.20,48.20,55.00,74.40,65.30,,,,88.00,77.00,,,,,,,,
-15.854700,-48.966100,,,,,,59.80,76.90,45.10,66.70,72.60,106.50,75.60,153.40,,,,67.60,66.50,,,,,,,,
-15.329200,-49.121700,,,,,,97.00,85.00,82.70,75.90,53.60,92.50,82.50,58.10,,,,78.90,55.50,,,,,,,,
-15.564200,-49.943600,89.60,95.80,110.00,81.00,77.70,75.10,68.90,156.10,90.80,69.30,97.30,60.00,74.90,,,,63.50,80.50,,,,,,,,
-15.758100,-49.336900,,,,,,82.40,44.60,82.80,98.50,75.20,72.60,71.30,48.70,,,,123.30,62.00,,,,,,,,
-15.020600,-49.891700,96.50,60.00,90.00,93.30,102.80,91.90,100.30,61.70,58.60,98.10,77.00,61.00,,,,,,,,,,,,,,
-15.815800,-50.608600,110.00,65.50,134.50,130.00,83.60,76.00,73.00,92.40,87.00,62.60,120.10,135.10,,,,,,,,,,,,,,
-15.373100,-50.500000,94.20,60.80,108.40,102.50,100.80,91.70,132.80,68.00,79.20,63.50,91.30,79.70,,,,,,,,,,,,,,
-15.535600,-50.702800,78.60,81.80,113.40,62.00,57.70,96.00,77.60,97.10,88.30,112.50,101.50,109.40,,,,,,,,,,,,,,
-15.246100,-51.163300,71.60,87.50,136.30,170.10,69.50,87.70,75.60,93.80,77.50,115.30,122.30,75.70,,,,,,,,,,,,,,
-15.890000,-51.853600,100.40,121.40,120.20,144.20,144.70,95.20,54.60,81.60,95.50,78.20,82.80,75.20,,,,,,,,,,,,,,
-15.767200,-51.104400,72.30,83.20,89.50,72.80,137.00,79.40,69.00,130.50,88.40,92.40,89.20,68.40,,,,,,,,,,,,,,
-15.711100,-52.754400,130.00,105.10,126.50,78.90,89.20,101.20,80.10,91.30,91.80,64.70,78.80,89.30,,,,,,,,,,,,,,
-15.250300,-53.055300,,,,,,,,,,,,,,,,,,,,,,,,,,
-15.035600,-52.237500,85.50,62.50,128.30,111.30,92.60,90.10,83.40,66.50,86.60,70.00,138.70,67.70,,,,,,,,,,,,,,
-15.988900,-54.968300,79.20,66.20,97.20,77.80,85.60,90.60,91.60,76.80,64.60,78.50,55.80,146.80,,,,,,,,,,,,,,
-15.468900,-55.728900,147.20,105.20,82.50,80.90,127.80,81.70,85.70,99.50,87.60,97.50,112.50,100.20,130.20,,,,201.90,116.80,,,,,,,,
-15.365600,-55.436900,117.00,150.00,78.30,145.00,82.90,137.20,86.90,85.90,100.70,62.10,117.30,81.10,58.20,,,,63.10,72.90,,,,,,,,
-15.232800,-55.741100,88.90,83.60,92.70,58.10,93.60,93.50,85.10,99.50,95.60,130.40,97.70,62.20,,,,,,,,,,,,,,
-15.355000,-56.231700,126.20,78.40,73.10,62.80,73.60,159.20,84.50,90.00,88.10,77.60,60.10,87.50,,,,,,,,,,,,,,
-15.621700,-56.108300,,,,,,,,,,,,,,,,,,,,,,,,,,
-15.206700,-56.365600,76.20,70.80,63.30,83.40,55.50,87.50,101.00,117.00,85.10,73.30,66.30,96.70,72.40,,,,90.90,146.10,,,,,,,,
-15.224200,-59.350300,148.50,88.70,68.10,99.80,66.00,62.50,48.10,75.90,47.00,138.00,84.00,,,,,,,,,,,,,,,
-16.265000,-39.583300,88.70,71.60,78.00,73.40,90.60,88.50,51.40,36.30,,76.00,57.70,,,,,,,,,,,,,,,
-16.120300,-40.739400,117.70,60.80,118.30,65.70,91.80,85.50,68.00,116.80,,96.50,78.00,,,,,,,,,,,,,,,
-16.378900,-40.540800,82.00,61.10,58.30,49.10,49.00,90.50,36.00,229.00,,65.80,92.00,,,,,,,,,,,,,,,
-16.634200,-40.760600,46.00,67.00,61.30,64.10,41.80,60.00,77.20,50.00,,77.40,81.70,,,,,,,,,,,,,,,
-16.838600,-40.156400,83.20,53.70,74.90,70.20,94.70,87.40,80.60,83.80,42.30,132.60,107.50,,,,,,,,,,,,,,,
-16.568300,-41.503100,95.00,70.40,98.90,69.80,54.00,126.20,73.10,115.60,,59.50,68.90,,,,,,,,,,,,,,,
-16.689400,-41.498300,62.20,73.00,62.00,80.60,50.20,92.00,54.50,75.00,,49.00,76.30,,,,,,,,,,,,,,,
-16.618100,-41.767500,60.40,58.20,52.10,62.10,61.20,74.10,47.90,74.70,,66.20,77.20,,,,,,,,,,,,,,,
-16.230000,-41.480800,67.50,63.00,92.20,102.50,76.30,105.20,54.40,122.20,,88.10,78.50,,,,,,,,,,,,,,,
-16.596100,-41.024400,63.90,54.40,53.30,69.60,57.60,80.40,72.90,74.30,,62.50,68.60,,,,,,,,,,,,,,,
-16.613100,-42.186900,77.00,63.00,56.60,64.40,73.30,95.40,46.20,63.20,,66.50,52.30,,,,,,,,,,,,,,,
-16.678900,-42.485600,48.20,90.50,132.10,69.20,54.10,65.20,93.10,79.40,,102.20,128.60,,,,,,,,,,,,,,,
-16.591400,-42.918300,66.00,80.00,61.00,90.00,88.00,66.50,98.00,92.00,,79.00,85.00,,,,,,,,,,,,,,,
-16.193100,-42.594200,76.50,66.30,44.80,45.50,46.80,56.00,91.20,90.00,,98.60,50.00,,,,,,,,,,,,,,,
-16.617800,-42.308900,113.00,92.10,51.40,70.20,57.90,74.00,37.70,66.00,,85.20,66.40,,,,,,,,,,,,,,,
-16.760800,-42.006100,58.30,45.20,43.70,73.70,61.70,120.60,50.90,70.50,,117.50,45.00,,,,,,,,,,,,,,,
-16.108600,-43.856100,,,,,,82.00,95.80,99.20,46.40,47.70,70.30,,,,,,,,,,,,,,,
-16.702500,-44.117200,60.80,54.40,186.60,81.40,75.40,84.30,52.50,74.60,51.00,63.70,95.60,,,,,,,,,,,,,,,
-16.371700,-45.082800,68.60,51.50,137.10,67.70,89.80,57.50,118.10,70.00,55.10,94.10,128.80,,,,,,,,,,,,,,,
-16.133600,-45.742200,85.00,65.00,70.20,79.10,80.00,102.10,80.00,87.60,52.30,91.60,64.50,,,,,,,,,,,,,,,
-16.807200,-45.030300,59.40,108.00,142.90,70.00,100.60,91.20,82.30,94.90,56.60,118.40,112.30,,,,,,,,,,,,,,,
-16.428600,-45.742200,75.00,117.00,79.00,101.00,82.50,137.40,91.50,90.00,42.50,108.00,76.50,,,,,,,,,,,,,,,
-16.788100,-47.603300,80.20,,,,,84.00,75.00,58.40,64.50,121.00,103.10,76.70,112.50,,,,115.00,85.40,,,,,,,,
-16.143100,-48.600000,49.00,67.40,63.00,,,100.40,63.10,86.70,90.30,95.00,90.00,70.50,86.60,,,,45.80,57.10,,,,,,,,
-16.911900,-49.452200,70.40,99.40,93.20,70.80,71.30,,,,68.90,53.30,86.00,73.70,,,,,,,,,,,,,,
-16.516400,-49.020300,66.40,69.70,55.60,125.30,76.00,,,,56.40,96.90,79.90,92.90,,,,,,,,,,,,,,
-16.027500,-49.800300,90.00,117.00,91.30,57.80,84.50,97.00,67.80,67.00,72.00,78.00,91.20,58.70,66.70,,,,171.00,80.00,,,,,,,,
-16.218600,-49.197800,100.00,69.00,60.00,108.00,56.40,,,,218.80,63.50,98.00,85.70,,,,,,,,,,,,,,
-16.669400,-50.649200,103.00,62.00,112.50,63.30,70.80,95.50,61.00,102.40,60.50,128.30,112.00,62.00,,,,,,,,,,,,,,
-16.298300,-50.556700,96.90,133.40,143.00,65.80,153.30,135.50,100.30,84.10,81.50,164.40,109.10,102.10,,,,,,,,,,,,,,
-16.609400,-50.132800,80.00,95.00,90.40,89.20,52.40,,,,71.40,61.20,106.20,100.60,,,,,,,,,,,,,,
-16.423300,-51.822800,125.60,110.40,92.00,88.50,94.00,74.20,76.30,99.70,86.40,117.60,102.30,108.70,,,,,,,,,,,,,,
-16.305800,-51.470600,55.20,89.20,86.20,71.30,81.50,63.00,82.50,76.50,81.40,68.00,83.60,54.70,,,,,,,,,,,,,,
-16.209200,-52.168600,112.10,88.80,93.90,49.70,101.50,78.20,57.90,106.20,94.50,93.70,127.60,79.30,,,,,,,,,,,,,,
-16.721700,-52.321100,77.30,87.70,89.90,75.40,167.90,98.40,51.70,85.10,77.80,90.60,84.80,102.20,,,,,,,,,,,,,,
-16.076700,-53.551100,127.50,67.80,116.20,96.80,149.30,112.40,80.90,83.60,100.70,93.70,94.20,98.40,,,,,,,,,,,,,,
-16.352800,-53.760800,58.00,146.20,117.80,143.00,64.00,81.60,91.60,82.40,77.00,107.70,95.50,65.60,,,,,,,,,,,,,,
-16.471100,-54.656100,118.40,85.30,146.90,121.20,176.40,80.20,60.90,75.00,89.00,56.70,82.40,90.50,,,,,,,,,,,,,,
-16.673900,-54.266100,115.80,63.20,123.10,77.20,66.20,71.60,95.60,68.50,54.50,53.60,54.00,57.00,,,,,,,,,,,,,,
-16.391100,-54.149400,90.60,62.50,72.50,49.40,133.20,110.20,58.20,82.80,124.20,60.90,51.30,79.30,,,,,,,,,,,,,,
-16.193600,-55.945300,137.70,156.80,122.00,73.80,143.80,74.30,53.70,67.10,80.90,79.30,114.70,70.80,,,,,,,,,,,,,,
-17.253600,-39.778300,73.20,70.40,42.40,95.50,110.80,41.70,60.00,50.00,,90.70,120.00,,,,,,,,,,,,,,,
-17.249400,-39.622200,88.00,67.50,61.80,56.60,145.00,89.30,75.10,59.90,,115.10,131.10,,,,,,,,,,,,,,,
-17.082500,-40.940800,101.20,58.00,57.00,86.30,87.60,94.40,45.20,87.50,,98.60,87.50,,,,,,,,,,,,,,,
-17.072800,-41.483100,67.60,70.50,67.60,88.00,54.00,92.20,61.00,77.70,,76.10,47.80,,,,,,,,,,,,,,,
-17.691700,-42.526100,66.40,65.80,70.00,56.20,58.00,68.90,96.40,86.80,,87.20,47.20,,,,,,,,,,,,,,,
-17.845600,-42.075600,61.00,53.50,95.90,86.50,76.00,66.20,60.30,93.00,,78.00,151.00,,,,,,,,,,,,,,,
-17.992200,-42.393900,69.10,108.30,81.50,88.30,91.30,91.70,62.30,68.30,,86.00,119.30,,,,,,,,,,,,,,,
-16.971100,-42.115600,84.30,79.20,91.40,79.40,74.70,67.50,94.20,81.90,,121.20,68.10,,,,,,,,,,,,,,,
-17.219200,-42.588900,69.50,54.40,51.50,70.00,110.00,66.00,67.70,68.00,,112.00,50.00,,,,,,,,,,,,,,,
-17.572800,-42.135300,,,,,44.00,82.90,94.00,100.60,,55.30,63.50,,,,,,,,,,,,,,,
-17.312800,-43.207800,75.30,67.00,55.40,85.00,77.10,61.90,80.90,123.70,,79.40,75.00,,,,,,,,,,,,,,,
-17.953100,-43.246700,,,,,69.70,48.50,99.70,102.30,,74.60,94.80,,,,,,,,,,,,,,,
-17.890000,-44.576700,72.20,64.30,70.70,76.20,76.20,79.20,68.20,66.40,65.20,70.20,63.10,,,,,,,,,,,,,,,
-17.772500,-47.098600,66.30,98.60,73.40,62.00,137.30,68.50,100.00,80.40,61.20,96.00,93.80,,,,,,,,,,,,,,,
-17.198100,-48.715000,77.70,110.40,132.20,81.20,103.10,94.90,77.90,72.50,65.10,87.50,64.70,88.50,95.60,,,,82.10,102.00,,,,,,,,
-17.983100,-48.683300,55.30,61.90,59.20,77.70,63.90,156.60,60.80,98.10,90.00,85.70,123.70,101.10,79.50,,,,162.00,190.60,,,,,,,,
-17.341400,-49.930300,58.90,77.40,96.80,64.60,82.40,,,,102.10,101.30,75.00,110.00,,,,,,,,,,,,,,
-17.105600,-49.690800,86.00,140.00,80.20,100.00,91.00,,,,95.80,78.40,69.50,97.20,,,,,,,,,,,,,,
-17.809400,-49.626400,142.20,96.70,72.00,63.00,45.20,,,,145.00,59.00,60.00,89.00,,,,,,,,,,,,,,
-17.516900,-49.441700,132.20,72.60,75.40,60.10,29.20,,,,68.90,68.50,124.60,64.80,,,,,,,,,,,,,,
-17.300000,-53.219400,71.00,62.80,118.60,89.70,48.60,84.30,77.30,53.00,47.00,96.20,116.80,107.50,,,,,,,,,,,,,,
-17.207800,-54.140000,86.20,82.20,75.20,121.20,85.20,85.20,70.30,108.30,75.50,56.40,75.40,55.20,,,,,,,,,,,,,,
-17.057200,-56.585600,77.60,64.10,100.70,121.60,57.30,120.20,60.20,56.60,104.60,100.10,76.50,62.80,,,,,,,,,,,,,,
-18.985600,-40.746100,61.00,42.00,78.10,84.40,117.70,106.10,80.80,123.50,,142.20,112.30,,,,,,,,,,,,,,,
-18.761900,-40.890000,75.00,43.00,54.00,65.00,74.00,93.50,92.00,55.00,,121.00,82.00,,,,,,,,,,,,,,,
-18.145600,-40.143900,70.00,50.00,58.80,116.90,73.40,136.70,136.60,99.00,,64.50,118.40,,,,,,,,,,,,,,,
-18.205600,-40.603300,69.20,89.80,132.20,56.80,70.60,102.60,72.60,77.00,,82.20,112.30,,,,,,,,,,,,,,,
-18.700600,-40.441900,76.30,49.30,67.30,55.60,89.80,90.70,98.80,78.80,,98.90,89.80,,,,,,,,,,,,,,,
-18.658600,-40.091100,,,90.70,10.00,135.00,97.50,81.00,52.90,,66.60,68.20,,,,,,,,,,,,,,,
-18.574700,-41.917800,97.00,57.30,97.40,62.40,60.60,69.80,98.60,166.60,,70.80,87.40,,,,,,,,,,,,,,,
-18.238600,-41.748600,61.00,80.80,86.40,44.50,85.90,77.30,89.20,91.60,,51.90,119.90,,,,,,,,,,,,,,,
-18.681100,-41.196700,90.20,48.10,85.40,77.40,67.50,76.10,55.40,83.40,,93.20,79.20,,,,,,,,,,,,,,,
-18.838900,-41.110300,100.00,68.40,82.00,65.60,99.00,56.90,83.80,123.00,,81.20,137.60,,,,,,,,,,,,,,,
-18.406100,-41.040000,70.70,48.10,78.40,73.00,95.10,72.00,68.10,67.50,,202.70,71.20,,,,,,,,,,,,,,,
-18.976400,-41.640300,102.60,95.70,152.10,81.30,73.60,65.60,44.00,104.00,,92.00,128.70,,,,,,,,,,,,,,,
-18.763100,-41.308300,76.50,63.20,61.00,83.10,78.10,53.20,55.30,83.60,,80.00,118.00,,,,,,,,,,,,,,,
-18.776900,-41.482800,113.00,119.20,78.60,64.00,60.00,42.00,49.50,56.00,,114.00,85.00,,,,,,,,,,,,,,,
-18.363100,-42.602200,91.00,67.30,79.20,59.70,70.20,64.30,90.00,64.60,,67.30,122.40,,,,,,,,,,,,,,,
-18.611900,-42.278600,125.00,86.40,58.20,41.30,74.40,69.30,143.20,61.80,,75.00,126.40,,,,,,,,,,,,,,,
-18.201100,-42.455300,80.40,50.30,59.40,59.40,56.10,55.80,88.80,72.90,,80.00,92.10,,,,,,,,,,,,,,,
-18.552800,-42.764200,72.40,52.00,85.00,132.00,73.00,93.50,55.00,46.10,,78.60,60.10,,,,,,,,,,,,,,,
-18.592800,-43.412500,51.00,72.00,52.80,98.00,91.60,62.00,48.40,82.40,,65.00,116.00,,,,,,,,,,,,,,,
-18.279700,-43.000600,92.20,86.00,63.10,62.70,75.10,108.50,52.70,76.00,,70.00,92.00,,,,,,,,,,,,,,,
-18.372200,-44.443600,104.00,40.00,82.40,95.00,50.00,73.00,54.00,79.30,60.20,73.60,54.00,,,,,,,,,,,,,,,
-18.706900,-46.036900,49.00,43.20,50.20,79.30,58.90,71.70,71.40,55.20,55.40,64.10,54.50,,,,,,,,,,,,,,,
-18.849700,-46.800800,,,58.50,60.00,46.90,75.70,74.50,57.30,94.20,94.40,73.80,,,,,,,,,,,,,,,
-18.412500,-46.422200,74.70,79.00,89.50,67.00,107.30,92.20,98.00,121.40,67.50,100.50,74.80,,,,,,,,,,,,,,,
-18.559400,-46.800300,73.00,98.80,59.50,62.50,80.00,84.70,104.00,79.00,90.00,68.80,91.20,,,,,,,,,,,,,,,
-18.841100,-46.550800,88.60,129.20,72.60,62.60,71.20,96.10,69.00,62.40,70.60,73.60,77.90,,,,,,,,,,,,,,,
-18.182800,-46.804200,55.00,110.00,100.00,120.00,55.20,110.30,77.60,98.50,85.40,94.90,184.80,,,,,,,,,,,,,,,
-18.738100,-47.690000,126.00,94.20,76.00,60.40,57.80,114.20,170.00,85.30,75.00,109.30,57.20,,,,,,,,,,,,,,,
-18.491100,-47.406400,65.30,79.10,120.00,61.00,60.40,67.00,108.80,76.00,66.40,60.50,75.20,,,,,,,,,,,,,,,
-18.578900,-47.879200,111.60,78.60,107.80,68.40,82.30,109.40,68.60,98.00,65.30,104.00,87.50,,,,,,,,,,,,,,,
-18.981900,-47.457500,47.00,69.00,83.30,72.40,73.20,83.10,80.00,67.60,95.20,91.20,81.80,,,,,,,,,,,,,,,
-18.600800,-48.690800,81.70,84.50,97.00,90.10,70.00,61.30,60.40,64.40,92.80,146.00,69.70,72.10,120.00,,,,,,,,,,,,,
-18.492200,-48.902800,79.20,71.00,69.20,112.00,55.00,66.00,107.20,90.00,61.00,133.50,150.00,74.00,,,,,,,,,,,,,,
-18.621700,-48.684700,,,,,,61.30,48.10,67.90,92.80,146.00,69.70,72.10,120.00,58.40,123.10,75.50,,,,,,,,,,
-18.771900,-49.069700,94.30,73.10,91.10,85.30,51.70,75.60,80.30,81.50,78.50,63.90,64.30,,,,,,,,,,,,,,,
-18.339400,-49.611400,78.80,86.40,95.00,107.00,68.70,,,,74.80,71.30,84.70,100.40,,,,,,,,,,,,,,
-18.886900,-50.000300,70.00,53.80,79.80,53.70,66.00,124.90,67.40,99.00,110.50,100.50,74.10,,,,,,,,,,,,,,,
-18.104700,-50.031400,75.50,117.60,87.70,61.60,54.60,,,,71.90,74.80,96.50,70.00,,,,,,,,,,,,,,
-17.979700,-50.337200,80.40,100.30,81.30,90.40,52.10,,,,65.40,95.10,33.10,40.20,,,,,,,,,,,,,,
-18.517800,-52.092800,88.00,130.30,58.70,87.10,80.00,,,,123.60,82.00,81.30,128.70,,,,,,,,,,,,,,
-18.304400,-51.962200,84.60,95.00,83.30,60.00,65.90,,,,70.10,68.20,90.70,148.00,,,,,,,,,,,,,,
-18.679700,-53.637800,105.60,65.30,107.40,110.80,62.50,69.20,82.50,49.20,115.20,65.90,96.30,95.20,,,,,,,,,,,,,,
-18.730300,-54.578600,106.70,57.50,86.80,89.30,82.30,80.90,81.50,66.30,58.30,89.10,84.90,81.20,,,,,,,,,,,,,,
-19.577500,-39.794400,17.40,98.70,76.80,40.50,72.40,70.30,85.40,76.30,,70.40,87.40,,,,,,,,,,,,,,,
-19.874400,-40.874400,102.20,71.00,94.00,38.80,69.80,150.10,95.20,62.80,,99.30,99.50,,,,,,,,,,,,,,,
-19.805300,-40.678900,65.40,81.20,124.40,67.20,99.30,143.60,77.90,73.20,,105.50,94.00,,,,,,,,,,,,,,,
-19.692200,-40.398100,185.40,109.40,86.50,67.30,94.20,87.80,84.60,61.70,,84.20,197.40,,,,,,,,,,,,,,,
-19.530800,-40.623100,88.20,92.00,106.40,69.00,63.20,90.20,88.90,60.30,,62.10,92.70,,,,,,,,,,,,,,,
-19.936900,-40.401400,125.00,59.00,148.00,60.00,90.80,206.20,125.20,88.50,,,,,,,,,,,,,,,,,,
-19.220300,-40.853300,51.70,50.10,61.30,66.00,79.30,88.90,79.80,79.50,,134.50,64.50,,,,,,,,,,,,,,,
-19.953300,-40.552500,78.40,75.60,132.60,73.20,70.20,147.70,91.20,52.50,,,,,,,,,,,,,,,,,,
-19.663600,-40.835300,103.30,60.00,120.00,71.30,76.40,119.00,91.70,76.60,,119.90,139.50,,,,,,,,,,,,,,,
-19.237500,-40.591400,96.00,61.30,78.50,84.70,79.80,95.40,101.40,56.70,,117.30,103.50,,,,,,,,,,,,,,,
-19.057800,-40.516400,170.60,73.00,75.60,112.00,98.00,100.30,96.70,72.40,,111.40,78.70,,,,,,,,,,,,,,,
-19.955000,-40.741700,77.00,99.40,59.30,68.90,98.30,158.10,138.80,61.00,,88.50,145.60,,,,,,,,,,,,,,,
-19.588600,-40.198100,77.00,81.20,51.00,45.20,62.00,68.20,115.60,37.10,,,,,,,,,,,,,,,,,,
-19.274200,-40.320800,80.20,69.00,60.00,33.00,102.00,96.00,91.20,45.00,,150.00,76.20,,,,,,,,,,,,,,,
-19.798900,-41.706100,60.20,79.80,90.20,84.20,109.60,111.20,74.50,71.50,,121.30,93.70,,,,,,,,,,,,,,,
-19.525300,-41.015300,71.00,75.80,66.30,43.50,55.60,38.50,42.00,117.80,,86.50,65.20,,,,,,,,,,,,,,,
-19.343100,-41.246100,67.80,65.40,114.40,57.90,116.70,74.00,92.00,54.50,,107.00,68.30,,,,,,,,,,,,,,,
-19.061700,-41.532800,91.20,116.80,90.00,92.80,107.40,79.80,101.20,53.40,,130.20,95.30,,,,,,,,,,,,,,,
-19.594700,-41.458100,61.20,77.30,125.00,71.60,85.00,67.60,85.00,66.80,,145.00,79.80,,,,,,,,,,,,,,,
-19.901100,-41.058100,72.60,67.50,104.70,80.20,113.30,81.40,55.80,81.20,,109.80,76.50,,,,,,,,,,,,,,,
-19.691100,-41.020000,76.40,104.10,67.40,50.10,60.20,95.00,63.60,64.50,,93.80,76.80,,,,,,,,,,,,,,,
-19.492500,-41.161700,65.60,133.60,126.20,90.40,85.00,53.50,73.30,77.80,,87.40,64.00,,,,,,,,,,,,,,,
-19.678300,-41.836100,96.00,90.20,132.10,106.00,116.40,80.50,99.20,59.30,,129.60,103.50,,,,,,,,,,,,,,,
-19.059200,-41.027500,98.20,60.40,54.80,51.70,53.50,70.00,64.00,82.00,,117.70,66.90,,,,,,,,,,,,,,,
-19.161700,-41.862200,83.40,63.00,149.00,67.40,98.00,82.20,90.00,68.50,,111.10,58.60,,,,,,,,,,,,,,,
-19.811100,-41.437800,48.40,92.40,120.00,92.60,106.40,74.20,76.20,60.60,,91.90,118.30,,,,,,,,,,,,,,,
-19.415800,-41.729700,79.50,101.40,182.10,80.60,87.90,64.90,88.20,93.60,,85.50,100.00,,,,,,,,,,,,,,,
-19.833600,-42.317800,55.40,74.60,85.50,65.00,150.30,90.10,70.30,109.50,,103.00,85.30,,,,,,,,,,,,,,,
-19.998900,-42.347500,70.20,77.40,127.20,90.20,69.60,190.80,105.20,104.20,,131.70,72.50,,,,,,,,,,,,,,,
-19.373600,-42.105000,120.00,83.60,117.80,80.00,77.70,62.00,69.10,82.60,,90.30,94.50,,,,,,,,,,,,,,,
-19.524700,-42.644200,88.20,68.40,120.40,170.80,79.60,101.00,99.80,93.70,,73.10,200.20,,,,,,,,,,,,,,,
-19.316400,-42.396100,162.60,78.40,93.00,103.00,137.00,72.60,66.90,85.00,,102.20,193.20,,,,,,,,,,,,,,,
-19.776900,-42.476900,79.30,68.10,115.30,57.40,76.40,148.00,59.90,87.50,,69.00,160.00,,,,,,,,,,,,,,,
-19.188600,-42.422800,112.70,63.80,115.20,109.00,95.20,81.90,95.70,85.70,,105.00,131.70,,,,,,,,,,,,,,,
-19.922800,-43.177800,73.00,67.50,117.20,116.00,83.90,75.70,75.60,101.80,,70.40,77.40,,,,,,,,,,,,,,,
-19.016700,-43.444200,145.50,81.90,76.60,66.80,87.00,85.70,114.40,100.50,,127.80,116.80,,,,,,,,,,,,,,,
-19.250300,-43.014400,84.00,70.80,110.40,69.40,47.80,75.70,77.80,79.10,,89.60,94.30,,,,,,,,,,,,,,,
-19.945300,-43.401100,54.00,78.70,103.70,101.50,79.50,88.90,93.80,98.50,,60.20,100.10,,,,,,,,,,,,,,,
-19.440300,-43.118600,98.40,81.40,110.40,112.40,107.40,77.50,80.90,112.50,,91.90,103.70,,,,,,,,,,,,,,,
-19.902800,-43.666400,147.10,85.60,118.20,67.50,107.30,133.90,63.00,85.20,140.30,127.20,77.60,,,,,,,,,,,,,,,
-19.663900,-43.688100,147.20,120.50,143.30,71.50,72.90,105.30,89.70,88.00,68.20,64.50,105.60,,,,,,,,,,,,,,,
-19.217500,-43.374200,144.50,96.70,84.70,93.00,77.00,101.00,95.20,79.40,,143.00,113.20,,,,,,,,,,,,,,,
-19.880800,-43.367500,132.40,72.60,112.00,116.70,85.90,91.00,72.90,103.00,,90.60,90.00,,,,,,,,,,,,,,,
-19.948900,-44.472200,114.40,89.00,95.80,65.40,61.20,114.80,50.00,65.00,82.40,101.80,88.80,,,,,,,,,,,,,,,
-19.964200,-44.451900,97.40,126.60,106.60,80.40,64.80,112.40,91.00,70.30,129.00,70.80,82.70,,,,,,,,,,,,,,,
-19.955600,-44.334400,110.00,88.60,113.50,72.00,57.80,137.40,69.70,83.00,101.20,99.70,71.10,,,,,,,,,,,,,,,
-19.428300,-44.719700,161.10,91.20,176.00,74.50,83.80,127.00,52.50,132.70,76.40,62.60,53.70,,,,,,,,,,,,,,,
-19.563100,-44.446900,107.50,104.60,85.80,97.60,64.80,95.20,57.60,79.80,66.20,67.40,91.20,,,,,,,,,,,,,,,
-19.087200,-44.947200,88.50,88.00,89.60,91.00,101.30,77.50,62.70,89.60,103.50,90.00,84.70,,,,,,,,,,,,,,,
-19.028900,-44.193900,,,,,84.60,72.90,80.00,80.90,45.00,78.70,56.70,,,,,,,,,,,,,,,
-19.742500,-45.255000,119.00,89.00,95.00,108.00,115.00,106.00,76.00,62.00,111.40,112.00,126.00,,,,,,,,,,,,,,,
-19.468600,-45.601700,71.80,71.00,85.80,72.00,93.00,91.00,50.00,76.40,80.00,70.00,91.70,,,,,,,,,,,,,,,
-19.278600,-45.285800,134.60,81.40,66.80,56.20,72.60,74.80,65.00,114.40,78.50,172.50,131.00,,,,,,,,,,,,,,,
-19.879400,-46.032800,84.70,69.90,107.80,74.30,64.30,104.30,91.40,99.20,89.70,88.30,93.70,,,,,,,,,,,,,,,
-19.070600,-46.795800,80.10,46.80,81.60,53.80,48.80,77.30,71.80,72.70,67.10,111.20,80.10,,,,,,,,,,,,,,,
-19.516700,-46.571100,59.00,61.70,123.60,84.60,74.70,81.50,97.90,55.30,101.30,53.00,57.30,,,,,,,,,,,,,,,
-19.926900,-46.825300,71.00,47.10,80.20,57.60,63.40,65.70,85.20,46.50,72.80,79.40,65.80,,,,,,,,,,,,,,,
-19.003300,-46.306100,39.60,63.20,67.00,56.70,148.50,116.10,87.50,72.40,66.90,96.00,53.30,,,,,,,,,,,,,,,
-19.315800,-47.526100,110.30,64.20,92.30,81.20,66.80,107.60,119.70,110.00,84.40,115.00,54.30,,,,,,,,,,,,,,,
-19.146700,-47.184700,102.00,45.40,92.60,86.20,58.50,72.00,100.20,131.80,91.20,128.60,92.00,,,,,,,,,,,,,,,
-19.348600,-47.295300,78.50,87.30,82.30,122.00,66.30,130.80,90.30,110.30,78.00,116.00,68.00,,,,,,,,,,,,,,,
-19.770600,-48.574200,70.60,95.00,123.20,65.80,69.80,91.80,72.40,112.20,71.00,116.60,85.00,85.00,,,,,,,,,,,,,,
-19.907500,-48.693600,90.00,84.40,90.00,71.20,66.50,89.00,73.00,121.10,108.50,88.20,67.50,,,,,,,,,,,,,,,
-19.035300,-49.696700,120.20,38.40,90.40,146.80,56.40,78.20,96.40,82.40,65.80,69.80,67.20,,,,,,,,,,,,,,,
-19.724700,-50.191700,100.00,51.80,71.50,63.00,105.50,90.20,50.20,85.40,119.00,80.00,68.90,,,,,,,,,,,,,,,
-19.208100,-50.662800,76.30,98.70,75.00,90.70,60.40,113.00,50.40,51.40,137.50,75.50,83.40,,,,,,,,,,,,,,,
-19.528900,-50.328600,44.30,86.00,118.00,78.90,96.20,72.90,76.50,75.80,45.80,102.40,95.70,,,,,,,,,,,,,,,
-19.136400,-51.534400,63.40,85.00,79.20,57.10,69.30,,,,77.00,113.00,70.00,88.60,,,,,,,,,,,,,,
-20.415000,-40.485300,71.00,80.30,95.20,58.30,82.40,156.40,76.10,67.20,,,,,,,,,,,,,,,,,,
-20.783600,-40.825800,76.40,90.00,153.00,59.00,116.00,87.20,65.60,91.30,,,,,,,,,,,,,,,,,,
-20.028100,-40.744200,69.80,88.30,96.40,55.10,80.20,123.20,109.60,49.60,,,,,,,,,,,,,,,,,,
-20.803600,-40.655600,25.00,110.00,64.70,86.70,75.30,68.40,65.60,86.70,,,,,,,,,,,,,,,,,,
-20.556700,-40.811400,127.00,70.20,77.20,65.20,62.40,66.80,135.20,105.40,,,,,,,,,,,,,,,,,,
-20.411900,-40.682200,55.00,118.00,105.00,60.00,85.00,150.00,80.00,74.00,,,,,,,,,,,,,,,,,,
-20.728100,-40.882500,94.00,78.00,113.00,93.00,88.30,87.30,58.50,149.30,,,,,,,,,,,,,,,,,,
-20.079400,-40.606700,58.40,109.00,90.60,41.40,83.40,145.90,91.80,43.30,,,,,,,,,,,,,,,,,,
-20.587500,-40.949200,,,,27.00,59.00,91.30,88.10,77.50,,,,,,,,,,,,,,,,,,
-20.317500,-40.652800,,,,,64.70,74.60,76.80,101.30,,,,,,,,,,,,,,,,,,
-20.773600,-41.681700,64.30,68.50,70.80,102.60,109.20,77.60,76.30,95.60,96.70,87.60,117.20,,,,,,,,,,,,,,,
-20.605600,-41.199700,59.00,80.00,103.40,55.40,48.20,74.70,62.50,55.20,,,,,,,,,,,,,,,,,,
-20.746900,-41.466100,70.20,106.80,96.40,80.00,92.20,114.00,55.00,70.60,,,,,,,,,,,,,,,,,,
-20.108100,-41.728300,69.00,80.20,78.60,56.60,61.30,75.30,67.90,69.10,,98.50,80.60,,,,,,,,,,,,,,,
-20.701900,-41.016400,99.00,111.60,130.00,73.00,59.00,74.00,57.00,74.40,,,,,,,,,,,,,,,,,,
-20.345800,-41.537500,77.30,126.00,100.30,78.50,55.60,121.20,63.80,90.80,,,,,,,,,,,,,,,,,,
-20.685800,-41.846100,79.20,71.20,100.20,32.20,95.20,87.00,96.30,98.00,71.20,107.00,103.90,,,,,,,,,,,,,,,
-20.540600,-41.665600,83.20,87.40,96.20,78.40,64.20,126.20,64.20,151.60,,,,,,,,,,,,,,,,,,
-20.322800,-41.704200,93.20,93.20,101.60,73.20,80.50,70.40,74.80,64.90,,,,,,,,,,,,,,,,,,
-20.371400,-41.408900,47.70,76.20,98.80,52.60,78.30,94.00,84.60,64.60,,,,,,,,,,,,,,,,,,
-20.528300,-41.511400,119.80,202.40,88.00,64.80,70.10,58.20,53.70,65.90,,,,,,,,,,,,,,,,,,
-20.366700,-41.061100,76.40,115.20,83.60,87.00,82.80,76.40,76.00,76.40,,,,,,,,,,,,,,,,,,
-20.680600,-41.348300,116.20,58.80,153.20,58.80,48.50,102.50,68.60,71.10,,,,,,,,,,,,,,,,,,
-20.078600,-41.121400,50.00,92.00,123.90,77.10,114.90,134.80,75.50,67.80,,85.70,103.30,,,,,,,,,,,,,,,
-20.170600,-41.961100,40.00,30.50,40.70,50.80,117.00,104.10,60.00,72.60,,92.20,75.90,,,,,,,,,,,,,,,
-20.103600,-42.440000,53.00,67.40,119.60,60.00,79.30,128.00,114.00,94.00,,126.50,93.00,,,,,,,,,,,,,,,
-20.298900,-42.478100,58.40,72.80,104.60,45.40,80.60,78.20,69.20,81.70,,63.00,113.60,,,,,,,,,,,,,,,
-20.214700,-42.652200,119.70,87.30,147.10,59.50,85.40,90.40,59.40,107.40,,93.50,82.10,,,,,,,,,,,,,,,
-20.769400,-42.301100,60.00,,,,,,91.50,79.00,65.60,83.90,86.00,,,,,,,,,,,,,,,
-20.682500,-42.806700,64.60,67.80,101.20,50.90,112.40,81.80,78.10,61.60,,98.50,75.90,,,,,,,,,,,,,,,
-20.277200,-42.325600,41.70,78.30,92.60,62.00,74.00,103.40,93.70,112.10,,81.50,112.70,,,,,,,,,,,,,,,
-20.384700,-42.902800,66.00,78.30,117.50,110.20,75.00,118.00,72.80,52.50,,127.90,96.10,,,,,,,,,,,,,,,
-20.969200,-42.051700,68.60,,,,,,101.00,91.50,108.50,62.30,76.80,,,,,,,,,,,,,,,
-20.011400,-42.674200,63.80,66.10,115.90,134.50,142.00,99.70,75.20,66.00,,86.70,91.00,,,,,,,,,,,,,,,
-20.362500,-43.143900,91.50,94.30,103.00,46.20,98.60,60.40,61.50,72.30,,157.30,78.20,,,,,,,,,,,,,,,
-20.690600,-43.299400,80.00,86.00,98.30,117.00,77.00,74.50,70.70,70.60,,65.70,64.50,,,,,,,,,,,,,,,
-20.390000,-43.180300,82.40,78.40,106.40,52.60,79.60,115.50,50.70,68.90,,161.20,83.80,,,,,,,,,,,,,,,
-20.670300,-43.088100,90.00,98.00,101.60,61.00,82.00,76.20,117.00,70.20,,113.00,100.00,,,,,,,,,,,,,,,
-20.516700,-43.016700,77.00,58.00,140.00,56.00,75.00,72.40,91.40,77.80,,96.20,81.00,,,,,,,,,,,,,,,
-20.847500,-43.241900,78.00,73.30,88.20,71.00,64.30,78.30,80.10,54.80,,80.00,84.00,,,,,,,,,,,,,,,
-20.285600,-43.098900,85.90,71.10,95.50,63.50,95.70,87.70,64.80,88.90,,144.10,55.30,,,,,,,,,,,,,,,
-20.164700,-43.891900,158.40,76.10,137.80,58.10,58.10,134.20,76.30,67.20,67.40,100.30,86.70,,,,,,,,,,,,,,,
-20.287800,-43.800000,80.90,71.80,108.00,58.50,65.50,114.10,68.50,51.30,93.00,54.00,68.00,,,,,,,,,,,,,,,
-20.169200,-44.515000,68.40,82.20,115.00,84.20,91.00,80.40,87.40,70.00,112.20,72.60,88.80,,,,,,,,,,,,,,,
-20.051400,-44.451700,82.30,92.30,115.00,81.10,56.10,100.70,76.00,79.80,80.10,76.50,78.40,,,,,,,,,,,,,,,
-20.105600,-44.401100,82.50,97.00,103.00,70.80,86.50,95.10,96.30,62.60,141.40,73.50,69.50,,,,,,,,,,,,,,,
-20.007500,-44.331100,114.50,84.60,123.40,74.50,78.90,116.80,72.40,59.00,99.00,91.50,100.80,,,,,,,,,,,,,,,
-20.129700,-44.474400,99.00,58.00,70.00,63.00,148.00,78.00,65.40,58.80,192.50,75.00,69.00,,,,,,,,,,,,,,,
-20.102200,-44.484700,79.40,112.50,112.00,65.70,94.70,78.70,71.70,120.80,190.20,77.40,69.10,,,,,,,,,,,,,,,
-20.562500,-44.867500,66.90,111.40,102.10,156.50,77.00,86.50,75.60,51.40,86.50,108.80,85.60,,,,,,,,,,,,,,,
-20.045000,-44.407800,92.00,105.00,96.20,67.30,71.00,102.40,64.40,60.80,85.30,80.20,83.30,,,,,,,,,,,,,,,
-20.068600,-44.345000,105.80,100.00,126.40,90.40,74.10,126.00,87.50,64.00,130.00,68.80,79.40,,,,,,,,,,,,,,,
-20.086700,-44.427200,102.20,107.60,102.40,79.00,65.20,85.80,66.70,99.40,140.20,80.40,67.50,,,,,,,,,,,,,,,
-20.905000,-45.125000,60.60,78.60,83.10,73.40,71.50,70.50,67.50,75.30,106.50,73.40,54.00,84.10,66.70,75.60,101.10,90.00,99.10,,,,,,,,,
-20.472200,-45.036100,70.00,96.40,81.00,127.60,78.00,76.20,58.00,58.30,93.00,95.00,110.00,,,,,,,,,,,,,,,
-20.294700,-45.542800,96.00,84.00,136.00,86.60,117.60,72.50,101.10,59.50,71.60,140.50,44.90,,,,,,,,,,,,,,,
-20.036700,-45.535300,97.30,69.40,123.80,48.30,137.20,98.20,96.40,148.30,130.70,69.70,136.20,,,,,,,,,,,,,,,
-20.461900,-45.945000,60.00,67.00,95.00,85.00,67.00,76.70,52.40,111.10,70.50,80.40,73.20,,,,,,,,,,,,,,,
-20.084400,-45.296700,100.70,85.00,121.00,52.00,80.00,84.30,112.00,90.70,80.20,105.80,87.00,,,,,,,,,,,,,,,
-20.945300,-45.823600,63.80,89.40,75.20,75.40,95.40,135.40,76.30,59.80,67.30,111.80,66.80,49.60,,,,,,,,,,,,,,
-20.765300,-45.925800,,,,,,60.50,59.60,87.40,42.50,131.00,51.20,75.50,83.00,,,,,,,,,,,,,
-20.101700,-46.055000,75.00,61.30,142.10,52.00,59.20,56.40,60.80,110.40,54.80,95.20,62.40,,,,,,,,,,,,,,,
-20.811100,-46.808100,110.70,75.20,70.80,68.50,87.50,129.50,47.80,126.70,52.30,98.20,68.70,73.80,,,,,,,,,,,,,,
-20.965000,-46.152200,,,,,,175.60,45.40,78.90,140.50,107.00,58.00,77.00,116.80,,,,,,,,,,,,,
-20.544200,-47.423300,99.00,61.00,70.00,65.00,,86.80,64.00,65.60,63.50,65.50,80.00,64.30,,,,,,,,,,,,,,
-20.996700,-47.660600,87.50,54.50,77.00,74.00,,65.70,66.60,82.30,102.50,111.30,77.00,82.80,,,,,,,,,,,,,,
-20.013600,-47.019200,58.60,72.40,110.50,67.00,86.30,110.70,102.20,65.50,86.10,79.20,73.40,,,,,,,,,,,,,,,
-19.990000,-47.795000,,,,,,84.00,86.00,74.90,71.00,90.40,117.40,79.40,87.50,,,,89.00,85.40,,,,,,,,
-20.210600,-48.290000,112.00,62.00,159.00,77.80,,84.00,73.00,119.00,116.50,111.30,102.00,67.00,,,,,,,,,,,,,,
-20.496700,-48.940300,92.50,59.40,66.70,61.70,,108.00,91.60,142.00,78.90,93.20,74.80,93.00,,,,,,,,,,,,,,
-20.790600,-48.329200,108.20,64.30,65.30,75.20,,84.30,118.30,85.30,95.50,78.20,94.30,68.20,,,,,,,,,,,,,,
-20.999700,-48.550000,,,,,,60.70,56.30,80.40,98.50,97.20,90.20,87.80,,,,,,,,,,,,,,
-20.940000,-48.077500,,,,,,78.00,76.80,85.00,70.60,90.40,92.00,75.50,65.60,51.50,61.00,106.00,79.40,,,,,,,,,
-20.020000,-48.943100,56.00,96.00,165.80,143.60,50.30,100.40,87.40,68.30,90.00,82.00,82.00,,,,,,,,,,,,,,,
-21.487200,-41.613600,69.70,,,,,,63.70,76.80,64.60,57.50,96.60,,,,,,,,,,,,,,,
-21.643300,-41.858600,80.50,,,,,,53.40,74.30,96.50,58.50,93.10,,,,,,,,,,,,,,,
-21.625300,-41.985300,69.40,,,,,,49.70,97.70,106.30,115.20,84.20,,,,,,,,,,,,,,,
-21.206100,-41.462800,43.30,81.40,69.50,72.50,85.00,92.30,101.40,84.10,76.10,63.40,111.30,,,,,,,,,,,,,,,
-21.064700,-41.362500,77.30,60.00,66.60,64.50,50.20,137.00,72.90,118.70,65.70,71.70,94.10,,,,,,,,,,,,,,,
-21.016900,-41.662800,97.90,93.60,113.90,100.60,68.40,115.40,82.20,74.50,125.00,84.20,114.40,,,,,,,,,,,,,,,
-21.073100,-41.238300,63.20,97.00,106.00,54.00,58.00,59.30,70.20,100.00,100.00,90.20,100.00,,,,,,,,,,,,,,,
-21.306900,-42.860600,78.20,,,,,,78.80,80.20,147.00,73.20,92.50,,,,,,,,,,,,,,,
-21.389400,-42.696400,88.20,,,,,,82.90,113.60,125.00,90.50,100.80,,,,,,,,,,,,,,,
-21.150000,-42.201100,75.00,,,,,,105.20,97.30,102.20,104.50,80.30,,,,,,,,,,,,,,,
-21.050300,-42.515600,73.10,,,,,,82.90,70.20,81.90,81.40,76.90,,,,,,,,,,,,,,,
-21.471400,-42.813100,68.40,,,,,,126.50,109.20,87.90,135.10,92.00,,,,,,,,,,,,,,,
-21.658100,-42.342800,53.60,,,,,,96.20,74.20,59.30,88.60,75.90,,,,,,,,,,,,,,,
-21.769200,-42.539700,86.00,,,,,,78.00,57.40,82.10,80.50,133.00,,,,,,,,,,,,,,,
-21.870800,-42.640300,37.20,74.00,88.00,59.60,38.00,58.30,45.70,48.20,99.40,35.40,57.70,,,,,,,,,,,,,,,
-21.951400,-42.356100,58.40,,,,,,75.10,120.90,54.30,81.00,93.00,,,,,,,,,,,,,,,
-21.541900,-42.182500,71.30,,,,,,128.40,99.70,58.30,87.40,81.60,,,,,,,,,,,,,,,
-21.309400,-43.202200,79.00,,,,,,78.90,91.00,128.70,119.60,92.40,,,,,,,,,,,,,,,
-21.355600,-43.050300,40.20,,,,,,64.30,92.20,120.00,83.40,98.30,,,,,,,,,,,,,,,
-21.149200,-43.520000,97.50,98.10,82.80,135.70,145.70,106.80,102.30,62.90,,121.30,75.70,,,,,,,,,,,,,,,
-21.278900,-43.820000,81.50,78.70,86.00,61.50,53.40,,,,,,,,,,,,,,,,,,,,,
-21.187200,-43.980000,91.50,87.60,138.60,116.10,55.10,,,,,,,,,,,,,,,,,,,,,
-21.274700,-43.878600,69.80,78.00,114.80,92.20,76.00,,,,,,,,,,,,,,,,,,,,,
-21.757800,-43.917800,91.30,,,,,,68.10,66.10,80.10,143.10,56.10,,,,,,,,,,,,,,,
-21.896400,-43.041400,51.10,,,,,,64.20,66.40,102.00,119.50,95.20,,,,,,,,,,,,,,,
-21.869200,-43.555600,86.90,,,,,,59.30,80.60,97.20,90.00,93.90,,,,,,,,,,,,,,,
-21.355000,-43.246900,65.30,,,,,,115.30,145.10,189.10,100.40,79.00,,,,,,,,,,,,,,,
-21.472500,-43.121100,48.80,,,,,,63.90,97.50,104.30,111.80,100.80,,,,,,,,,,,,,,,
-21.855600,-43.886400,69.60,,,,,,61.00,60.00,68.00,78.60,89.20,,,,,,,,,,,,,,,
-21.593300,-43.503300,87.80,,,,,,79.60,75.50,89.80,91.20,69.00,,,,,,,,,,,,,,,
-21.966400,-43.372500,75.10,,,,,,69.00,60.10,73.40,60.90,60.40,,,,,,,,,,,,,,,
-21.499400,-43.153600,61.40,,,,,,67.50,72.90,82.50,95.10,78.60,,,,,,,,,,,,,,,
-21.431100,-43.553100,63.40,,,,,,78.50,115.60,77.20,82.20,93.60,,,,,,,,,,,,,,,
-21.947200,-44.193900,86.00,81.00,51.80,49.00,58.30,,,,,,,,,,,,,,,,,,,,,
-21.951100,-44.876100,60.80,62.30,68.70,57.10,86.10,,,,,,,,,,,,,,,,,,,,,
-21.320800,-44.872800,76.40,79.60,80.20,64.00,96.40,,,,,,,,,,,,,,,,,,,,,
-21.506900,-44.915600,76.00,65.00,54.30,70.40,62.30,,,,,,,,,,,,,,,,,,,,,
-21.492200,-44.326100,143.00,77.00,82.00,92.40,106.30,,,,,,,,,,,,,,,,,,,,,
-21.165000,-44.135600,89.70,128.30,108.90,91.30,87.90,,,,,,,,,,,,,,,,,,,,,
-21.977200,-44.603300,69.00,92.80,67.00,67.60,93.70,,,,,,,,,,,,,,,,,,,,,
-21.055600,-44.208900,61.20,91.20,130.20,66.40,57.80,,,,,,,,,,,,,,,,,,,,,
-21.835300,-44.800800,56.40,82.00,73.20,80.90,82.00,,,,,,,,,,,,,,,,,,,,,
-21.343600,-45.170300,75.00,147.40,85.30,81.40,64.20,85.70,79.50,57.40,53.40,63.00,74.10,97.60,,,,,,,,,,,,,,
-21.192800,-45.448600,75.60,95.00,90.80,59.90,112.50,146.50,67.50,76.80,51.50,100.90,56.40,53.90,,,,,,,,,,,,,,
-21.610800,-45.490000,,,,,,132.70,79.70,77.10,70.20,44.30,58.30,70.90,93.50,57.30,70.20,59.50,,,,,,,,,,
-21.790800,-46.124200,101.10,90.40,74.70,64.90,118.00,135.40,69.40,86.00,92.50,73.00,100.00,46.00,,,,,,,,,,,,,,
-21.019400,-46.521400,76.10,84.40,89.00,56.00,68.00,147.80,52.20,82.00,61.10,95.00,68.00,71.40,,,,,,,,,,,,,,
-21.521700,-47.364400,110.50,53.50,51.00,48.00,,85.50,84.30,66.40,68.50,89.00,116.00,109.30,,,,,,,,,,,,,,
-21.846100,-47.474200,117.20,61.00,53.50,63.50,,132.40,83.00,95.00,65.10,80.00,85.00,77.00,,,,,,,,,,,,,,
-21.133100,-47.021900,86.40,68.00,90.20,78.80,,115.80,68.60,81.30,71.20,68.20,90.40,54.20,,,,,,,,,,,,,,
-21.500000,-48.033300,,,,,,,,,90.50,106.40,77.70,116.10,,,,,,,,,,,,,,
-21.836700,-48.495300,94.00,97.20,65.20,44.40,123.60,79.70,70.90,128.60,128.40,83.20,58.40,67.60,,,,,,,,,,,,,,
-22.042500,-41.055600,57.40,76.90,49.00,58.20,33.40,,45.60,46.00,45.50,70.60,170.00,,,,,,,,,,,,,,,
-22.106100,-41.471100,46.40,99.60,87.60,292.00,56.00,,61.30,64.00,72.00,127.80,68.60,,,,,,,,,,,,,,,
-22.086100,-41.739700,67.30,76.70,78.70,190.90,53.00,,75.60,40.20,63.20,68.70,172.10,,,,,,,,,,,,,,,
-22.042800,-42.044200,60.00,96.60,70.90,75.10,67.70,,76.10,90.80,111.40,84.10,87.10,,,,,,,,,,,,,,,
-22.186400,-42.163600,50.00,82.00,93.00,94.20,68.20,,80.30,87.20,106.30,73.40,105.10,,,,,,,,,,,,,,,
-22.404700,-42.339200,125.50,105.20,98.60,152.70,68.30,,93.50,97.50,147.70,180.20,142.30,,,,,,,,,,,,,,,
-22.363100,-42.380800,81.60,79.20,105.60,109.00,76.30,90.50,64.20,88.90,76.20,98.00,110.30,117.70,83.40,,,,,,,,,,,,,
-22.390300,-42.494700,81.30,120.20,80.30,85.30,61.80,,76.60,72.90,120.20,148.50,99.00,,,,,,,,,,,,,,,
-22.467200,-42.307200,140.40,125.80,101.20,182.20,78.40,,167.80,210.60,113.70,192.30,189.20,,,,,,,,,,,,,,,
-22.548900,-42.546100,62.40,133.30,97.40,125.60,88.80,,158.80,88.80,88.80,155.50,100.80,,,,,,,,,,,,,,,
-22.685600,-42.949700,95.00,86.80,153.70,128.50,119.50,,75.60,88.60,66.30,86.60,107.90,,,,,,,,,,,,,,,
-22.439700,-42.763600,80.60,85.40,70.40,145.10,56.50,,55.50,86.00,103.10,140.10,79.30,,,,,,,,,,,,,,,
-22.556400,-42.690000,82.00,132.00,97.20,168.00,101.20,,104.60,87.80,98.60,126.60,96.70,,,,,,,,,,,,,,,
-22.067800,-42.160000,76.00,,,,,,50.80,77.30,99.80,58.50,79.90,,,,,,,,,,,,,,,
-22.235600,-42.285800,55.00,,,,,,96.90,83.60,61.20,88.30,94.30,,,,,,,,,,,,,,,
-22.299400,-42.401100,57.10,,,,,,63.60,97.80,87.20,77.70,88.60,,,,,,,,,,,,,,,
-22.276100,-42.503900,50.50,,,,,,95.00,97.50,65.30,61.50,116.50,,,,,,,,,,,,,,,
-22.156900,-42.416400,44.10,,,,,,82.20,66.50,72.20,64.90,105.50,,,,,,,,,,,,,,,
-22.285800,-42.660000,54.40,,,,,,93.60,114.10,83.60,81.60,116.50,,,,,,,,,,,,,,,
-22.377200,-42.551700,102.50,,,,,,88.70,99.70,118.50,128.70,166.40,,,,,,,,,,,,,,,
-22.342500,-42.557200,85.80,,,,,,81.50,122.90,53.30,53.10,69.80,,,,,,,,,,,,,,,
-22.271400,-42.794700,39.90,,,,,,63.20,84.30,51.10,61.30,78.80,,,,,,,,,,,,,,,
-22.201100,-42.900000,70.40,,,,,,81.90,105.70,47.90,54.70,87.00,,,,,,,,,,,,,,,
-22.035300,-42.990800,65.00,,,,,,63.40,50.20,67.00,77.80,87.70,,,,,,,,,,,,,,,
-22.050300,-42.678300,78.80,,,,,,90.40,81.90,95.60,77.40,95.50,,,,,,,,,,,,,,,
-22.148300,-43.291100,67.50,,,,,,100.40,71.60,63.60,68.10,70.30,,,,,,,,,,,,,,,
-22.287500,-43.929400,65.00,,,,,,119.40,81.90,91.70,60.90,93.10,,,,,,,,,,,,,,,
-22.218900,-43.703600,48.20,,,,,,84.20,67.00,118.00,105.20,49.00,,,,,,,,,,,,,,,
-22.156900,-43.752500,40.70,,,,,,87.80,46.90,107.90,102.10,68.60,,,,,,,,,,,,,,,
-22.208600,-43.623300,55.80,,,,,,103.60,50.50,121.50,103.30,54.00,,,,,,,,,,,,,,,
-22.085800,-43.556700,60.70,,,,,,77.40,52.30,63.50,75.50,61.60,,,,,,,,,,,,,,,
-22.485300,-43.149200,83.40,,,,,,91.00,90.00,86.20,90.00,90.00,,,,,,,,,,,,,,,
-22.438100,-43.170300,80.70,,,,,,97.80,64.40,105.20,93.60,129.90,,,,,,,,,,,,,,,
-22.332500,-43.136100,56.40,,,,,,92.40,56.90,102.10,65.10,44.80,,,,,,,,,,,,,,,
-22.243900,-43.097200,88.70,,,,,,70.50,102.40,59.20,86.50,83.80,,,,,,,,,,,,,,,
-22.140300,-43.154200,79.20,,,,,,94.60,85.40,57.20,63.70,86.10,,,,,,,,,,,,,,,
-22.193100,-43.008300,27.40,,,,,,106.40,78.40,78.00,108.10,98.70,,,,,,,,,,,,,,,
-22.011700,-43.875000,84.40,,,,,,72.40,81.00,130.00,82.10,59.20,,,,,,,,,,,,,,,
-22.540600,-44.773600,64.20,,,,,90.50,99.00,,,,44.00,,,,,,,,,,,,,,,
-22.691900,-44.975000,62.20,,,,,138.00,74.10,80.00,60.00,82.00,91.00,64.00,,,,,,,,,,,,,,
-22.503300,-44.615600,62.90,,,,,162.00,83.40,69.10,59.90,72.30,72.20,42.20,,,,,,,,,,,,,,
-22.231100,-44.064700,91.80,,,,,,63.20,38.00,115.70,69.50,70.50,,,,,,,,,,,,,,,
-22.303600,-44.186900,108.50,,,,,,75.20,64.50,48.50,67.30,107.50,,,,,,,,,,,,,,,
-22.150600,-44.090000,81.10,,,,,,84.70,70.00,102.30,78.90,83.40,,,,,,,,,,,,,,,
-22.297500,-44.310600,124.30,,,,,,73.00,64.80,74.20,77.50,116.10,,,,,,,,,,,,,,,
-22.270600,-44.391700,130.00,,,,,,75.00,87.20,71.00,61.60,191.50,,,,,,,,,,,,,,,
-22.337800,-44.590300,67.90,,,,,,101.10,82.00,75.30,130.70,109.50,,,,,,,,,,,,,,,
-22.501100,-44.091900,75.00,,,,,,56.30,63.40,91.00,68.70,95.40,,,,,,,,,,,,,,,
-22.537500,-44.175800,67.30,,,,,138.00,72.00,58.20,117.50,110.20,79.80,69.90,61.10,,,,44.90,65.80,,,,,,,,
-22.474200,-44.228900,40.50,,,,,,46.30,72.00,40.80,68.90,88.40,,,,,,,,,,,,,,,
-22.385600,-44.107500,70.00,,,,,,84.80,76.20,144.20,75.70,112.30,,,,,,,,,,,,,,,
-22.330000,-44.538300,49.00,,,,,,107.00,70.00,99.80,126.40,114.30,,,,,,,,,,,,,,,
-22.921100,-44.822200,62.20,,,,,,47.20,170.20,48.00,54.00,54.80,,,,,,,,,,,,,,,
-22.126900,-44.408300,75.00,147.40,85.00,69.50,80.50,,,,,,,,,,,,,,,,,,,,,
-22.253900,-44.495000,73.00,,,,,,83.70,75.90,69.10,85.90,149.10,,,,,,,,,,,,,,,
-22.170000,-44.636900,56.60,88.80,57.20,65.20,52.40,,,,,,,,,,,,,,,,,,,,,
-22.199200,-44.973300,84.40,89.80,63.30,44.40,70.00,,,,,,,,,,,,,,,,,,,,,
-22.936100,-44.391700,111.50,116.50,100.90,100.80,143.90,,126.90,181.30,152.60,151.30,102.00,,,,,,,,,,,,,,,
-22.327800,-44.391900,,,,,,,,66.40,80.30,72.90,107.90,64.70,76.30,,,,,,,,,,,,,
-22.911100,-45.469400,60.20,,,,,91.70,71.30,54.20,46.70,49.50,88.70,57.80,,,,,,,,,,,,,,
-22.053300,-45.699200,91.70,72.10,53.00,43.50,94.00,,,,,,,,,,,,,,,,,,,,,
-22.354200,-45.853900,106.20,77.20,43.20,50.90,58.20,,,,,,,,,,,,,,,,,,,,,
-22.314700,-45.373100,100.00,62.40,45.00,94.00,40.40,,,,,,,,,,,,,,,,,,,,,
-22.034200,-45.835300,,95.20,60.00,63.20,50.50,,,,,,,,,,,,,,,,,,,,,
-22.745300,-45.744700,,66.30,60.40,84.30,93.20,,,,,,,,,,,,,,,,,,,,,
-22.037800,-46.965000,,,,,,73.00,71.40,63.20,45.80,85.90,64.80,104.70,,,,,,,,,,,,,,
-22.367800,-46.930600,,,,,,84.60,62.00,46.80,58.40,59.50,104.00,87.20,,,,,,,,,,,,,,
-22.881100,-46.631700,61.90,62.00,50.70,86.90,98.30,79.20,94.20,62.10,81.00,87.10,131.20,81.90,,,,,,,,,,,,,,
-22.984700,-46.830000,71.00,89.90,70.00,71.00,72.50,283.60,116.20,59.00,92.00,73.30,121.10,81.90,,,,,,,,,,,,,,
-22.023300,-46.303900,,,,,,98.30,62.60,90.10,56.90,72.30,65.50,74.50,,,,,,,,,,,,,,
-22.333300,-47.483300,,,,,,78.50,95.90,108.00,90.00,87.00,73.00,86.50,,,,,,,,,,,,,,
-22.416700,-47.550000,,,,,,82.40,76.90,59.40,86.00,86.50,134.00,78.00,,,,,,,,,,,,,,
-25.683100,-54.433100,103.10,164.20,145.50,,,,,,,,,,,,,,,,,,,,,,,
-26.724200,-48.931700,78.00,57.80,68.00,67.80,67.80,69.70,,,,73.40,,84.70,,,,,,,,,,,,,,
-26.736700,-49.170300,86.90,60.80,89.70,84.80,156.10,107.50,,,,98.70,,75.30,,,,,,,,,,,,,,
-26.829700,-49.271900,101.00,70.50,77.00,62.10,120.50,86.50,,,,63.90,,52.50,,,,,,,,,,,,,,
-26.913600,-49.267500,52.10,46.60,97.40,82.60,66.50,73.60,,,,105.10,,67.30,,,,,,,,,,,,,,
-26.100000,-49.800000,79.90,72.20,81.40,82.80,75.20,44.90,,,,,,,,,,,,,,,,,,,,
-26.918100,-49.065300,83.90,70.00,79.00,98.40,75.50,76.10,,,,65.90,,35.50,,,,,,,,,,,,,,
-26.740800,-49.270600,75.90,98.30,86.50,69.50,129.90,108.00,,,,117.50,,54.90,,,,,,,,,,,,,,
-26.968300,-49.074200,87.30,64.70,69.20,97.60,107.70,86.70,,,,78.20,,63.50,,,,,,,,,,,,,,
-26.796700,-49.083600,102.60,59.00,116.80,79.00,121.60,89.20,,,,74.60,,74.00,,,,,,,,,,,,,,
-26.423900,-49.292500,91.80,68.60,80.50,76.00,140.00,103.00,,,,82.00,,58.00,,,,,,,,,,,,,,
-26.717200,-49.483100,81.80,71.00,86.20,75.30,136.50,88.50,,,,160.00,,39.50,,,,,,,,,,,,,,
-26.154700,-49.380600,91.30,75.20,87.90,84.00,99.30,85.90,,,,,,,,,,,,,,,,,,,,
-26.530600,-49.843600,170.00,127.60,136.60,76.90,87.20,66.70,,,,,,,,,,,,,,,,,,,,
-26.186400,-49.273300,95.00,81.20,96.00,86.40,95.90,80.20,,,,,,,,,,,,,,,,,,,,
-26.019200,-50.592500,171.00,99.70,119.30,,,,,,,,,,,,,,,,,,,,,,,
-26.710300,-50.290800,47.00,86.00,84.30,64.90,114.80,61.50,,,,,,,,,,,,,,,,,,,,
-26.351400,-50.645600,65.00,127.90,91.60,81.50,92.20,68.90,,,,,,,,,,,,,,,,,,,,
-26.587500,-50.728300,69.60,112.20,93.00,151.90,74.10,64.50,,,,,,,,,,,,,,,,,,,,
-26.228100,-51.080300,78.20,99.80,86.30,145.20,87.40,76.90,,,,,,,,,,,,,,,,,,,,
-26.873300,-51.796400,62.40,104.30,134.30,104.20,157.40,114.60,90.90,83.80,97.50,67.80,,116.00,,,,,,,,,,,,,,
-26.386700,-51.271900,117.00,119.20,104.00,,,,,,,,,,,,,,,,,,,,,,,
-26.166700,-51.216700,75.90,83.00,95.60,,,,,,,,,,,,,,,,,,,,,,,
-26.030600,-51.141900,110.40,90.40,86.20,,,,,,,,,,,,,,,,,,,,,,,
-26.266700,-51.900000,83.60,147.00,134.90,,,,,,,,,,,,,,,,,,,,,,,
-26.775800,-51.262800,69.80,79.90,93.50,78.60,64.10,79.20,62.80,61.90,97.10,55.30,63.40,,,,,,,,,,,,,,,
-26.905600,-51.971700,75.20,91.40,95.00,103.60,142.10,100.30,79.10,63.40,82.40,59.50,,114.10,,,,,,,,,,,,,,
-26.556100,-52.330800,130.10,80.00,120.00,90.20,80.00,50.90,85.50,45.10,79.20,78.20,,112.30,,,,,,,,,,,,,,
-26.950800,-52.181700,74.30,65.40,93.70,118.50,127.60,94.20,92.10,56.20,117.40,66.20,,100.70,,,,,,,,,,,,,,
-26.583600,-52.640300,83.70,75.10,120.00,114.00,93.80,65.30,117.60,90.00,156.50,80.40,,88.90,,,,,,,,,,,,,,
-26.050600,-52.800800,83.60,105.00,150.40,,,,,,,,,,,,,,,,,,,,,,,
-26.278100,-52.296100,88.50,91.40,121.30,,,,,,,,,,,,,,,,,,,,,,,
-26.736900,-52.901700,79.30,74.10,100.60,135.40,80.60,76.00,101.80,84.10,140.90,68.20,,88.80,,,,,,,,,,,,,,
-26.400300,-52.895600,94.20,90.00,155.00,154.60,84.00,98.30,93.00,93.00,130.20,72.30,,109.00,,,,,,,,,,,,,,
-26.682800,-53.286700,95.60,66.20,126.40,98.60,141.00,66.30,100.20,96.40,167.30,79.50,113.80,132.30,,,,,,,,,,,,,,
-26.928300,-53.007500,94.50,78.50,96.60,104.00,78.50,79.30,90.30,78.50,92.50,115.50,,108.00,,,,,,,,,,,,,,
-27.415800,-48.951100,99.90,71.00,87.30,170.60,46.70,63.30,,,,58.00,,63.60,,,,,,,,,,,,,,
-27.485800,-48.986900,117.20,53.50,96.30,159.20,67.60,91.50,,,,76.40,,70.60,,,,,,,,,,,,,,
-27.516900,-48.769400,154.00,82.10,164.00,146.60,67.00,72.60,,,,65.00,,52.00,,,,,,,,,,,,,,
-27.038100,-49.395000,125.10,64.40,105.90,66.90,105.90,134.10,,,,90.20,,65.00,,,,,,,,,,,,,,
-27.053900,-49.516700,108.80,49.20,100.80,61.20,83.80,65.20,,,,115.00,,40.60,,,,,,,,,,,,,,
-27.398600,-49.605800,72.20,63.20,74.70,76.30,83.10,111.00,,,,97.60,,130.00,,,,,,,,,,,,,,
-27.113100,-49.994400,78.00,170.70,64.60,88.00,122.60,108.90,,,,58.30,,53.70,,,,,,,,,,,,,,
-27.034200,-49.589700,192.00,64.50,90.50,68.50,100.80,84.40,,,,70.10,,47.00,,,,,,,,,,,,,,
-27.257200,-49.940800,60.40,70.40,70.00,75.30,102.00,80.00,,,,53.50,,61.60,,,,,,,,,,,,,,
-27.730600,-49.382800,101.80,51.80,83.60,84.80,66.60,66.40,,,,61.40,,57.00,,,,,,,,,,,,,,
-27.995600,-49.115600,136.20,67.00,124.80,74.90,74.90,125.00,,,,61.40,,108.50,,,,,,,,,,,,,,
-27.290300,-49.768900,56.00,58.80,84.40,74.60,102.00,65.00,,,,86.30,,77.40,,,,,,,,,,,,,,
-27.397800,-48.980300,89.00,72.10,108.70,146.60,59.30,74.50,,,,82.30,,71.60,,,,,,,,,,,,,,
-27.040300,-49.381400,54.30,62.70,97.20,66.20,113.50,114.30,,,,80.00,,75.40,,,,,,,,,,,,,,
-27.501900,-49.553100,55.20,49.90,104.40,87.30,79.90,97.80,,,,81.20,,93.80,,,,,,,,,,,,,,
-27.909700,-49.129700,155.00,121.30,117.20,96.50,88.30,95.20,,,,33.20,,99.00,,,,,,,,,,,,,,
-27.804200,-49.780000,50.00,58.70,83.70,106.10,89.00,76.50,170.30,85.20,69.70,80.00,143.90,,,,,,,,,,,,,,,
-27.683300,-49.365300,79.10,52.00,106.30,81.60,67.30,88.20,,,,49.40,,65.00,,,,,,,,,,,,,,
-27.196700,-49.087200,76.50,60.00,78.00,80.50,51.00,63.50,,,,65.30,,65.00,,,,,,,,,,,,,,
-27.913100,-50.031700,40.50,56.20,75.00,100.00,72.40,99.20,134.20,58.40,53.20,57.80,132.80,,,,,,,,,,,,,,,
-27.333900,-50.753300,56.50,81.80,106.60,94.80,112.50,60.60,91.60,87.40,93.50,108.60,118.20,,,,,,,,,,,,,,,
-27.161100,-50.468900,92.80,79.80,94.50,74.30,134.70,57.40,65.60,78.30,55.10,67.00,90.30,,,,,,,,,,,,,,,
-27.345300,-50.435800,79.80,66.70,71.30,105.50,98.80,54.40,92.20,90.80,62.60,44.30,140.90,,,,,,,,,,,,,,,
-27.141100,-50.264400,65.90,70.10,63.70,107.30,134.10,74.20,,,,65.80,,108.60,,,,,,,,,,,,,,
-27.171700,-51.500300,70.50,96.00,94.00,81.00,170.00,88.00,86.00,60.00,123.00,47.50,117.30,,,,,,,,,,,,,,,
-27.712500,-51.737800,119.00,68.20,85.00,116.00,103.50,57.20,117.00,58.20,54.50,79.20,97.00,,,,,,,,,,,,,,,
-27.982800,-51.783600,68.50,71.00,105.60,90.80,101.70,68.10,140.80,86.90,73.00,95.60,112.00,,,,,,,,,,,,,,,
-27.342200,-51.608300,69.90,74.60,106.00,113.00,132.40,72.20,81.10,85.80,79.60,72.10,102.70,,,,,,,,,,,,,,,
-27.854200,-52.304700,91.00,96.00,175.00,105.00,106.30,110.80,88.40,75.60,91.60,64.50,,87.30,,,,,,,,,,,,,,
-27.388900,-52.454400,78.50,71.20,89.80,111.00,126.50,87.50,89.70,71.00,67.00,58.00,,98.00,,,,,,,,,,,,,,
-27.811700,-53.027800,99.20,88.20,117.00,76.00,71.20,76.00,75.00,85.20,96.40,64.20,94.10,118.80,,,,,,,,,,,,,,
-27.001400,-53.525600,74.00,82.80,94.40,123.50,89.50,99.30,96.50,85.50,94.10,90.00,160.00,125.00,,,,,,,,,,,,,,
-27.599200,-53.071400,123.60,83.00,148.00,111.50,95.20,85.50,103.60,110.00,71.40,72.00,100.00,100.40,,,,,,,,,,,,,,
-27.301900,-54.139400,63.30,116.70,148.90,116.60,95.90,68.20,113.80,85.60,90.30,85.10,114.40,119.20,,,,,,,,,,,,,,
-27.674200,-54.462500,147.00,83.20,144.00,119.10,79.70,76.00,76.70,109.50,130.20,58.90,95.40,110.00,,,,,,,,,,,,,,
-27.968100,-54.116400,80.80,82.40,173.00,87.40,69.20,154.60,107.70,84.20,134.00,61.80,113.60,77.40,,,,,,,,,,,,,,
-27.854400,-55.023600,76.70,74.00,123.80,95.90,99.30,88.10,99.80,122.70,123.80,57.40,78.50,82.50,,,,,,,,,,,,,,
-28.103600,-48.919400,126.00,80.60,119.60,114.20,62.20,95.10,,,,70.60,,85.40,,,,,,,,,,,,,,
-28.419700,-49.106900,138.20,154.20,60.20,98.00,57.90,76.30,,,,55.80,,110.80,,,,,,,,,,,,,,
-28.358900,-49.295000,77.00,150.60,65.40,75.80,62.60,90.80,,,,65.00,,65.20,,,,,,,,,,,,,,
-28.325800,-49.179200,122.80,79.20,76.80,65.60,53.90,89.20,,,,70.60,,78.00,,,,,,,,,,,,,,
-28.209400,-49.195000,108.80,65.60,81.80,75.80,59.60,84.60,,,,70.00,,88.80,,,,,,,,,,,,,,
-28.369200,-49.807800,44.20,47.30,70.60,73.50,81.00,87.60,138.00,67.50,82.00,92.00,101.30,69.20,,,,,,,,,,,,,,
-28.032200,-49.118600,84.30,51.30,120.00,69.10,72.40,128.70,,,,,,81.20,,,,,,,,,,,,,,
-28.714400,-50.068900,,42.50,109.20,68.20,78.40,85.00,117.20,,,,,,,,,,,,,,,,,,,
-28.867500,-50.456100,48.80,61.00,90.50,71.90,52.00,71.00,128.20,73.40,,41.80,68.60,61.70,,,,,,,,,,,,,,
-28.853300,-51.284400,69.30,113.30,83.40,131.10,51.60,74.60,193.90,86.50,,73.20,70.10,102.50,,,,,,,,,,,,,,
-28.877500,-51.448300,79.10,90.20,87.20,125.10,63.10,79.60,150.30,75.60,,68.50,77.00,90.00,,,,,,,,,,,,,,
-28.619400,-51.866700,53.50,95.30,78.50,92.50,71.50,95.50,180.70,85.70,,98.30,92.30,98.30,,,,,,,,,,,,,,
-28.756100,-51.628300,55.50,76.80,108.20,182.50,53.70,72.50,141.00,79.50,,69.80,97.10,124.00,,,,,,,,,,,,,,
-28.059200,-51.188100,130.80,55.60,93.80,133.80,97.60,68.80,152.20,59.10,66.60,86.60,110.80,75.60,,,,,,,,,,,,,,
-28.189200,-52.745800,126.00,85.30,121.20,152.70,78.50,84.70,109.30,131.00,99.70,88.70,123.60,77.30,,,,,,,,,,,,,,
-28.057500,-51.996100,91.30,80.10,110.60,131.00,83.20,97.30,123.80,67.80,104.40,64.60,106.80,,,,,,,,,,,,,,,
-28.456100,-53.971700,94.50,110.40,151.60,90.20,67.10,93.30,77.50,,,57.90,,,,,,,,,,,,,,,,
-28.289400,-53.779400,65.90,102.40,121.00,84.00,76.30,73.40,69.50,,,75.80,,,,,,,,,,,,,,,,
-28.728900,-53.185300,60.70,80.00,130.00,165.00,61.00,55.00,110.30,92.10,75.10,91.50,85.40,80.00,,,,,,,,,,,,,,
-28.225600,-53.470300,132.90,107.90,146.40,88.90,50.00,108.60,90.00,,,57.00,,,,,,,,,,,,,,,,
-28.054200,-54.361400,97.80,85.30,122.70,94.10,86.50,100.30,74.50,108.50,194.50,60.30,90.10,78.10,,,,,,,,,,,,,,
-28.733600,-54.647800,83.00,121.80,141.00,86.40,57.00,108.00,122.60,,,91.70,,,,,,,,,,,,,,,,
-28.211100,-54.603100,96.50,94.60,119.10,113.50,118.00,91.00,66.30,,,74.60,,,,,,,,,,,,,,,,
-28.787800,-54.452500,75.00,120.00,136.00,102.20,65.20,90.20,127.40,,,81.00,,,,,,,,,,,,,,,,
-28.187800,-55.636900,72.20,105.30,112.60,125.70,76.30,85.50,77.50,,,65.30,,,,,,,,,,,,,,,,
-28.208900,-55.323300,69.50,81.50,124.20,125.70,83.60,85.00,102.50,,,71.00,,,,,,,,,,,,,,,,
-29.108300,-50.187500,,50.00,91.50,84.00,51.00,76.50,77.30,,,,,,,,,,,,,,,,,,,
-29.099400,-50.630800,,69.00,76.40,79.60,93.00,,,,,,,,,,,,,,,,,,,,,
-29.335000,-51.190300,75.20,68.30,72.10,84.00,93.10,102.50,93.10,71.20,132.90,73.90,,83.10,,,,,,,,,,,,,,
-29.820000,-51.161100,117.10,70.50,89.00,65.30,100.30,111.60,124.00,78.90,85.30,55.30,,71.00,,,,,,,,,,,,,,
-29.624400,-53.351900,79.40,118.40,86.20,75.20,76.50,66.50,86.40,85.50,128.80,89.80,107.80,62.30,,,,,,,,,,,,,,
-29.878600,-54.825300,107.80,116.00,106.00,203.70,95.40,80.50,98.40,135.00,138.80,116.80,90.30,,,,,,,,,,,,,,,
-29.366100,-54.735600,78.60,85.00,128.50,141.00,115.00,72.00,115.00,162.00,107.00,61.00,83.20,,,,,,,,,,,,,,,
-29.358900,-54.501900,80.00,94.20,114.30,175.70,118.90,115.90,143.80,127.60,143.10,71.30,106.10,,,,,,,,,,,,,,,
-29.506900,-54.677500,94.80,114.50,124.90,239.20,125.80,99.90,142.10,158.30,113.10,67.70,73.20,,,,,,,,,,,,,,,
-29.251700,-54.598300,90.40,106.20,112.40,108.00,104.20,103.50,98.20,112.40,105.40,61.20,98.50,,,,,,,,,,,,,,,
-29.196100,-55.475300,94.00,66.00,134.00,175.00,141.00,87.30,96.00,106.00,186.00,68.00,102.00,,,,,,,,,,,,,,,
-29.593900,-55.485800,119.50,104.00,114.50,144.60,81.20,77.20,76.00,146.60,163.20,86.50,59.30,,,,,,,,,,,,,,,
-29.308900,-56.055300,86.60,76.20,124.30,108.90,85.90,76.30,103.70,126.40,113.80,92.10,123.40,,,,,,,,,,,,,,,
-30.593900,-51.756700,143.00,76.50,96.70,120.00,86.30,62.30,81.20,74.90,76.20,94.20,,65.00,,,,,,,,,,,,,,
-30.865800,-51.795800,283.40,152.10,86.80,106.80,63.50,76.90,87.60,76.60,78.10,78.50,,80.40,,,,,,,,,,,,,,
-30.418900,-52.073600,84.80,60.80,110.80,70.80,87.80,82.80,79.50,82.50,82.20,91.80,,60.20,,,,,,,,,,,,,,
-30.435300,-53.712500,113.60,98.30,116.00,137.80,94.80,93.40,97.50,108.40,103.50,65.80,78.20,86.10,,,,,,,,,,,,,,
-30.193600,-53.564400,73.10,111.20,104.30,119.30,123.70,91.10,133.70,158.90,87.40,92.10,80.80,128.40,,,,,,,,,,,,,,
-30.519400,-53.491700,83.40,68.60,107.00,134.80,98.00,128.70,97.70,94.50,146.10,70.20,105.20,79.40,,,,,,,,,,,,,,
-30.246900,-54.917500,70.90,135.50,125.90,198.80,61.50,62.90,109.20,154.80,93.10,84.70,77.40,,,,,,,,,,,,,,,
-31.130300,-51.788600,127.00,76.00,99.80,117.30,52.20,56.40,80.50,104.30,124.00,76.00,,95.80,,,,,,,,,,,,,,
-31.283900,-52.083100,145.00,51.00,103.00,121.50,63.50,81.20,78.10,120.10,143.50,88.60,,85.00,,,,,,,,,,,,,,
-31.404400,-52.673300,117.80,76.00,115.90,130.70,64.00,75.00,105.00,108.00,76.70,84.50,,69.30,,,,,,,,,,,,,,
-31.134200,-53.053900,93.20,78.60,95.40,80.00,68.60,132.50,124.00,140.70,76.20,103.00,,58.90,,,,,,,,,,,,,,
-31.577500,-53.376900,103.00,117.20,129.40,56.00,56.50,91.70,131.10,128.40,95.00,97.50,,75.50,,,,,,,,,,,,,,
-31.028300,-54.178900,146.20,93.50,128.50,83.20,57.20,104.50,185.30,123.40,81.50,124.00,108.00,,,,,,,,,,,,,,,
-32.350600,-52.540000,71.20,89.00,103.50,130.00,59.00,89.30,79.00,120.30,105.90,116.30,,153.00,,,,,,,,,,,,,,
-32.538100,-52.538600,120.60,63.20,136.40,101.60,63.00,78.90,161.60,130.40,83.00,121.00,,117.60,,,,,,,,,,,,,,
-32.237200,-53.089700,81.50,82.00,109.00,102.00,68.80,84.00,73.00,103.00,83.20,73.00,,114.70,,,,,,,,,,,,,,
0.303100,-51.126700,82.90,98.80,66.70,91.10,95.80,74.70,73.70,64.10,62.40,48.90,57.50,63.50,,,,,,,,,,,,,,
0.880300,-52.009400,69.60,68.80,91.00,60.00,62.00,100.00,41.00,57.20,53.80,99.00,72.00,42.70,,,,,,,,,,,,,,
0.933300,-59.316700,,,,,,85.90,105.80,64.50,,,,,,,,,,,,,,,,,,
0.884200,-62.622200,40.70,81.00,18.50,71.00,81.00,,,,90.30,136.30,59.50,,,,,,,,,,,,,,,
0.387500,-66.649200,74.50,102.10,89.50,74.90,74.90,75.10,87.70,,94.20,,,,,,,,,,,,,,,,,
0.371100,-67.313600,95.50,100.10,90.00,100.10,104.40,113.20,79.30,,97.10,96.20,93.70,,,,,,,,,,,,,,,
0.131400,-68.540600,,,78.80,88.00,48.00,87.90,89.50,,63.60,88.50,,,,,,,,,,,,,,,,
0.142800,-69.213300,85.20,99.90,83.10,87.30,95.30,69.70,80.10,,148.70,223.40,67.30,,,,,,,,,,,,,,,
1.821400,-61.123600,96.50,90.00,54.00,108.60,98.20,84.70,73.60,,133.20,69.90,73.60,,,,,,,,,,,,,,,
1.214700,-66.852200,107.90,142.30,79.90,85.10,104.30,64.40,133.50,,,66.60,80.00,,,,,,,,,,,,,,,
1.074200,-67.593300,137.60,113.50,72.10,96.30,92.50,97.90,99.80,,123.50,157.10,,,,,,,,,,,,,,,,
2.495600,-50.950800,96.40,163.80,153.40,124.20,207.90,338.90,148.40,177.10,185.20,132.50,136.80,159.70,,,,,,,,,,,,,,
2.870800,-61.440600,84.00,70.00,81.70,72.50,92.30,68.90,61.60,,92.30,28.70,92.30,,,,,,,,,,,,,,,
2.262800,-60.972800,232.30,80.00,62.70,55.00,110.00,83.50,62.50,,73.10,66.60,63.30,,,,,,,,,,,,,,,
3.843600,-51.837500,117.30,103.30,112.00,108.60,109.80,151.40,108.70,90.00,74.40,111.70,120.60,117.60,,,,,,,,,,,,,,
3.378300,-59.815600,66.60,75.50,92.20,170.70,140.00,75.50,86.60,,69.60,80.30,70.00,,,,,,,,,,,,,,,
4.166700,-60.528900,104.40,117.40,76.30,86.40,90.40,88.10,64.50,54.60,72.50,91.60,114.90,,,,,,,,,,,,,,,
3.290600,-61.288100,67.80,73.50,74.60,116.00,137.00,91.90,94.00,,77.90,91.60,100.10,,,,,,,,,,,,,,,
3.287200,-61.088300,83.70,70.90,78.20,119.20,115.00,93.10,59.70,,99.80,88.60,81.00,,,,,,,,,,,,,,,
