reference_key,return_period_yr,duration_min,n,median_bias_pct,mean_bias_pct,std_bias_pct,q01_bias_pct,q05_bias_pct,q25_bias_pct,q75_bias_pct,q95_bias_pct,q99_bias_pct,min_bias_pct,max_bias_pct
disaggregation,2,5,396,9.66452400934734,14.870928223570106,44.492977988702236,-65.59631222308813,-48.13770444375446,-11.200033024839565,37.287415993472365,83.995235615312,159.2376434515656,-88.24760609315089,284.0651257092192
disaggregation,2,10,396,8.090966099110783,12.932272394945233,36.087148954556525,-58.87397994019121,-43.64907047144316,-9.173884680418652,33.06338840685274,77.21206466792168,99.1086075978397,-89.06779713856241,186.16415283121435
disaggregation,2,15,396,10.174508217101803,12.162333067726609,33.36050523296201,-53.345566668051994,-38.468202170425705,-8.826171240768783,30.94667276851067,66.94795265829907,91.31394717353285,-89.80138694125692,167.26406552401488
disaggregation,2,20,396,9.00014331399571,11.716264183211218,32.08344139278728,-52.31485208867593,-35.645918465051274,-9.836172255062186,30.992814475705128,64.88988514001589,88.58510363227212,-90.45195672812496,153.3438642138964
disaggregation,2,25,396,8.713376470446818,11.388642842521442,31.327614970370927,-49.57339414894013,-33.485009168607604,-11.348412729510603,30.50746926767932,65.12415396345276,87.51667185198735,-91.02874805591591,142.59857237900513
disaggregation,2,30,396,7.7001024128980635,11.110773735679969,30.797812715184946,-46.98190382581687,-31.82193872695266,-11.031750897859844,29.64933637071798,64.41682805847067,86.29321417863885,-91.54165168523747,134.00863685002375
disaggregation,2,60,396,4.548483660764042,9.682651752803409,28.854264792708015,-45.96965615706651,-28.509813632220386,-10.526022362692828,28.301998209421427,62.35622279108855,86.55269774596894,-93.70025085409948,107.62560056065314
disaggregation,2,120,396,3.535467126212012,7.1846466788165895,26.16172373823618,-47.956558264060526,-26.793822745067317,-11.1555378834487,22.152998357696013,53.772600762983444,80.70789315310955,-95.80046137599868,90.95959191997841
disaggregation,2,180,396,1.4017311847811098,5.152291328570676,24.14280000791515,-50.144084868556654,-25.295560771767313,-11.152610438055994,19.071407321643278,47.21446442710665,71.86559952554208,-96.82925298198114,80.07998096295228
disaggregation,2,240,396,0.7914043091089582,3.503237981482943,22.626452410885104,-48.1613545160825,-25.266211991509902,-12.11018330173436,16.213057805773026,42.549062950086736,65.03317577178696,-97.44242361580498,74.66089268624837
disaggregation,2,360,396,0.3923563904743599,0.9942441600605525,20.667807157007644,-51.06002424679184,-26.772098074479125,-13.005730587809163,11.644454038663493,35.05859929425652,53.09878315848111,-98.14308393417893,65.58280870361376
disaggregation,2,480,396,-2.1243385838037314,-0.8389869104564571,19.67092341047763,-48.60184047067774,-27.763444900672624,-14.28239327214081,10.39759318648764,32.785500624353055,45.721816543226645,-98.53454611738339,57.85648554339495
disaggregation,2,720,396,-4.736262465035683,-3.3785061348605607,19.280612431636737,-44.48641268267739,-29.768834187289393,-16.76027906325332,9.90238154717116,28.173463998821532,40.539858290215534,-98.96083925356989,47.57110332341026
disaggregation,2,1440,396,-11.279030051912574,-7.271718326396922,22.231868086573336,-49.03296567264865,-35.66852612097115,-22.577857047775677,5.975757589650341,30.68545498611341,46.982825514827894,-99.43316458030708,67.72229351748105
disaggregation,2,2880,396,-17.596066903903193,-10.243814942123493,29.169423014705888,-58.46941782595244,-43.14453742017761,-28.98713434951426,1.4007041098603934,49.62763958030342,65.78942951007971,-99.69498978878597,93.91379534510794
disaggregation,2,10080,396,-28.269415422239835,-12.650788859591142,47.83673046352703,-71.43293376280286,-57.99038079532713,-41.772518951913064,-6.222132902465003,98.09538563933225,125.70575129362425,-99.9020101677017,165.83834531707313
disaggregation,5,5,396,12.168409274705377,15.632365586795318,44.96310688265559,-65.1270960183491,-48.51458003229043,-10.513145755953085,39.25437492330485,83.70721304989779,155.6261445663369,-88.1772042415083,315.9588735511338
disaggregation,5,10,396,12.230147061112302,13.764376012810905,36.40323102192157,-58.22838576902483,-44.74968050416535,-8.97324731877788,34.641697227621485,77.04891569685527,102.78931690851381,-89.0023085810755,193.28336312690075
disaggregation,5,15,396,11.737677201274854,13.036057768506542,33.7327432628904,-55.50619119185587,-40.81214928312321,-9.028870459147782,31.874181160009144,68.75008657583248,89.46915140410145,-89.74029289954827,173.91307822571346
disaggregation,5,20,396,10.72608772645579,12.614775001785928,32.51683068718728,-53.65775282296068,-36.93380120343542,-9.496122469848038,32.970943677825474,68.09561374015894,88.41147949345216,-90.3947598768935,159.64656924741035
disaggregation,5,25,396,10.136088485044544,12.302336869603996,31.80717853079388,-52.977812062213886,-35.18431897319062,-9.15728774380764,32.84236840036357,67.21730160948226,87.52416278488757,-90.97500643072689,148.6339553475286
disaggregation,5,30,396,9.442532758546923,12.033839323353472,31.310361524076573,-52.51742529575216,-33.69666903764237,-10.120500804243786,32.63444536477105,66.79614765892858,86.30544811670735,-91.49098257153032,139.83031884708666
disaggregation,5,60,396,7.54382456248214,10.61458865420705,29.4422040404531,-51.973773865015126,-30.443182269507375,-10.628076941155095,30.766986734076802,63.716774386528115,77.7170856018852,-93.66251267000945,109.4229484062918
disaggregation,5,120,396,5.040643944202973,8.085091515974613,26.768101181092742,-53.73458200415787,-29.08498499898832,-11.178604652560058,27.198265682830424,55.851442291851384,74.44704770738808,-95.77530434862898,85.12157690125103
disaggregation,5,180,396,2.6843120967559395,6.018339226600343,24.738121305932637,-55.167513023131384,-26.883204635415467,-11.053347439766316,23.40494614253244,49.74000795505369,66.59575604498659,-96.81025885508853,77.1956198754306
disaggregation,5,240,396,1.7570071972126218,4.339018315441885,23.198550747507824,-52.668534737185766,-25.874096467596132,-11.794233529410235,20.070889708305188,43.70861202397202,58.99748214747917,-97.42710264251292,69.91386967304467
disaggregation,5,360,396,0.7911280258410518,1.7807946607355616,21.173767323225075,-52.109443884033126,-25.14921828595768,-12.306200135516246,15.488501075496517,36.66765023250809,52.07894543351873,-98.13196021501031,61.08251449683371
disaggregation,5,480,396,-1.201646919103255,-0.09092190605255121,20.098505204390925,-53.447643003858666,-26.11376938310553,-13.224863331671317,12.708671379116748,32.90926812518055,44.11348217999751,-98.52576742364228,53.56618129650186
disaggregation,5,720,396,-3.827384456652239,-2.6880924379407185,19.5507634351484,-55.1494113736318,-29.243517820152526,-15.393138873796882,10.757449793761209,28.747077507143093,43.40317680512072,-98.95461423751931,54.27642008265507
disaggregation,5,1440,396,-10.362499687196108,-6.684955741262287,22.18337019762486,-58.43416831882024,-35.880108618626934,-20.94807994455758,6.232538112079719,31.446871788641747,46.45050287075986,-99.42976899440015,76.62970055910185
disaggregation,5,2880,396,-16.868782289285306,-9.763291523095873,28.871717460463362,-61.50861855451604,-42.27167052021023,-28.019712430020824,3.0994550759435806,49.90106712699312,67.81759398414029,-99.69316264754056,109.01952960224232
disaggregation,5,10080,396,-27.349654667486842,-12.366378464899418,47.23612767246688,-69.586096542559,-58.183991004717186,-40.97655271948224,-4.953678722229119,92.55101766875894,126.55253314692857,-99.9014231668157,186.5469462320793
disaggregation,10,5,396,13.84242125137217,16.377398710927377,45.782583249876346,-64.79705457288263,-52.222890556117356,-9.750735105243967,38.03332213742232,84.15095510550728,153.81360104821653,-88.12366724762475,341.833577531791
disaggregation,10,10,396,13.485032393382497,14.566232814679694,37.191655734108174,-58.970634575064466,-46.354287328598396,-9.481269735198937,36.592090754175636,77.9924673349707,97.30725999779843,-88.95250789515862,198.78626814873144
disaggregation,10,15,396,12.68811413700227,13.871529318106973,34.61480386997229,-58.5081744789861,-42.733734677897075,-8.347054303078483,35.08231280389015,74.89506513183552,89.48756721359607,-89.69383401727505,179.0525366581414
disaggregation,10,20,396,11.631822232204918,13.47025942797889,33.47520436077253,-58.00164302896444,-38.10259440980646,-7.9824252534325995,35.2535198787847,71.86211401105277,88.65707400739835,-90.35126460790424,164.518343747604
disaggregation,10,25,396,11.036812886934682,13.170028966127699,32.81937152915759,-58.17919090139293,-35.73812654200717,-9.482633611647925,34.56858747508803,69.66508591696257,85.96524288212535,-90.93413868375849,153.29909907369188
disaggregation,10,30,396,11.620945636575737,12.908994907106822,32.360191123557556,-58.3748860070184,-34.67557595608447,-10.015352213462808,34.983156862151155,68.3799392658539,85.15815426200098,-91.45245131180728,144.33027906269504
disaggregation,10,60,396,8.427156571339847,11.495656121351116,30.5798734149943,-59.51526840579157,-30.926457382216533,-10.364846067506353,32.936680610351225,67.1117224176618,79.86984501061602,-93.63381471841208,113.35237209464783
disaggregation,10,120,396,6.801628202373631,8.93757779332965,27.93465026342507,-60.938417796180616,-29.75583335742292,-11.299350743749878,28.24805025749657,58.64315426818179,72.47373603680899,-95.75617372082591,88.59503152996895
disaggregation,10,180,396,3.6183141756477992,6.840305685258777,25.901520216865507,-59.65440492318315,-28.461888323114074,-11.216195392229539,24.693670620343344,52.95304023520313,68.60728203339103,-96.79581479670729,76.77302536098699
disaggregation,10,240,396,2.2128801161555387,5.134297161531931,24.346322834891158,-61.325111523686196,-27.722024182210827,-11.555285093637575,22.380246871231197,48.05155054709637,63.047747438293584,-97.41545182887252,69.34468116993538
disaggregation,10,360,396,1.463468693128331,2.532923682499644,22.268015491561602,-61.93995958668731,-26.180786564050187,-12.79947872112539,17.719420807364962,39.870464082178074,52.785661798226016,-98.12350119765215,59.96170096984745
disaggregation,10,480,396,-0.39138896379539156,0.6276890362702428,21.120983455394274,-59.976146853755964,-27.645550549342275,-13.049440945142955,14.47211987725176,35.999847612850715,47.751440046691314,-98.5190916777328,53.93005699057335
disaggregation,10,720,396,-2.9594938563470503,-2.019325432390737,20.41029440118542,-56.670799281350476,-29.76913156975388,-15.736734322742532,12.937120828695772,29.798998798970736,42.81780213775762,-98.94988043239273,59.55047405565461
disaggregation,10,1440,396,-8.379267148107097,-6.104599831929685,22.65483612399328,-64.26284765426534,-36.688705839030945,-20.88788367908282,7.783765719712362,32.819390498950284,46.391671680765505,-99.4271868256405,86.94254849444961
disaggregation,10,2880,396,-15.580423922313262,-9.271770227233459,29.01015601313576,-70.75396168731882,-43.363546865210665,-27.765522109100118,3.636967639993734,50.43291076039262,70.12364610938938,-99.69177320042525,121.22351691288468
disaggregation,10,10080,396,-26.362165177556687,-12.033652740136366,47.02721527225768,-75.1211859359607,-57.69711986682868,-39.96223409055617,-3.3453221691213617,92.3477926436612,127.29525855024639,-99.90097678277736,203.2775134779933
disaggregation,25,5,396,13.27968337217786,17.587236701170678,47.49122826632508,-66.69621232577315,-51.83033588879334,-9.769870473149048,39.29824355982687,88.51552590649433,151.32196026164112,-88.05252294944027,378.52456498832726
disaggregation,25,10,396,14.427823811671988,15.856436119979747,38.97288595355831,-64.39535307265797,-47.38285652537611,-8.968564699649006,39.52607134335177,81.75078541758293,96.35431231278632,-88.88632870593536,206.21949224535263
disaggregation,25,15,396,13.359263123970322,15.209485780181184,36.583678934713966,-63.93384988754524,-42.923804527658234,-9.071681391229106,37.40102815045278,76.17702040370298,96.21009673281519,-89.63209568768275,185.99482370688233
disaggregation,25,20,396,13.124454858145068,14.836682616836573,35.58124254653235,-65.2262653003968,-40.29574665280198,-8.79984177595943,38.47825631455273,73.91828682278305,95.91422043041382,-90.29346456792968,171.0990482054283
disaggregation,25,25,396,12.328401761868646,14.553791324014027,35.01910815556632,-66.02169362951405,-37.19717066277228,-9.964254601869248,37.93451349662771,71.70589476042349,94.19251682061851,-90.8798303080814,159.60069043715362
disaggregation,25,30,396,11.656703121993857,14.303304123353131,34.62483525022889,-66.51365448398728,-36.06922718732362,-10.428100566296768,37.36086384086852,71.37511908729249,93.38444498669796,-91.40124784982129,150.40874354205638
disaggregation,25,60,396,10.184124092054265,12.897253956368408,32.99755581446178,-66.89418242488334,-33.13135601972446,-10.924018836498282,36.3326822684523,67.89695018788709,86.83754188277432,-93.59567855353572,125.56383855838554
disaggregation,25,120,396,6.790885830713488,10.295258840653805,30.403839027132033,-64.73895318655886,-31.573401235861937,-10.66972709174472,31.36661968848105,64.7068894166733,78.50433647265274,-95.730751391514,112.40225608722568
disaggregation,25,180,396,4.236142256995575,8.151583954967089,28.365567740719726,-64.36217957222446,-29.760638502757704,-11.396366080759844,28.10994919051606,57.21868054494895,78.28107806366422,-96.77662036082423,101.03492269376908
disaggregation,25,240,396,3.2522367716588025,6.40512287240171,26.785190846343387,-65.7433410720557,-28.321314600521628,-12.288426500730846,24.995488854529118,53.06277681553478,73.91820822531815,-97.39996928307384,92.16928888291778
disaggregation,25,360,396,2.2649753391551153,3.738573259142313,24.622885648647376,-66.97319701981301,-27.928357043519917,-12.61988765055182,20.783035227188883,46.580836782214405,63.946242989673685,-98.11226016954014,79.21378204261407
disaggregation,25,480,396,0.17819399546611878,1.7829279761548553,23.36371307637329,-65.28180145216068,-29.11607469367581,-14.577842276055371,17.82505060349027,40.70872169550091,55.61130698644123,-98.51022040530722,69.99514647715074
disaggregation,25,720,396,-1.5850931259257044,-0.9386483468204817,22.392860516427156,-62.48148198894684,-31.85763485242389,-15.858095525920481,14.387557655576723,35.85955398720881,50.09681587710682,-98.9435897683296,71.97470985658069
disaggregation,25,1440,396,-7.660182119231166,-5.154784473579148,23.970897945951656,-61.79937742631887,-38.3223237550429,-21.63184801845474,9.617828743884807,32.735491549787376,49.96613254948791,-99.42375543043374,101.50522802884231
disaggregation,25,2880,396,-14.236485176155444,-8.451304693116583,29.705514574011623,-68.88843847723824,-44.26804535158373,-27.88894110064149,6.089213837413468,49.64461933599008,72.9783995861605,-99.68992679044375,138.45665729862887
disaggregation,25,10080,396,-24.962319481806375,-11.438031214098576,47.09265328380368,-78.53320137699592,-59.40631982447788,-39.31316208960528,-2.4957380655982666,93.97018390272999,128.28229346386817,-99.90038359147495,226.90259655477936
disaggregation,50,5,396,14.368671901365914,18.67611045110317,49.27186018769603,-69.42377830434872,-52.56924078478965,-10.471095976187499,42.14690698467702,93.38216809164018,150.33897016485403,-87.99842136307731,408.29116513521313
disaggregation,50,10,396,14.48696982118258,17.010704339556636,40.890740302722456,-67.50102265241767,-46.39337893662058,-10.704647160585655,42.356046138586606,84.78980354531078,105.32852565178507,-88.83600283003865,219.91574856148068
disaggregation,50,15,396,14.513725491043989,16.402776242661076,38.68641705306817,-66.46249516844635,-42.384542783801656,-10.131203404242328,40.84312863307428,78.105422278199,104.79831946547661,-89.58514685755051,191.36097313593535
disaggregation,50,20,396,14.411431087984733,16.05328896686707,37.81128747626362,-67.63151537885193,-40.770232735464184,-10.656337690768213,40.20044532535665,77.2121943652721,111.0346732325625,-90.24951060486777,176.18570671165133
disaggregation,50,25,396,13.558245113874364,15.784607621331133,37.334517233082046,-68.37126301900794,-38.22107611734182,-10.774849524013355,40.398722445628806,76.8449979853435,103.8543468933429,-90.83853157646267,164.47160410865015
disaggregation,50,30,396,12.694362664806482,15.54274964712886,36.99907555273547,-68.82866437392867,-37.612669280869866,-10.794731507283185,40.37716403182907,75.99318773233536,103.00659246337233,-91.36231024566453,155.10718779629678
disaggregation,50,60,396,10.52998157406919,14.142171909329896,35.51081339734091,-69.1808279237208,-34.73786550156022,-12.064647267149477,37.17834433618352,75.24743122793198,96.13684748527389,-93.5666779579819,150.86217158111754
disaggregation,50,120,396,7.038663411691694,11.502348643576562,32.95944829360569,-67.17228877266217,-32.78160897116987,-11.85894772698933,33.50139573676058,69.0406034710578,97.52068974224504,-95.71141901520397,136.224438949588
disaggregation,50,180,396,4.8247780819462065,9.31884151026101,30.90957603436147,-67.45127312148617,-30.95024311386164,-12.127900157672805,29.499126341481173,61.403214712073094,91.69481954898974,-96.76202397773919,123.58219115670455
disaggregation,50,240,396,3.303985889601523,7.537692459866367,29.300600148512135,-68.71467340505052,-30.02984549289799,-12.590528241917466,26.676961641163388,56.66863810749763,86.80481685965287,-97.38819560183698,113.72222351097103
disaggregation,50,360,396,1.470575644754286,4.815363796371382,27.056640725250514,-70.33299922442467,-30.258112879988815,-13.209997576315624,23.543454037211017,49.636131913930356,79.33505591726478,-98.10371194475292,99.3136791243168
disaggregation,50,480,396,0.05009041418317271,2.816701514983349,25.697132886651776,-68.81646730259786,-30.320506614527474,-14.951483882770887,19.941012816536663,43.41120694017946,70.32580281433921,-98.50347425806099,89.06111846677835
disaggregation,50,720,396,-1.0123656258962017,0.031755636220407744,24.502482838325395,-66.30530710140667,-33.304866929844806,-16.671818785511658,16.755590114944688,38.61879931203038,59.056338403634015,-98.93880604125974,82.01576765072572
disaggregation,50,1440,396,-6.46599433537468,-4.294663194123246,25.495063842399144,-60.99049812902702,-40.21574971391635,-21.542891032042174,11.833486832313808,37.377894604520385,56.34469921069755,-99.42114603053997,113.27047910644166
disaggregation,50,2880,396,-13.394135846258056,-7.698708928845761,30.642402379097938,-67.12344028021094,-46.41648842779266,-27.99892093139869,8.016172267035811,49.231809845936155,75.23849736979072,-99.68852269044383,152.37938511907961
disaggregation,50,10080,396,-24.702119568400583,-10.867831651496695,47.4174047081235,-77.41449929378551,-60.50494771848743,-39.07115988357018,0.38533651332332947,93.5281004170236,131.40291576702302,-99.89993249994271,245.98940221242535
disaggregation,75,5,396,14.893636571269582,19.384247748703288,50.51450080540631,-70.87498991813457,-53.51787464864036,-10.93125573094147,43.37720580297797,95.50603286789865,150.90665562474334,-87.96666046559405,426.554644449323
disaggregation,75,10,396,14.780744445432475,17.759176857704055,42.24418043470745,-69.18231076164918,-46.0211984585485,-11.652367663566931,43.382816623069644,90.71004105254016,117.36914610659785,-88.80645850255095,231.410685040568
disaggregation,75,15,396,15.007813459252509,17.17538269599483,40.16286377681274,-68.19577333563886,-42.78819100624825,-10.723113602850642,41.962564800692704,82.22438924205122,116.2607945638257,-89.55758505980977,194.54652396842573
disaggregation,75,20,396,14.821240125313633,16.840345218738804,39.37015146223897,-68.9597427996305,-41.236739697121486,-11.080260693132185,41.16763951108615,79.7188480059057,119.91306642688153,-90.22370697490713,179.20534107952105
disaggregation,75,25,396,14.065333049257156,16.580482547875036,38.94820155551088,-69.66877395717437,-39.52636971840693,-11.344019230618144,40.59689748350681,81.72377392754474,110.00226708489404,-90.81428672766411,167.36316411948704
disaggregation,75,30,396,13.130595385299122,16.34398308784625,38.65047770968181,-70.07440292230702,-38.36618577039303,-10.83005585793273,41.49542372159422,81.9006909828235,109.2985016885418,-91.33945152123509,165.78112730695076
disaggregation,75,60,396,10.971648265435498,14.946717497503155,37.25129051441145,-70.35867140784377,-35.55399292808437,-12.67214607712243,40.492991911900305,81.19932801030656,103.90184290025991,-93.54965285753178,166.95642711125512
disaggregation,75,120,396,7.048406914243907,12.282922811564589,34.7239054970135,-68.51629314076855,-34.08690479429954,-12.60881726148229,34.268083735874626,73.20907946738126,106.14114693387285,-95.70006974315173,151.37959948637183
disaggregation,75,180,396,5.064721677328668,10.074157008128926,32.66198373651672,-69.13242564371909,-32.04945277845477,-12.745490623128065,30.58805640606896,66.11667158039,99.85265004781112,-96.75345501963731,137.92627856448058
disaggregation,75,240,396,3.636262108317262,8.271008169265105,31.03055360502811,-70.3316428174297,-30.95607717701256,-12.715809945284715,27.743827551269426,60.551608143239704,94.7517482836249,-97.38128374013561,127.43373711214585
disaggregation,75,360,396,1.2554919282417176,5.513326634416367,28.728969221368658,-72.13739645237662,-31.71067663627803,-13.396012336302228,24.214638453545852,53.58681480475413,87.296251992357,-98.09869362071876,112.100801480233
disaggregation,75,480,396,0.6400115931203946,3.487437728825796,27.30348908575436,-70.71466031928668,-31.622316379257363,-14.57606181795276,21.00501702307519,48.72016817536055,79.85896887124362,-98.49951386234066,101.19047990951798
disaggregation,75,720,396,-0.6507295783711748,0.6624701879504681,25.968307316709762,-68.35861757815593,-34.40908441821051,-16.800985188503823,17.33834396018834,43.00565661617211,71.04052711542728,-98.9359977046606,88.15903490911599
disaggregation,75,1440,396,-5.791589284604735,-3.7332648149872916,26.596555131075643,-63.371561288851616,-41.42035411214253,-21.67750540661409,13.25888378266146,41.22341467106326,62.82889405255665,-99.41961415526438,120.46863324652664
disaggregation,75,2880,396,-12.501862087687236,-7.204348741316196,31.36200851144724,-66.03507002105803,-47.27208144615473,-28.006512915029695,8.628114527512729,49.75959836841913,77.2683527330751,-99.68769839897382,160.89751535200466
disaggregation,75,10080,396,-23.63204545954172,-10.485501550156043,47.724192338190285,-76.67087005098412,-60.9612971197439,-38.82892561865205,0.9232236447208949,93.91090013345354,133.8984753501949,-99.89966768197944,257.6669914333784
disaggregation,100,5,396,15.40657951126736,19.919262387368633,51.488230348923274,-70.51816599696201,-54.02231055566497,-10.699426606485142,43.747300080156954,98.20674414846113,151.310227468856,-87.9440747892886,439.9093953741222
disaggregation,100,10,396,15.424058187965713,18.323824101416893,43.30929574834141,-70.32209050725497,-45.975209716294465,-11.876033861993662,45.327281934035895,91.61763289843822,123.94371883560144,-88.78544906421091,239.8160940502303
disaggregation,100,15,396,15.59853045630954,17.757788734567317,41.32120484672009,-69.37086289113647,-43.484473442620526,-11.284716666147276,42.85830453589783,83.23877890855243,124.78188754387232,-89.5379854297144,196.82780816244676
disaggregation,100,20,396,15.103911137205575,17.43339970846284,40.5901310301854,-69.85240401816068,-41.56515056750107,-11.408678277187304,41.76832471213505,83.32603774325523,126.34558729142198,-90.20535760571494,181.3678066992452
disaggregation,100,25,396,14.508078106909492,17.18004383207062,40.20903956704992,-70.48574203380143,-40.64777969723255,-11.210010856659002,40.816212819882665,84.65459406196777,117.9975407270882,-90.79704583239888,173.5753752011295
disaggregation,100,30,396,13.046066995511271,16.94750217754966,39.93942012753138,-70.87484499423519,-38.31590282757911,-11.337956600971669,42.59142926763077,83.62240965759433,117.2668405264268,-91.32319632092185,177.7695505795199
disaggregation,100,60,396,10.425272341345869,15.55267718463786,38.60658074082549,-71.1514781574322,-36.11325526439364,-12.575346050561798,41.38409764899862,85.32252175058314,111.66429042807253,-93.53754603945349,178.99786389787218
disaggregation,100,120,396,6.965795757898694,12.87104479616921,36.095369108058016,-69.38942927677063,-34.82514043501097,-12.69408343069092,35.457606298129576,75.68623209277327,112.4853965000552,-95.69199909637578,162.71842204035647
disaggregation,100,180,396,5.283298767167993,10.643455254256056,34.022022011857985,-70.27221437894663,-32.3344240904152,-12.753126439265792,31.838710203364617,69.85422105116797,105.85168721335407,-96.74736149806519,148.658270576103
disaggregation,100,240,396,4.13409549938131,8.823904773974922,32.37163496685037,-71.42787666367539,-31.64714977514992,-13.32572989040724,28.679001656711677,64.29543514666202,100.59560261640809,-97.3763686060108,137.69244861130244
disaggregation,100,360,396,1.948037637159545,6.03987107927847,30.024084300458256,-73.20643452588715,-32.27111768180548,-12.958317049955795,24.567530919749306,57.283488441204135,92.91329194497852,-98.09512501116384,121.66789983052166
disaggregation,100,480,396,-0.12313859228785151,3.9937007389067074,28.548192973580125,-71.9908712536835,-32.82227826179528,-14.84251788648891,22.134964935180736,51.844648397067274,86.94583481713768,-98.49669756233442,110.26545320053366
disaggregation,100,720,396,-0.9119477406288409,1.1389550805934132,27.109030235622647,-69.73904703339522,-35.36675320588341,-17.011139502261866,18.545056045213084,45.537812192826976,79.3445413472065,-98.93400065210824,94.5417335275808
disaggregation,100,1440,396,-5.870722302658125,-3.308215777823728,27.471338679834105,-64.97221456111308,-42.15070092225304,-21.722083775721593,13.987167694505299,43.52260402417187,67.59210276673457,-99.41852481453864,125.72266587436036
disaggregation,100,2880,396,-12.571575854024926,-6.828813884368085,31.951456234946306,-65.2369718825438,-47.85544559028786,-27.84304043535389,10.623506565473253,50.52589181356866,79.63866722141239,-99.68711223227835,167.11501685321556
disaggregation,100,10080,396,-23.031990613128315,-10.191987784857155,47.99650585870576,-76.12543367584857,-61.245787567892364,-38.73822017519853,1.475898559353436,93.81613637598915,135.6855094383698,-99.89947936573927,266.1906259078971
disaggregation,500,5,396,17.526777435111946,23.43413159355038,58.405756711764546,-73.93503147517413,-53.18563677761853,-12.98793384143668,50.037157611345116,120.32409843326032,171.14079421037584,-92.74386400327005,521.1188773275501
disaggregation,500,10,396,16.368275057604126,22.022349760489803,50.910657273390406,-73.2385543567348,-46.76716616609214,-14.751007759090482,52.78664071683919,108.19040930529621,168.37565713048812,-92.66914432609767,290.92890889230966
disaggregation,500,15,396,16.39258989705537,21.56682481235946,49.521437272967816,-73.31241654514119,-44.665847775572146,-14.096972148508227,49.38425976795578,110.12585040766979,169.99082794929257,-92.6539251977418,223.58526372745007
disaggregation,500,20,396,15.483958396693868,21.30901544709034,49.17733491071093,-74.1751018289136,-43.01605587609697,-13.32697967523559,46.96964025144715,107.74933532741898,166.18852839879554,-92.66560762564526,240.59352523442962
disaggregation,500,25,396,15.030145086936736,21.096542902226094,49.052057305124556,-73.96955336732869,-41.37538245155804,-13.103472198825092,46.8020422509226,111.16919544611252,166.02304199355927,-92.6902712822484,250.1631505725908
disaggregation,500,30,396,14.541412530510618,20.889003194669513,48.95896199909355,-73.71841864450482,-40.82845766616688,-13.362537796256994,46.42991623020262,114.35954926054214,165.48707724642895,-92.72127817307769,255.53149069995573
disaggregation,500,60,396,12.239011182644617,19.51035225784912,48.04427563555083,-73.42074573188422,-39.85890385546,-15.661523334679728,44.14230061256953,112.38760257684534,161.76525739270107,-93.46939404510371,257.10367189911636
disaggregation,500,120,396,8.110584179598721,16.7160288021126,45.60561919010725,-73.99243085932622,-39.080931211042255,-14.807863720800114,41.6787692426364,102.3694772347939,151.538259424644,-95.64656761554279,236.2667795209186
disaggregation,500,180,396,6.144619383021423,14.368522510033028,43.41640563104933,-75.6334524859835,-36.40866535581893,-15.015652482715007,37.12978911606751,92.39802857053385,143.12928727572262,-96.71305969844558,218.2704707134053
disaggregation,500,240,396,4.673936432209521,12.444244116002844,41.605879347390136,-76.6870776034815,-37.237008949661295,-15.017428941654675,33.49707683678356,86.97888417340675,136.7935392429807,-97.34870021362755,204.3337878605035
disaggregation,500,360,396,1.7569412555043273,9.491876782834458,38.91086898487362,-78.29987389397624,-36.893836749606734,-14.897895790779097,29.50784376557526,79.03701975243295,127.61301504816431,-98.07503650759094,186.93247427510033
disaggregation,500,480,396,-0.18892554427863356,7.316286559530482,37.08935301931982,-78.16956656320595,-37.89475853567042,-16.703680889086684,25.989340422928123,74.53631629962187,121.07313556649845,-98.48084397794321,169.91241038086181
disaggregation,500,720,396,-1.4580349739815004,4.271986317408082,34.99613840203885,-76.42138041509722,-39.32630043292889,-18.3773727806125,21.626885184704616,65.14728141616169,115.52137205855978,-98.92275879538043,149.0039400651066
disaggregation,500,1440,396,-4.136620203625734,-0.5005628716490751,33.78307044096036,-72.71900688919779,-46.114075497474914,-22.363309289579767,18.341382739899654,57.53412792776917,96.99781966900173,-99.41239267126986,157.51216875936282
disaggregation,500,2880,396,-11.016475841979505,-4.330873552262203,36.50522247889304,-68.06808614906632,-51.73197409278801,-28.019540359474398,15.622580978428935,60.61373159748368,88.34699773281896,-99.68381256848066,204.73398420853297
disaggregation,500,10080,396,-20.902311920912858,-8.195999273988948,50.42285888344769,-77.73265673749776,-63.06505578566238,-39.64727808029966,7.082259350414385,94.08309996562119,147.12058315535432,-99.8984192913867,317.7628413682597
standard,2,5,512,1.5924073918207746,10.899567891448505,46.53758893635032,-60.572754241766894,-46.01218339063535,-18.813229166281634,31.518793881925415,91.77477232139812,143.31015365127118,-86.8418474889876,326.3236813860945
standard,2,10,512,4.252067934984999,8.761729104164463,35.15099791151916,-49.94611196784548,-39.98313986576409,-13.501382307934476,25.636600855022984,71.89217520104157,125.17989833278388,-86.21016604136172,229.14939885906668
standard,2,15,512,4.322944078454119,8.259020051460615,30.264464193229504,-46.466478111609504,-35.67610199568912,-9.80067162955773,22.188590688518996,59.9362226548811,109.70660717024121,-85.85078671368167,187.86975809052635
standard,2,20,512,4.346261619653974,8.25578898330717,27.84004695496725,-44.17947246157108,-31.222360947633764,-7.165705620584922,20.88892787148664,58.428563226671294,110.35282823945494,-85.63462799533619,164.16196726299202
standard,2,25,512,4.538658667883157,8.421914353898021,26.588986860260317,-42.71487526656903,-28.604405832394644,-6.867298853947642,19.437872208259172,54.33475590000393,108.27220884818504,-85.50122095281068,148.3840160170224
standard,2,30,512,4.538056885917267,8.636627156713265,25.951873550711948,-41.17505789872726,-26.16647478468317,-6.194712751832499,19.38417742883213,53.30447302023235,102.36014352289934,-85.41886867343841,136.92223810756994
standard,2,60,512,5.043002447265314,9.553434919936723,25.778784200002654,-35.91263650913344,-24.21613334536274,-5.848234400499007,20.911433031023346,60.57708752692311,100.62739144714556,-85.34829306112839,124.05579738516109
standard,2,120,512,5.697766551215389,9.403945258431609,26.807051346328652,-36.37838351303762,-26.319440777542802,-8.13719909956766,22.079743871417534,58.41685912247609,88.11597446539699,-85.62952644821847,133.03492908997853
standard,2,180,512,4.228163173201474,8.44543471137198,27.333365753019997,-37.03596740131104,-28.950446993085887,-9.958597501333532,21.777827169630633,58.88751353898625,86.02458612468385,-85.91217278435184,176.5216493553341
standard,2,240,512,3.8068359351460925,7.392343390271254,27.80338506196943,-38.70082008831204,-30.75617579042109,-10.941401385522925,22.479210659624947,57.49548078649104,82.57203310836341,-86.14794096911422,216.03483542011585
standard,2,360,512,1.117637765351476,5.52162192184622,29.05970969604328,-41.32375932353905,-31.536427771184766,-13.145637217131439,22.069052943852817,52.787251966743526,80.37755570262638,-86.51327068827966,286.42343420173626
standard,2,480,512,0.11946886526669766,4.0383447844787606,30.733415600006683,-44.90355855889431,-34.29122714443834,-15.03516034498178,20.86586144977772,51.297657245453614,74.20545481476223,-86.78753104745311,348.76698954393237
standard,2,720,512,-2.6645836449776343,1.9218203371234954,34.69436527665779,-50.29600099216617,-39.3228221436006,-18.18671473073435,17.845212869095143,50.36173160926349,94.83949422481557,-87.18526564906044,457.9837879363057
standard,2,1440,512,-7.076227479319872,-1.1996444169771312,46.73995393496388,-59.100690792777584,-46.79532085552382,-25.50279151142137,13.587629146186737,52.60566611531521,122.69868259609338,-87.87259485229069,719.9633100273425
standard,2,2880,512,-12.369034369039092,-3.0304627339694212,66.3425366800609,-67.26958854976189,-56.70521220598721,-32.05582703497934,11.193624645185688,59.73346190439743,157.8005674782675,-88.5468978349032,1115.9354186274984
standard,2,10080,512,-20.947570137361577,-1.5485540030190155,128.52334494857377,-80.71920449193699,-73.00387525675278,-47.89908340138289,12.094463728175073,103.05634862666129,317.4704408249358,-89.69580809114024,2403.6419549503917
standard,5,5,512,1.6195609416515442,10.85812923310642,45.76946360519151,-60.15763657347934,-46.32123230506593,-18.48847598768891,31.72255502236469,92.52330897524826,143.69567385148608,-86.86542774206492,324.1938628300141
standard,5,10,512,3.993631815302426,8.804572540437746,34.5572471401837,-53.03813306772235,-38.799848599618194,-12.582183850647304,26.483028106392535,64.73479191635144,118.1451709119095,-86.23487830810028,227.50504146579794
standard,5,15,512,5.3531791380846645,8.353377132821846,29.81378855673261,-47.4003137836293,-34.692856402000714,-9.160306574135895,22.32052859071534,58.84085489381312,102.7252734027869,-85.87614301122093,186.43162462695187
standard,5,20,512,4.036292312178997,8.385514229108232,27.514795904069626,-46.627458929051976,-30.03531035145252,-7.518937252961679,21.48432403895662,55.55858913896335,102.96760103362833,-85.66037166316009,162.84227266414115
standard,5,25,512,4.465256767927187,8.577266221292852,26.369574085432102,-44.14671505066314,-28.27128434653697,-6.866520161764269,20.342456611737337,55.76033614974424,99.5538024754189,-85.52720369460963,147.14314456313818
standard,5,30,512,5.07395431315892,8.811120891150974,25.818682702608793,-41.5215350901544,-24.374461455954457,-6.542492655716337,19.332237666155653,57.377683137329896,99.4554095058087,-85.44499899580292,135.73862715396533
standard,5,60,512,6.371220734741081,9.778130806583427,25.887151877460425,-36.655030166883414,-22.1981555815936,-6.352308657580204,20.36505853849183,60.9492356106679,93.56730047190095,-85.37454985951585,116.18885334096832
standard,5,120,512,5.94215124756697,9.631818473261372,26.933544976316252,-36.822642132658856,-27.14560391675565,-8.85890245098472,22.168114615898155,59.519178173479176,90.46273552533269,-85.65527925834196,129.0733185421334
standard,5,180,512,4.7261381047553686,8.65296442219924,27.370080370089163,-35.50597488585257,-29.185064903752764,-9.402868375706579,24.30029296319069,57.62063260885629,85.22797119611214,-85.93741907411604,171.82076143663656
standard,5,240,512,3.1682774659150743,7.577183685707792,27.738704118069496,-38.291245063232964,-30.9065241282508,-10.484698904454142,22.86968750819278,56.40597944624002,86.25900060256694,-86.1727647471725,210.66222049764042
standard,5,360,512,1.4207367348422215,5.665541155104192,28.812071288656288,-41.29909838833308,-31.472262072785192,-13.33763561365497,21.659011806976167,50.13518335208554,82.22382623654698,-86.5374397720541,279.8542080396056
standard,5,480,512,0.3979779466639003,4.1485633768221515,30.34078067315573,-45.435158529980676,-33.66018352880531,-14.835508744941421,20.99062488867238,49.643032681538415,76.55613748240982,-86.81120863907674,341.13791845899004
standard,5,720,512,-2.1360922158716393,1.9801917429928984,34.09951524592599,-51.109248374167294,-36.85995135408134,-18.097142397812988,18.458068443269028,46.681923704998624,87.78071673735734,-87.20823047477293,448.4980234268939
standard,5,1440,512,-6.399471417450167,-1.2366448712081137,45.836875807862235,-60.011549861443704,-45.87621063585537,-24.283396736146916,14.300390179054261,51.263942539096384,123.56050225028811,-87.89432793999542,706.0238748081869
standard,5,2880,512,-11.939889927086131,-3.167699552323956,65.1255440730579,-67.59563298830169,-56.42290930781391,-31.038889518233663,10.678862004085616,59.11789472203075,171.33300708626712,-88.56742252842288,1095.2644290949668
standard,5,10080,512,-20.68485347354199,-1.8834784802646283,126.38619616172251,-79.56739549472755,-72.79323686914017,-46.78177478221395,10.544824300905406,98.99874821166138,317.92578713288975,-89.71427386380589,2361.0798617247474
standard,10,5,512,1.8327241421160303,10.974277715192791,45.58246649267841,-63.83869891641126,-46.14264104764793,-18.095215958789026,32.24866985872016,94.51738315088147,146.73654925247914,-86.88323743677326,322.5897890113532
standard,10,10,512,4.57470392272201,8.983743156085328,34.60157958028892,-53.784125137926644,-39.342329230828405,-12.967421711308292,27.287508291031745,68.8191360328199,112.97386374689795,-86.25354299014256,226.26659294372388
standard,10,15,512,5.268678463764883,8.571494811884826,30.03563383288686,-48.57952128180042,-35.2536499499642,-9.484073200027499,23.366973055285726,59.21069337710681,102.09847807264512,-85.89529411687816,185.34849375175418
standard,10,20,512,4.435165155691842,8.630512482006305,27.8752818597055,-46.63625513419717,-30.002197779620925,-7.685210325665917,21.787993835441252,54.633590132755316,98.30730537771642,-85.67981534186502,161.8483440740266
standard,10,25,512,4.637575983545784,8.841775365324938,26.835133600886373,-44.781699035818356,-29.422413597912282,-7.399686742943174,20.81026177470661,55.64431867056195,94.05757037081489,-85.54682794111824,146.20858166067086
standard,10,30,512,5.218965053875481,9.090193194422358,26.362169151382894,-42.18400935655948,-26.494601765132828,-6.763718846912937,20.495924408305456,56.77884860812935,91.81721602302183,-85.46473470696836,134.8471900234469
standard,10,60,512,5.942692592591417,10.094774600575338,26.605962269606685,-37.2105733382185,-23.662882390088328,-6.497243646245932,23.08724956137247,64.48422787412407,90.41976627082663,-85.39438109549819,110.42177845968996
standard,10,120,512,5.928907939311076,9.948342037605391,27.624069891378344,-37.39164322293031,-28.15848153540465,-8.81839637286216,24.742606036596296,60.74298690676096,90.64732882747826,-85.67472984204338,126.12128098251905
standard,10,180,512,5.04006789788689,8.951515325378292,27.967819353903746,-36.52959262764603,-28.479653022181804,-10.061854037686874,24.2377862202095,59.36161256479065,88.48849136933917,-85.95648709309549,168.31784323406848
standard,10,240,512,3.448461723426796,7.856352893187243,28.24042417294534,-37.88352274806779,-30.725460749409855,-10.877794725827872,23.771153015832372,55.33839995131916,90.51384646255867,-86.19151365148983,206.6587575491891
standard,10,360,512,1.6329112632148497,5.910299017640678,29.139739288015264,-41.82527949633935,-31.1257703075959,-13.039152727641419,21.777223943292498,49.73378665590454,84.0185886564852,-86.55569419884044,274.959077098792
standard,10,480,512,-0.2610445305587692,4.365285601972832,30.524450333670945,-46.2691417539491,-33.463006550235164,-14.944272672160483,20.77191472113175,48.64983634458248,81.85615598202337,-86.82909185164714,335.4530324471715
standard,10,720,512,-1.8501019918213073,2.1541897886150974,34.07107848870922,-51.772172926039715,-36.33688872093873,-17.846889402093783,18.150570007769048,46.255100846509094,89.30500512092233,-87.22557534947076,441.42960194142705
standard,10,1440,512,-5.7883357721014335,-1.1400324260449666,45.474314363620834,-60.599082654096506,-45.9731793834221,-24.243316803766728,14.329588695365134,51.6407024787984,127.5370639087405,-87.91074250754997,695.6367517354402
standard,10,2880,512,-11.91077180025103,-3.1506643569561374,64.45555966386785,-68.38460885926963,-55.33383638483043,-30.899073276881094,10.78238984305149,57.29573113628049,168.87403004808746,-89.16882953234341,1079.8612144787244
standard,10,10080,512,-20.69613802343843,-2.0180723631274287,124.96724086151957,-79.48391323676539,-72.62141890343433,-45.94970038870557,11.250448243251263,97.32842400203414,316.7822917434429,-91.57302515527945,2329.3642510405393
standard,25,5,512,3.155964761940101,11.318014932203877,45.86866280602696,-64.68493924550624,-47.443723350899155,-18.948230406632078,33.25785903739446,94.95508875172995,147.96074622443447,-86.90674351640997,320.47862415342115
standard,25,10,512,5.17599944139598,9.410307584258575,35.32158459166286,-54.657341466692365,-39.6935972932891,-14.125611222355246,27.567955588604338,66.47306168864803,114.13193688236223,-86.27817752260735,224.63663740941848
standard,25,15,512,5.695146212010249,9.0498798370828,31.072331994536416,-48.809154887765416,-35.71451920501877,-10.601416405505159,25.12932005115316,61.67607872399563,100.38053326611222,-85.92057065429682,183.92295596561428
standard,25,20,512,5.010748121216283,9.144882033457879,29.141836002447015,-46.962154573530775,-32.26057472235104,-8.556927749749956,24.301975484641474,57.60200218163817,93.43276105944207,-85.70547803106626,160.54020782347953
standard,25,25,512,4.908067562251771,9.382330782299045,28.26384055335678,-45.707117479626355,-30.156365987337722,-7.983208233801294,23.379306476042878,58.75226387912414,95.46963468750185,-85.57272895226954,144.97857819433216
standard,25,30,512,4.747704220366127,9.650297081169166,27.903376173019886,-43.42531409094566,-26.969699923678263,-8.169708162259315,22.560282530271156,61.46049782658134,97.47370899324461,-85.49078283445955,133.67394554983687
standard,25,60,512,5.9847058053057784,10.704667560056528,28.358131425773646,-37.654858391565256,-25.4443269877491,-7.920133783311716,25.36758600242257,66.98081677502566,97.89366476994792,-86.65255144167293,109.97869747900582
standard,25,120,512,5.520303361255186,10.555208790871225,29.291957149534955,-38.13555961971798,-28.8327646156049,-9.391039304589185,27.27982027075716,65.30355297488879,92.64964790497807,-88.02765025417341,122.27720294953575
standard,25,180,512,5.39970327935762,9.531378071127227,29.488760307467935,-39.69675805991619,-29.817901883005735,-11.66064210058514,25.817610466974685,62.72722627610717,91.0165019002751,-88.8410119489938,163.75642060921928
standard,25,240,512,4.084389360923909,8.407742262341658,29.61651347262506,-39.73527295967241,-31.652533771071358,-12.232868490767295,25.641110458224112,59.31519779859823,95.48237255367935,-89.40711290058414,201.44553662458304
standard,25,360,512,1.3478662966209467,6.41169833101018,30.251414649719802,-42.43247150103721,-31.896811985118777,-14.01533090439856,24.72486432554435,54.78900609441031,88.81722052730352,-90.17858227373205,268.5847458316053
standard,25,480,512,-0.3992738701280167,4.826287962718918,31.40955900909762,-46.88793806026252,-35.11686637319753,-15.27689188016679,21.874689062793134,51.46321614172642,90.00140251914604,-90.70274993286415,328.0502995900391
standard,25,720,512,-1.8617337816005552,2.554096241792988,34.60689332109145,-52.61104991210485,-36.76169293195627,-18.44995621839233,18.704157857542228,49.23184464026033,96.64022561041742,-91.4047693293282,432.22525978403917
standard,25,1440,512,-6.320533065535561,-0.8493560897756085,45.4375373175538,-61.3600644450057,-44.67338325283439,-24.09364672419012,14.989693211763807,55.00220238560938,137.8597967771275,-92.50047563685867,682.1108697561282
standard,25,2880,512,-11.183101668061665,-2.9701572796891282,63.915751310191006,-68.99939031648269,-54.57881122002803,-31.044720483010167,11.875942426143697,60.19379789877267,184.79077904107115,-93.46664099419377,1059.8034890101635
standard,25,10080,512,-20.33207125367929,-2.0407799192792453,123.36294577265467,-79.27606438649563,-70.97618167302959,-45.99921749333465,12.419614627397134,94.50316365061424,327.7450625962731,-94.9168511235361,2288.0648841213247
standard,50,5,512,3.8407410237707333,11.721084143824012,46.50292035347627,-64.62322537898595,-48.26265840937369,-18.994929647569773,34.277203128296854,94.81942814460191,153.03287124079728,-88.83061639000849,318.88859937604406
standard,50,10,512,5.494608682180983,9.87596317070659,36.37144322854979,-55.0878197317572,-41.46464562260868,-13.910369418270683,29.54032193738918,67.68453309092844,119.65905490789109,-89.134779849949,223.40903565400313
standard,50,15,512,5.472081180303951,9.555203723410091,32.41028630679411,-51.13173751340784,-35.891648683900705,-11.072522969260659,26.537808281958387,65.38767133049241,94.66909954722003,-89.40681746366982,182.84931153063164
standard,50,20,512,4.799221578451542,9.677930293650492,30.67673525950286,-47.49572775518239,-33.001764874227845,-8.923871488510944,25.819334106724106,62.35958692705213,102.1004329706354,-89.64787304880211,159.55498440867132
standard,50,25,512,5.204256282348987,9.935612853897876,29.93021412996367,-46.57889335777818,-31.50329228566633,-8.577571563422662,24.248152299011878,64.08440017532963,108.20652663691061,-89.86218746078741,148.08962908877797
standard,50,30,512,5.501233470216613,10.218693025904127,29.656449591825083,-44.434214351290514,-28.5038050185854,-8.827582879791322,24.152543502470678,65.55681159611666,106.40981545454504,-90.05400572023862,139.2479096831248
standard,50,60,512,6.10897034210842,11.311144512548697,30.25022137302903,-38.480698666684454,-27.02082309521308,-8.780619383418319,27.310631873287406,70.2587605800343,98.57931045687104,-90.89408665105967,123.24956931085497
standard,50,120,512,5.560585707107632,11.157394354389695,31.092639332600502,-40.593987269532334,-31.228704363298007,-10.463667082312224,29.091013327453467,69.12307610162664,97.53986598983718,-91.83220831364874,130.19282711211207
standard,50,180,512,5.101216278694341,10.110699886425856,31.165753809715895,-42.0227017120071,-30.10957249027153,-11.845998415593929,28.0190561205628,68.09796643913359,94.77871471358915,-92.38710096463117,160.3574265003325
standard,50,240,512,4.252239942557088,8.963352274947454,31.175551169775957,-42.00508407626599,-32.577501955232506,-13.01970157986208,26.18293708387667,63.81544416612219,97.20843119469438,-92.77330707656395,197.56084786223738
standard,50,360,512,2.3923078654838377,6.926037576139757,31.594275855066815,-43.88796288135467,-33.64030257373526,-14.395104525325607,26.950459893270097,59.07530735031448,93.02910926824237,-93.29961989451924,263.8348429598064
standard,50,480,512,0.0897764318807226,5.307495485595204,32.56206268960948,-47.50430146489421,-35.76493012302522,-15.628480704417786,24.204411309509837,55.97130191946006,92.36038258079546,-93.65721822228325,322.5340719916621
standard,50,720,512,-1.1219306076862936,2.9855144257011044,35.45403190009462,-51.54763676234993,-36.912720456015315,-18.573883996310464,19.9848733864046,52.536936749049595,102.05441083412488,-94.1361507887241,425.36654325145884
standard,50,1440,512,-6.264072360604658,-0.5059499633482627,45.760747575115396,-60.39122699014989,-44.425962696566614,-23.89482421322248,15.637807015699916,57.555042862431,143.50428492873647,-94.88366494086033,672.0319104168368
standard,50,2880,512,-11.293781642401065,-2.7139771006412623,63.784306935964786,-68.225831953011,-53.67821020725116,-31.329185054857277,13.504276968643971,64.26503732796847,198.45873124423912,-95.54280350102754,1044.8572548388543
standard,50,10080,512,-21.394589638879133,-1.9405855183505505,122.36629009604741,-79.68642936194908,-69.73430762694393,-46.310434316592804,12.96516050241073,93.02972224632488,345.5993221202276,-96.53216770182144,2257.2902077967856
standard,75,5,512,3.7395315921219083,12.01424679061627,47.04611070846374,-64.58670082807915,-48.683458310576704,-19.762076181457264,35.04243237788074,97.36051123080115,155.7082429461776,-91.06937794652451,317.96128324801106
standard,75,10,512,5.921953295860534,10.205805038814614,37.18739812935001,-55.082524729515754,-42.24205383436386,-14.108673390402597,30.99413370462771,70.99323938822667,121.73697711972125,-91.31257569118573,222.693087750049
standard,75,15,512,5.403627349040475,9.908504990124298,33.408224268563025,-52.27845259147296,-36.36256280404523,-11.125028975204554,28.134397576558552,67.56896749967432,103.62971814505894,-91.53008680883566,182.22315286034058
standard,75,20,512,5.0278726132712155,10.047700918699864,31.79456330828545,-47.8989717427811,-34.20615990259176,-9.338815212703622,27.284360075961636,66.31092639925501,110.49287921921575,-91.72282585334034,164.32925123173555
standard,75,25,512,5.6285249600655085,10.317427969592114,31.125614741117637,-46.92978544425312,-32.48347185290941,-9.067689291711275,25.651315783454216,66.85624756388546,108.371396496391,-91.89418365435105,153.57341327094215
standard,75,30,512,6.147904950706296,10.609509568827693,30.90161356774181,-45.01519942743458,-30.390264047372618,-9.60444181657267,25.503669438416807,66.99452029696072,106.70514735260238,-92.04755437183469,144.53625610677423
standard,75,60,512,6.166175974216678,11.72449183422932,31.568014649643008,-39.11399473377525,-28.472269535494743,-10.028547875438356,28.903034526236194,70.6297440722083,100.49474216716085,-92.71925171427205,135.38416158954593
standard,75,120,512,5.777175322014353,11.567458006844877,32.34866940926498,-40.9769969840451,-31.468436487590605,-11.348353263477993,30.607644048164108,72.4432342918573,99.13093116122049,-93.4693387648472,142.70481587476567
standard,75,180,512,4.82056976676939,10.506402278079863,32.346122886534296,-43.37825756557801,-30.028895259313877,-13.127328957748157,28.722669820171834,70.23448855008147,95.82420995918366,-93.91301020807191,158.38948432642542
standard,75,240,512,4.569898018683546,9.344296399207074,32.28506413187922,-42.910222605892606,-32.43286149066605,-13.845878352994811,27.0694425858501,66.17816322309308,94.8166465747362,-94.2218061936739,195.31169926032143
standard,75,360,512,2.8495948901600334,7.281421878290871,32.57399182939476,-44.8260104076715,-34.22629274581416,-15.418930035413972,26.561317520458225,62.08638397733864,92.80982715666288,-94.64262626962271,261.08475458544405
standard,75,480,512,0.3779269426866824,5.642440143032019,33.42590419515691,-47.626784774110284,-36.24354815274187,-16.45555617846351,25.569328984777584,57.805669212479295,90.14473975160662,-94.92854853925972,319.340298603431
standard,75,720,512,-1.3562833292849605,3.2898609903102094,36.12747381033185,-51.58002218453544,-37.867117523453594,-18.438366304560383,21.049937916572148,53.046729831094275,106.45137231164497,-95.31148513534532,421.3954985567802
standard,75,1440,512,-5.516805581616385,-0.25531427996844247,46.09621236916593,-59.80307853367082,-45.18158469550434,-24.62190302566802,15.695633625299477,56.77608862944754,147.95974412484804,-95.90916953812483,666.1964165861684
standard,75,2880,512,-11.603104795864917,-2.515984396269474,63.82466510467354,-67.72622061937969,-52.94819271008058,-31.381800093219205,14.087363266212698,66.77468366504884,205.41470901894928,-96.43619211763938,1036.2037168730453
standard,75,10080,512,-21.08012507921505,-1.8348287700702404,121.87531850782074,-79.89479191504881,-69.51232033762493,-46.105162948128175,12.825456939848912,91.12020932369133,348.7295856198136,-97.227250788292,2239.4723530176157
standard,100,5,512,3.6381834773152155,12.24814008913664,47.51021210889248,-64.56059691962989,-48.82602722990121,-19.986890730858,35.18647577822587,97.1157049814151,156.67680978999485,-92.38000889314497,317.3045872201118
standard,100,10,512,5.7778841021760075,10.465782062550812,37.856300850761556,-55.07795636490263,-42.60285128914628,-14.1024631096857,32.07484056396112,73.8042925622139,121.42061442264544,-92.58751567603527,222.1860760304246
standard,100,15,512,4.984952258391498,10.185260855796042,34.210385755399855,-52.78311869740603,-37.15914320481035,-11.5468070955519,28.242231639614484,70.8318436288553,110.95825796699307,-92.77310552321613,181.77972704342204
standard,100,20,512,5.267515489675409,10.336269270148918,32.68263063815714,-48.181215585167735,-34.65694126760746,-9.798903882891244,27.86928800206624,68.00480682422486,110.68281411548098,-92.93755877140816,168.46156105576407
standard,100,25,512,5.869446004379332,10.614646339907686,32.068320645010736,-47.17662070808535,-32.619002023299785,-9.708669423218367,26.548363730867298,67.80449041528541,108.59148166855982,-93.08376862240996,157.53757501955363
standard,100,30,512,6.434760458459241,10.913194738086956,31.87886272303389,-45.42336498841732,-31.281159895201174,-10.27794004356944,26.952702258817784,68.01524782726337,112.21317007650103,-93.21463111958869,148.35913824612285
standard,100,60,512,6.191264338817732,12.04429946411491,32.59303226947731,-40.903909444702535,-29.58175333524543,-10.540005338290758,30.1996670495273,71.22927348015693,109.10192838321103,-93.78775220177342,144.3917235654168
standard,100,120,512,5.327012761189547,11.88459127663121,33.32689032125551,-41.33590748665722,-32.10825224722066,-11.975220665112886,32.38688080449006,73.92653554268196,104.5266576893886,-94.42775875680678,151.99252094409172
standard,100,180,512,5.014623530959299,10.812895681452323,33.269564678631006,-43.98698435853282,-30.657771633462094,-13.806181825882108,30.00907872850486,71.22263389294511,97.69548703669126,-94.80631832762886,158.36535796740986
standard,100,240,512,4.618145739795839,9.639911855129315,33.15773548881763,-43.719293388519795,-32.51723980416409,-14.376462330562909,28.790993137838807,66.81994407468926,93.4475781405377,-95.069796353015,193.7262205701967
standard,100,360,512,2.2197901204247934,7.55825130974299,33.35384417896493,-45.72366581006618,-34.53744532265241,-15.915910651526834,26.6261965510747,63.867195904340875,91.5024056451773,-95.42885815376248,259.1461514581108
standard,100,480,512,0.85886796261777,5.904280640990645,34.122371470218894,-47.66111264697809,-36.62554077116173,-17.13270440212404,26.738257900408307,59.49911371076321,89.86358937604533,-95.67281934021062,317.0889312887883
standard,100,720,512,-1.5717806650047301,3.5293137891517583,36.68506258982769,-52.15349487379588,-39.09544021919002,-18.92922174384652,21.828392791857652,55.13047896586766,109.15003971801545,-95.99955732544714,418.5962140917241
standard,100,1440,512,-5.277104785012915,-0.0549970973395324,46.40175947000626,-59.389769604362606,-45.159910136571604,-24.871231031812464,15.81664689233977,56.93479750128235,152.42388043890745,-96.50952738202493,662.082837293543
standard,100,2880,512,-11.586014799347677,-2.3537685448592787,63.90816460567858,-67.36647517230952,-53.3543627102149,-31.317881615224003,14.492689859577698,67.39937656775166,210.46977570455766,-96.95920572973307,1030.1036308105733
standard,100,10080,512,-20.451737554692585,-1.738531736073483,121.57019481121274,-80.01903690203986,-69.45040916807002,-46.54323776655185,13.85035515989466,90.78314879991612,346.35077502231843,-97.63417103442063,2226.9121206558902
standard,500,5,512,4.689075105199205,13.961665113596123,51.35130674185868,-64.41167435075562,-51.40203784743105,-19.80580000903062,41.52827133881587,106.94892113654068,181.7764280608915,-96.86425416485723,313.64968723637236
standard,500,10,512,6.181422701182115,12.32686450248767,42.960511419819746,-56.84988070868539,-45.27618572494086,-16.205146735924163,35.297016913935835,89.14437377380524,140.4851236768432,-96.9496464600827,224.96164844170718
standard,500,15,512,5.523977844102777,12.142763009849055,40.08229558814582,-54.67315874496656,-41.14866865090871,-14.057686235599261,32.16008650500993,85.56183911720305,134.5485572094769,-97.0260195925682,207.2064474218304
standard,500,20,512,5.196351833882028,12.362163084501521,39.02539108002218,-52.15677416952973,-38.055735330562776,-12.476217608469504,32.27848838839045,79.64820658236329,140.2785123973736,-97.0936946831113,196.6427468784109
standard,500,25,512,6.079400734591844,12.690793545116778,38.70026500403027,-49.79946072754934,-35.93240019277959,-13.636442129304253,33.396578960990155,81.18329783514282,140.72328962417777,-97.1538623296225,196.83833109044778
standard,500,30,512,6.434105930081309,13.026944950339365,38.68860639449474,-48.376644472617166,-34.48338364296912,-14.398881155115681,33.07255867196255,80.06969121469355,133.96512183692815,-97.20771429936238,197.25006549585098
standard,500,60,512,5.614290450941249,14.250813784333655,39.62058357502954,-47.07880072072556,-34.899920203260024,-14.704807144300215,35.81531192541972,87.75443210969969,133.3584118174728,-97.44356261221364,201.52870747371196
standard,500,120,512,5.693886723977373,14.070754616456101,40.060127793940666,-47.439727297174024,-35.64580164502856,-15.141444327108905,37.285707958357605,85.21349185323179,132.38244333172509,-97.70693534602226,210.90651526493184
standard,500,180,512,6.117663772959859,12.932308004349018,39.68456321274078,-47.760568075990086,-37.79145357645923,-16.34007236239417,34.95849013716439,83.50454048251962,129.2024434217828,-97.86271854588595,218.76927461924925
standard,500,240,512,5.646989244102649,11.691917164514106,39.28530230965695,-48.438138074177026,-36.67872135329504,-18.05803426814203,33.05434603073583,82.23335844177306,124.76494540920832,-97.9711438851246,225.3108216503891
standard,500,360,512,4.442875348932727,9.494656963618217,38.962879769757144,-48.90040034142913,-38.48943589842549,-17.343279956640558,29.373522300842204,77.98829610564131,116.49116012141504,-98.11890344684376,248.49105301417327
standard,500,480,512,2.2517547373967592,7.748969676764522,39.26297595536099,-51.27191312140091,-40.0887506304204,-18.97025162352749,28.057551065541247,73.46334763573093,114.88379224756947,-98.21929730080156,304.7147944514148
standard,500,720,512,-0.2930200257903334,5.2377916910117746,41.02390788254874,-55.63387137823141,-43.24283805585139,-21.360110700613216,24.93164908029145,69.82478742059746,122.80271393545934,-98.35375510554448,403.2105732004975
standard,500,1440,512,-5.15697609120166,1.4178761159487543,49.19684753544511,-59.74473177543314,-48.58253628715959,-26.821856690128797,19.62316935012588,70.42472957179362,178.97527608059738,-98.56361578104091,639.4734688767273
standard,500,2880,512,-11.92525504074553,-1.106332427062986,65.28533197631678,-69.10615397672343,-54.99241298671082,-33.72991289870628,15.105789867561919,74.8362747114055,241.15992092315236,-98.74866547285893,996.5758722942963
standard,500,10080,512,-18.876675153409334,-0.8681646972566348,120.58901739095195,-80.69766098744209,-69.07133012976267,-46.1779187728971,15.101455541291433,98.46699106905034,356.34362735029293,-99.02642428036408,2157.8776130736155
