station_id,reference_key,source_sheet,source_row,station_code,station_name,latitude,longitude,n_bias_values,median_bias_pct,mean_bias_pct,std_bias_pct,max_abs_bias_pct,p95_abs_bias_pct,K,a,b,c,K_r,a_r,b_r,c_r
standard_row261,standard,Standard,261,1853000,Fazenda Taquari,-17.8111,-53.28889999,128,141.20622852241914,374.73549850565405,560.8442553732222,2403.6419549503917,2202.7500430020937,7964.394,0.228,21.612,1.351,943.5822143554688,0.2092873454093933,2.727005958557129,0.7691503763198853
standard_row258,standard,Standard,258,1654000,Rondonópolis,-16.4711,-54.6561,128,30.475063893899446,104.57501634803364,179.08486972437953,773.9213201391651,643.1537545250338,14615.726,0.207,39.234,1.331,1560.6866455078125,0.1706957370042801,17.966697692871094,0.8508358597755432
standard_row256,standard,Standard,256,1652001,Ponte Branca,-16.7664,-52.8372,128,65.08680955087047,99.55760544201192,103.70027655640506,569.1335603752033,332.83546527779106,10828.492,0.086,47.69,1.19,1037.47802734375,0.17465385794639587,4.947380065917969,0.7897071242332458
disaggregation_row62,disaggregation,Disaggregation,62,,,-17.8308,-54.31309999,128,64.04622853804986,92.65145219016311,95.5252868144008,521.1188773275501,307.19838592054515,5690.78,0.163,32.38,1.05,2044.4697265625,0.25006216764450073,0.3006170094013214,0.8952919244766235
standard_row260,standard,Standard,260,1753000,Alto Araguaia,-17.3,-53.2194,128,65.81809163489203,100.35740721973553,94.58488229399627,465.85512791775704,358.80237425655383,7339.183,0.121,37.977,1.161,1042.923828125,0.16360996663570404,2.9438507556915283,0.7904951572418213
standard_row252,standard,Standard,252,1454000,Paranatinga,-14.4178,-54.04939999,128,67.9628704781307,92.23541460751912,77.57245898363368,422.58102209247585,277.7947798095039,9895.483,0.124,46.84,1.174,1595.35986328125,0.1899460256099701,10.231026649475098,0.8415994048118591
standard_row257,standard,Standard,257,1653004,Alto Garças,-16.9442,-53.5336,128,21.438003656508762,57.57840735210645,95.92043292131807,387.54694302013905,344.6702218063467,6037.949,0.182,17.764,1.178,1041.01025390625,0.16140301525592804,2.1971800327301025,0.8141079545021057
standard_row248,standard,Standard,248,956000,Alta Floresta,-9.8703,-56.1022,128,130.88141600343025,134.57333262936407,60.8891309017372,358.96465994778475,242.47166670468198,4766.289,0.098,29.239,1.036,3888.23291015625,0.22853803634643555,24.596786499023438,0.9366915822029114
standard_row154,standard,Standard,154,1943002,Conceição do Mato Dentro (ANEEL),-19.0167,-43.4442,128,6.2621006104451,37.75714684867552,77.34695443510876,342.0123307748644,222.27302723696508,9459.772,0.23,34.548,1.221,2301.668701171875,0.15907706320285797,23.045703887939453,0.9013510942459106
standard_row399,standard,Standard,399,2951003,Bento Gonçalves,-29.15,-51.5167,128,68.13450371897424,98.63537855535529,87.52693105565017,326.3236813860945,316.0253722258029,704.7,0.1696,7.1,0.7278,2487.527099609375,0.1641341596841812,1.342369556427002,0.8780661225318909
standard_row27,standard,Standard,27,1739005,Itamaraju,-17.045,-39.5447,128,-8.588928811125136,26.96829897389404,92.73097511776551,318.4313185785532,318.3829878909612,4032.86,0.211,28.605,1.06,469.126220703125,0.2110234498977661,15.83702564239502,0.6715766191482544
disaggregation_row88,disaggregation,Disaggregation,88,,,-19.6967,-56.2828,128,59.97633210691329,75.92214018495359,57.02378355887617,317.7628413682597,197.42181494192326,6252.52,0.163,32.96,1.06,1454.85400390625,0.2448670119047165,5.8946452140808105,0.802245557308197
disaggregation_row98,disaggregation,Disaggregation,98,,,-20.3636,-51.4239,128,46.73419941739948,63.06544071754237,54.02669993037545,272.27388031469314,180.0511738055175,5294.07,0.143,32.7,1.06,1699.4512939453125,0.20085278153419495,2.375734329223633,0.8789082765579224
standard_row80,standard,Standard,80,1641010,Itinga,-16.61809999,-41.76749999,128,22.827621780300753,47.13801059147074,63.40845275441583,269.077588356467,241.26239778814377,6482.993,0.216,35.23,1.154,1163.81103515625,0.1984715610742569,7.605316162109375,0.8250823020935059
standard_row136,standard,Standard,136,1847041,UHE Emborcação Barrament (Araguari),-18.45189999,-47.9844,128,-18.58231560945594,19.363514522332252,77.86147801271856,268.0214642011698,256.25020932508545,6000.0,0.173,58.696,0.997,1705.19580078125,0.1657327115535736,1.0759778022766113,0.8732106685638428
disaggregation_row310,disaggregation,Disaggregation,310,,,-28.9583,-49.6014,128,88.05509019855268,108.55201622718846,68.0051891026347,263.632886017494,225.30486253951287,913.3,0.1756,29.4,0.7703,2618.98681640625,0.20241861045360565,15.140118598937988,0.8840456008911133
disaggregation_row25,disaggregation,Disaggregation,25,,,-6.25,-38.9167,128,81.84037978141038,89.83914102647793,64.82752722147107,257.10367189911636,213.35796947769862,413.33,0.0762,0.0,0.6567,1630.19970703125,0.22955913841724396,14.1178617477417,0.8688985109329224
standard_row259,standard,Standard,259,1657003,Cáceres (DNPVN),-16.0817,-57.6942,128,80.10551692055455,100.92738581332927,53.67675048052384,247.367488123267,197.11076324847565,5378.867,0.2151,93.244,1.0368,3845.719482421875,0.26902151107788086,33.305721282958984,0.9629811644554138
standard_row249,standard,Standard,249,956001,Jusante Foz Peixoto de Azevedo,-9.6433,-56.01859999,128,87.45776835047332,94.86250408580742,42.8980466403825,222.57043235710276,181.34144965983478,3407.41,0.163,19.952,1.029,3345.394775390625,0.19295115768909454,21.31430435180664,0.9201629757881165
disaggregation_row112,disaggregation,Disaggregation,112,,,-20.7644,-56.0931,128,35.46167804169902,50.31726157599971,45.80933479107056,220.24394871178222,154.13624080013759,6249.01,0.183,32.48,1.06,2352.045166015625,0.23149532079696655,22.102294921875,0.8605983257293701
standard_row28,standard,Standard,28,1740005,Medeiros Neto,-17.3722,-40.2258,128,-25.23379019114482,2.5476649428710374,64.50548234379585,220.14751959755407,209.35498656826422,6899.271,0.227,40.913,1.107,513.4883422851562,0.23396264016628265,10.863990783691406,0.7040454149246216
standard_row112,standard,Standard,112,1747002,Fazenda Buriti II (Faz. Angical),-17.41669999,-47.5167,128,42.092253325598485,54.6921044631964,41.04694017787584,213.2487909452451,150.2026421286156,10030.56,0.138,45.209,1.155,2292.6064453125,0.18366193771362305,12.484432220458984,0.9022473692893982
disaggregation_row69,disaggregation,Disaggregation,69,,,-18.0986,-54.54719999,128,7.367080883856922,24.760855732704037,56.473854677062455,212.3473874798949,207.93949193953813,6401.78,0.183,32.8,1.06,1856.8662109375,0.1858854740858078,0.32893285155296326,0.8914605379104614
disaggregation_row302,disaggregation,Disaggregation,302,,,-32.5381,-52.5386,128,30.336808606789553,37.741374795312986,60.19542554727768,210.38801695866178,138.65614428602666,1218.48,0.0768,9.3661,0.7271,19633.396484375,0.26344168186187744,109.66665649414062,1.1677324771881104
standard_row45,standard,Standard,45,1840020,São João da Cachoeira Grande,-18.5647,-40.3367,128,33.77708688748548,52.883767288114704,49.55833808726292,210.1012687745243,192.85835191962312,5829.147,0.192,33.421,1.089,1344.4107666015625,0.17920584976673126,3.4210076332092285,0.8064990639686584
disaggregation_row303,disaggregation,Disaggregation,303,,,-32.5381,-52.5386,128,31.069069026453455,38.06705011923092,59.77011058467657,208.94341866755218,137.79447059106315,1218.48,0.08,9.37,0.73,19633.396484375,0.26344168186187744,109.66665649414062,1.1677324771881104
disaggregation_row26,disaggregation,Disaggregation,26,,,-6.4,-38.85,128,64.62545013132784,71.24436886633636,54.67885317189516,208.76430859219045,170.94025535837912,438.86,0.0743,0.0,0.6567,1665.9591064453125,0.21040727198123932,14.117833137512207,0.8688982725143433
standard_row319,standard,Standard,319,-,Curitiba,-25.43333333,-49.26666667,128,14.289286179353915,24.712444868805218,51.841401214363344,200.1615992736858,123.71409326310793,5950.0,0.217,26.0,1.15,5559.216796875,0.11138355731964111,42.97759246826172,1.0153061151504517
standard_row68,standard,Standard,68,1543002,Colônia do Jaíba,-15.3411,-43.6753,128,4.732382935180119,22.78622467775365,48.792899937139445,194.24237787360315,162.37104681759078,6527.477,0.226,32.114,1.141,1000.1412963867188,0.2003398984670639,2.9934303760528564,0.8188679218292236
standard_row227,standard,Standard,227,2144018,Aiuruoca,-21.9772,-44.6033,128,22.488519555911225,36.77494189967213,42.497644151473786,193.32414053283267,155.48851940123413,8394.51,0.205,40.691,1.165,1934.46923828125,0.17407910525798798,10.64963150024414,0.8871259093284607
standard_row410,standard,Standard,410,-,Caxias do Sul,-29.16666667,-51.2,128,45.17122681541599,52.35666360778793,49.201926906853345,193.24798513949918,137.9265260575951,702.71,0.24,8.85,0.74,2526.979248046875,0.1546059548854828,6.01505184173584,0.8709874153137207
standard_row250,standard,Standard,250,1059000,Humboldt,-10.1753,-59.4517,128,49.91568326419283,49.747861059300554,60.395861460936494,189.21778291614098,142.21237736992276,470.837,0.112,4.347,0.58,5495.71826171875,0.23973269760608673,40.49723815917969,0.9987353086471558
standard_row102,standard,Standard,102,1744020,Montante Barra do Jequitaí,-17.0667,-44.79999999,128,5.225092588323275,21.16475989429148,48.64569423330937,180.2177855303097,145.32941686003502,11285.14,0.212,45.875,1.225,3869.642578125,0.18223120272159576,43.79561996459961,0.9950112700462341
standard_row283,standard,Standard,283,840013,Jutaí,-8.6333,-40.2333,128,21.00799478539342,25.17497510452946,55.55779523232602,172.0247002296515,121.22460591254669,395.531,0.133,1.34,0.565,4676.60498046875,0.2930990755558014,47.650550842285156,1.0237711668014526
standard_row81,standard,Standard,81,1642000,Araçuaí,-16.8667,-42.0667,128,-8.732506843258777,17.02658690711023,51.248171149075084,171.35302876919846,147.2351096540718,3450.0,0.225,58.409,0.947,1338.8568115234375,0.20417284965515137,5.429431438446045,0.8404014110565186
disaggregation_row315,disaggregation,Disaggregation,315,,,-10.2,-36.86666667,128,60.92703669997074,66.89702516182051,43.91747025536217,169.47543969566217,156.9361369881572,984.38,0.14,10.52,0.753,1882.34765625,0.2714747190475464,14.498388290405273,0.86082923412323
standard_row278,standard,Standard,278,835027,Glória do Goita,-8.0,-35.29999999,128,73.10868694504902,74.2921014000519,39.734676416863024,169.0364661320071,138.1937932160784,565.2,0.2333,17.0,0.7533,1367.4803466796875,0.28716838359832764,14.500842094421387,0.8608511686325073
disaggregation_row314,disaggregation,Disaggregation,314,,,-10.45,-36.65,128,77.80412035535191,79.05176835111466,39.03287694605961,165.9638648658234,154.93509930304583,893.6,0.149,10.52,0.753,2076.777099609375,0.2499266415834427,15.147960662841797,0.8614490628242493
standard_row237,standard,Standard,237,2245064,Delfim Moreira,-22.50969999,-45.2867,128,34.641344605844225,53.00571643707195,38.925955056437914,164.6401533616475,143.35796185937522,1005.939,0.158,16.605,0.824,1372.4366455078125,0.17502544820308685,5.201801776885986,0.8505090475082397
standard_row234,standard,Standard,234,2145033,Machado,-21.66669999,-45.91669999,128,16.659717776494702,27.488792641028695,43.80760811107464,163.58562400356178,126.01639006809108,3811.29,0.207,20.34,1.075,2064.5908203125,0.17256268858909607,20.897300720214844,0.9008018374443054
disaggregation_row312,disaggregation,Disaggregation,312,,,-9.7,-37.66666667,128,34.117882611986005,43.34057863693251,47.253686418626366,161.4884368046786,142.18850952525676,899.94,0.109,10.52,0.753,1197.9874267578125,0.2828627824783325,12.955493927001953,0.8554027676582336
disaggregation_row311,disaggregation,Disaggregation,311,,,-9.91666667,-37.26666667,128,39.22418204721617,47.70841489426075,45.488285585151104,158.96963470148324,142.4323771463722,873.7,0.125,10.52,0.753,1268.6158447265625,0.285828560590744,13.360265731811523,0.8555929660797119
disaggregation_row404,disaggregation,Disaggregation,404,,,-24.93333333,-47.95,128,23.04596462679382,28.42339250439494,62.983635363509514,158.6459434625966,127.80587955971222,909.3,0.2864,80.9,0.6971,8562.5966796875,0.21376413106918335,57.45015335083008,1.0512272119522095
standard_row502,standard,Standard,502,2347020,Fazenda Pinhal,-23.26666667,-47.11666667,128,45.771380419538815,39.934094944712015,54.61151317442602,157.76453207510448,119.64654247153612,516.072,0.104,5.004,0.632,10012.13671875,0.2010895311832428,50.35707092285156,1.1182754039764404
disaggregation_row34,disaggregation,Disaggregation,34,,,-18.9856,-40.7461,128,-10.459570942835501,12.221151230238581,47.80645271501872,157.44226950836256,141.39703774687118,3267.4,0.1649,52.2,0.9207,1218.066650390625,0.15050700306892395,3.994204044342041,0.811866819858551
standard_row254,standard,Standard,254,1556009,Cuiabá,-15.6067,-56.06029999,128,-3.9745572801826627,4.789450663200592,37.407098009390694,153.18374201160904,69.67622194294707,1382.435,0.3002,27.7109,0.9315,982.3318481445312,0.12182091921567917,16.046751022338867,0.780393660068512
disaggregation_row114,disaggregation,Disaggregation,114,,,-20.8006,-52.3883,128,-3.3492248728072322,13.762412896045621,40.28627171501872,152.88593687540398,129.38844516419755,5518.75,0.163,32.76,1.06,1127.2708740234375,0.18280544877052307,13.25243854522705,0.8006628751754761
disaggregation_row99,disaggregation,Disaggregation,99,,,-20.0683,-51.1036,128,25.36886707023009,36.746557539023385,39.21693120461965,150.4871907736483,143.47505280738267,5921.58,0.173,33.07,1.06,1774.663818359375,0.17876476049423218,2.7935588359832764,0.8622169494628906
disaggregation_row153,disaggregation,Disaggregation,153,,,-22.4833,-44.4453,128,40.712121464284735,45.799918412678466,39.011795520800966,150.08415801012336,110.6819209087594,1020.1,0.1598,13.1,0.7734,1952.502685546875,0.21794407069683075,9.121169090270996,0.8813864588737488
disaggregation_row21,disaggregation,Disaggregation,21,,,-3.9,-38.6667,128,35.28581271217499,38.6280245239702,31.19347100045385,149.96703798947024,94.07273860559467,3000.3,0.137,26.1,0.9097,1708.4798583984375,0.24560928344726562,10.327884674072266,0.8508434295654297
disaggregation_row28,disaggregation,Disaggregation,28,,,-6.6,-39.06666667,128,42.71103893043146,44.77401567000558,42.56017936757619,147.94669405613263,117.89113756610006,498.58,0.0705,0.0,0.6566,1746.463134765625,0.1855425238609314,14.448246002197266,0.8697773814201355
standard_row327,standard,Standard,327,-,UHE Tibagi Montante Jusante,-24.5,-50.4,128,85.28175790947711,82.54729181890198,30.274829846229906,146.93992795403085,125.90867416831935,1592.58,0.136,11.0,0.882,7729.79833984375,0.18523992598056793,32.433502197265625,1.0507198572158813
disaggregation_row81,disaggregation,Disaggregation,81,,,-19.9533,-54.8786,128,14.257862985556157,27.42906459902259,35.480236090083,146.81714348587795,126.44585798972766,5418.41,0.163,32.36,1.05,1218.97509765625,0.18049356341362,5.8966546058654785,0.8022693395614624
disaggregation_row104,disaggregation,Disaggregation,104,,,-20.6769,-53.5714,128,2.505133434981281,17.05852789946314,36.2798128580391,145.89331902830085,115.3516259401174,5475.24,0.173,32.57,1.05,1354.4234619140625,0.1999383270740509,15.163713455200195,0.8192612528800964
disaggregation_row77,disaggregation,Disaggregation,77,,,-19.5536,-52.1664,128,8.12325699916428,20.05107436604589,34.296444208533494,145.2137816919456,109.00075217381897,5834.67,0.163,32.63,1.05,1175.4896240234375,0.19545981287956238,6.474230766296387,0.8010943531990051
standard_row414,standard,Standard,414,-,Passo Fundo,-28.26666667,-52.41666667,128,65.54232407886664,68.88424866101116,27.849986463053405,143.60852208724538,116.6770141706814,670.74,0.21,7.9,0.74,1610.8018798828125,0.17339688539505005,5.258862495422363,0.7957806587219238
standard_row135,standard,Standard,135,1847014,Coromandel,-18.46669999,-47.2,128,-6.773600825872423,10.264293651744497,38.08169097503517,140.76724724435186,117.05495122798581,2587.15,0.166,26.069,0.927,1392.9039306640625,0.14279763400554657,2.1541004180908203,0.8494536876678467
disaggregation_row379,disaggregation,Disaggregation,379,,,-23.25,-45.6833,128,24.9026519759837,40.049056711980626,34.54974731855357,140.50284691429565,132.21988807949424,2569.9,0.172,33.4,0.9376,1542.438720703125,0.1791159063577652,6.583115100860596,0.8477388024330139
disaggregation_row218,disaggregation,Disaggregation,218,,,-6.15,-35.4333,128,68.89033592897732,69.56312507359891,33.90389430117934,139.9650809631437,128.60329741738346,538.014,0.197,9.778,0.741,1371.48974609375,0.27311673760414124,14.500917434692383,0.8608518242835999
standard_row251,standard,Standard,251,1157000,Porto dos Gaúchos,-11.5358,-57.4172,128,68.46783924195151,68.52943704857172,29.84776191203779,139.92986692736548,124.55614423585087,5979.295,0.131,48.214,1.022,7677.84814453125,0.23109285533428192,44.091583251953125,1.0423678159713745
disaggregation_row2,disaggregation,Disaggregation,2,,,-7.6111,-72.6811,128,68.13573206440897,65.8347815058878,38.20600639615608,138.83304029261225,124.08136816170634,1019.1,0.1471,12.4,0.7615,3301.968505859375,0.2154870331287384,18.796215057373047,0.9235436320304871
disaggregation_row35,disaggregation,Disaggregation,35,,,-18.9817,-39.9933,128,3.31073499614301,20.08481939476308,39.015947832911195,138.55981133177207,131.2800705198543,3091.8,0.1607,38.5,0.924,1235.2432861328125,0.1669921725988388,3.6642394065856934,0.805018424987793
standard_row279,standard,Standard,279,836004,Belo Jardim,-8.33333,-36.45,128,27.89494239577419,29.64423880360193,36.777194023771585,137.35801084596542,92.89279586577496,2178.87,0.123,22.834,0.875,1328.4400634765625,0.28485482931137085,14.501096725463867,0.8608534336090088
disaggregation_row289,disaggregation,Disaggregation,289,,,-11.6836,-61.1922,128,44.92753437467229,47.98674679021781,40.99388386390634,137.076288668067,122.86734987339716,867.613,0.183,13.868,0.714,2384.4619140625,0.2897605299949646,21.9288330078125,0.8903408646583557
standard_row403,standard,Standard,403,3051020,Porto Alegre (Salgado Filho),-30.0,-51.1833,128,85.78834067778926,88.41410757192679,27.033339799127507,136.94714574833338,129.49851033807303,826.806,0.143,13.326,0.793,2196.0498046875,0.13537947833538055,11.548555374145508,0.8606334924697876
disaggregation_row30,disaggregation,Disaggregation,30,,,-6.3667,-39.3,128,36.02159457431656,38.10848412326421,40.67588191679313,136.84500475628417,108.1600239958709,490.95,0.071,0.0,0.6567,1636.536865234375,0.18658608198165894,14.448380470275879,0.869778573513031
standard_row76,standard,Standard,76,1546008,Arinos (INMET),-15.9153,-46.1072,128,1.3209216737954204,21.97028368097763,42.48753771361457,134.311909917001,104.8798215067891,3500.0,0.166,41.086,0.942,3172.724609375,0.19619368016719818,13.808040618896484,0.9700239896774292
standard_row448,standard,Standard,448,2244015,Campos de Cunha,-22.91666667,-44.8167,128,52.90020504413677,56.31242799056817,21.619521392975226,134.00678218747055,98.83203830339204,1999.897,0.138,13.449,0.925,1525.19970703125,0.18447427451610565,4.002968788146973,0.8482400178909302
disaggregation_row282,disaggregation,Disaggregation,282,,,-10.5169,-62.00139999,128,35.90689036543679,39.102688182579676,37.32674019608963,133.27925773278372,107.02883402131516,1223.7,0.1361,12.7,0.7775,4535.5810546875,0.2611050605773926,42.75963592529297,0.9898045063018799
standard_row491,standard,Standard,491,2346068,Recalque ABC,-23.75,-46.5333,128,55.46688117520053,56.32720780986664,32.26648998200928,132.99685629753398,113.00621578321108,1535.589,0.127,17.996,0.843,5244.18359375,0.2223571389913559,40.91737365722656,1.0093915462493896
disaggregation_row120,disaggregation,Disaggregation,120,,,-21.6889,-57.3597,128,20.850936295394234,33.826219825683914,32.84872377497308,130.74791642898256,126.19832141546962,6568.71,0.203,32.86,1.06,3142.78173828125,0.20704299211502075,24.918537139892578,0.8921826481819153
standard_row398,standard,Standard,398,2950061,Morungava,-29.8508,-50.91029999,128,51.42612999017332,59.10679364461872,32.87106991356646,130.61249808700987,115.47355836780609,1138.7,0.1776,18.4,0.8037,2600.45654296875,0.15949200093746185,12.408121109008789,0.8791001439094543
standard_row537,standard,Standard,537,-,Andradina,-20.87055556,-51.35388889,128,0.18899208925785105,13.469989458679168,32.68864310369616,129.95979167224576,83.87500603096633,1844.723,0.126,25.0,0.829,1170.228271484375,0.17986918985843658,5.10427188873291,0.8069769144058228
disaggregation_row68,disaggregation,Disaggregation,68,,,-18.5472,-53.1353,128,-9.11822228697227,4.972448039640465,38.0802792565715,129.85574684115883,123.1338037320436,5701.19,0.173,32.7,1.06,827.3921508789062,0.17902609705924988,4.909572124481201,0.764726459980011
disaggregation_row107,disaggregation,Disaggregation,107,,,-20.1022,-54.4347,128,3.3397551224824893,15.059811589279278,32.248394537850814,129.7763410044306,105.7851275237627,5249.12,0.213,32.51,1.05,1354.756591796875,0.18831965327262878,9.222376823425293,0.8112530708312988
standard_row44,standard,Standard,44,1840019,Córrego da Boa Esperança,-18.7006,-40.4419,128,5.244189867101018,14.723233950941726,33.95084025037388,129.58197833462674,91.7726097814497,4350.786,0.202,40.254,1.003,1253.55859375,0.16168437898159027,3.417752981185913,0.8075334429740906
standard_row4,standard,Standard,4,-,Manaus,-3.13333333,-60.01666667,128,15.719439536109842,19.235704506675425,44.20385814810398,128.62881191815046,90.29497594741248,1387.98,0.1,12.0,0.78,25965.560546875,0.21227268874645233,142.6098175048828,1.1960078477859497
standard_row99,standard,Standard,99,1742008,Carbonita,-17.5794,-42.99499999,128,4.829962097393047,11.924099193450107,28.470144189506545,127.64289180933088,77.17574897422521,1542.323,0.208,16.364,0.878,1152.642333984375,0.14685210585594177,1.6108356714248657,0.8111111521720886
standard_row321,standard,Standard,321,-,Guarapuava,-25.36472222,-51.51361111,128,55.66978036472308,54.5079644196189,40.319145685497105,127.55666186322173,112.27018727580537,1039.68,0.171,10.0,0.799,15828.8291015625,0.20672860741615295,77.00112915039062,1.138044834136963
standard_row143,standard,Standard,143,1941005,Barra do Cuieté - Jusante,-19.06169999,-41.5328,128,27.111886931220816,35.882377932705225,31.1214625745039,126.85381620883717,99.39298142735534,5400.428,0.17,47.595,1.041,1327.017822265625,0.20359835028648376,9.222265243530273,0.8229851722717285
standard_row92,standard,Standard,92,1646003,Santo Antonio do Boqueirão,-16.52969999,-46.7211,128,94.29474710243952,95.07155333814913,14.92140399381047,126.34625712633168,119.35551666879392,1433.047,0.221,16.329,0.963,4179.05859375,0.18199189007282257,22.19153594970703,1.0004816055297852
disaggregation_row219,disaggregation,Disaggregation,219,,,-6.2667,-35.5,128,62.71419088633519,62.00013338206312,31.360430431739992,125.64227795235122,114.95864552309521,551.223,0.203,9.778,0.741,1371.48974609375,0.27311673760414124,14.500917434692383,0.8608518242835999
disaggregation_row221,disaggregation,Disaggregation,221,,,-6.4,-35.6,128,66.8864930136521,64.99012656362211,30.62555336748453,124.94705646486304,114.29634114181893,526.109,0.211,9.778,0.741,1371.48974609375,0.27311673760414124,14.500917434692383,0.8608518242835999
disaggregation_row32,disaggregation,Disaggregation,32,,,-6.77897222,-39.29522222,128,36.195058024530795,36.86648369391802,37.386166733518465,123.95430719173007,97.1384893829855,457.58,0.0719,0.0,0.6573,1642.6619873046875,0.168391615152359,15.016633987426758,0.8714619874954224
standard_row69,standard,Standard,69,1543013,Janaúba,-15.7756,-43.27969999,128,-9.971604447069376,-0.19876434444016544,33.72190191751429,123.89119328853795,71.13571066731785,4323.837,0.224,45.869,1.03,1010.4324951171875,0.15747857093811035,3.415837049484253,0.8174521923065186
standard_row132,standard,Standard,132,1846018,Patos de Minas,-18.6,-46.5167,128,6.273223613765755,19.697704867666417,31.57457603358916,123.85170984712131,94.3233873379708,2837.142,0.208,29.438,0.943,1887.065673828125,0.17632539570331573,6.074585437774658,0.8740910291671753
disaggregation_row79,disaggregation,Disaggregation,79,,,-19.7847,-53.9639,128,-4.646268118494902,7.368125487084818,32.44690999867643,123.8189797110364,98.86421197805774,5471.1,0.183,32.67,1.06,1238.59619140625,0.156539186835289,9.246437072753906,0.8097564578056335
standard_row36,standard,Standard,36,83557,Boa Esperança,-18.51666667,-40.31666667,128,-1.0443406542623757,9.884855091751076,39.9345656650747,123.59837069080221,85.05738968957083,596.38,0.23,8.534,0.67,1344.4107666015625,0.17920584976673126,3.4210076332092285,0.8064990639686584
disaggregation_row380,disaggregation,Disaggregation,380,,,-23.2833,-45.5333,128,12.328057154961412,26.91926330474696,38.646255088587594,123.08040288002096,116.08823487009576,883.1,0.1644,13.9,0.7703,1367.1348876953125,0.1708657443523407,4.8493266105651855,0.8476383090019226
standard_row288,standard,Standard,288,442004,Campo Maior,-4.8167,-42.1833,128,25.065928265476316,30.350108094326213,27.453578008509606,122.84900543834743,82.86025464847285,1738.6,0.1363,22.3,0.838,1549.2652587890625,0.21739080548286438,11.214983940124512,0.8465719223022461
standard_row420,standard,Standard,420,2649020,Blumenau,-26.91666667,-49.05,128,20.91467421011114,32.640782880348745,27.366769510039216,119.43971070864258,107.54810521705552,6649.15,0.21,43.0,1.1,3531.921630859375,0.19754056632518768,33.32818603515625,0.9453481435775757
disaggregation_row101,disaggregation,Disaggregation,101,,,-20.1019,-52.9258,128,-13.314055177193094,-3.222264708328041,31.61798392409988,118.47499447798872,78.30649877868662,5496.57,0.193,32.85,1.06,1105.2506103515625,0.1474672555923462,8.492426872253418,0.7980931997299194
disaggregation_row296,disaggregation,Disaggregation,296,,,-29.82,-51.1611,128,33.987946498016925,47.04773121137487,31.02043103896989,117.92094704367771,112.05380576430751,1685.6,0.1594,23.3,0.838,2603.15625,0.15329915285110474,11.556527137756348,0.8738589882850647
standard_row83,standard,Standard,83,1642029,UHE Irapé Rio Itacambiruçu,-16.5925,-42.9164,128,12.907156628890341,24.530245868471066,32.025196181319615,117.52193483181492,115.10342864523453,5618.979,0.199,37.915,1.074,1261.4376220703125,0.20126989483833313,6.720371246337891,0.8295471668243408
disaggregation_row125,disaggregation,Disaggregation,125,,,-22.0142,-57.0322,128,12.408728383516037,24.08376498649813,28.568090203848428,117.13982896203832,96.22011478487654,6395.67,0.203,32.61,1.05,2849.513671875,0.2235739827156067,24.91872787475586,0.8921840190887451
standard_row476,standard,Standard,476,2346003,Vinhedo,-23.0333,-46.9667,128,52.71706635373251,46.65638948610149,37.92284867859615,117.13924077875663,98.79874752491229,572.5,0.2378,8.0,0.7577,8033.58349609375,0.18539346754550934,44.526668548583984,1.0811619758605957
disaggregation_row91,disaggregation,Disaggregation,91,,,-19.3592,-56.4092,128,6.897495827170126,16.772933619234053,30.065761431377457,116.91922516724418,88.84226789581358,6002.67,0.213,32.84,1.06,1554.2315673828125,0.1819642037153244,5.530942440032959,0.8274089097976685
disaggregation_row82,disaggregation,Disaggregation,82,,,-19.4397,-54.9833,128,-2.4942045716241426,8.733511995241244,31.907786814824505,116.63316917512417,99.89290148845976,6018.5,0.213,32.81,1.06,1223.2691650390625,0.1950082778930664,5.8966450691223145,0.8022692203521729
disaggregation_row27,disaggregation,Disaggregation,27,,,-6.1167,-39.45,128,36.93514808107633,36.32599803995409,35.704105169583556,115.84847802704344,91.16606204724307,407.99,0.0765,0.0,0.6567,1502.483154296875,0.16111554205417633,14.448298454284668,0.8697778582572937
disaggregation_row3,disaggregation,Disaggregation,3,,,-8.93527778,-72.785,128,42.35016490796784,39.227144039992915,40.72124874224863,115.82522846809911,102.35818402705712,668.49,0.2501,9.19,0.7062,3087.90576171875,0.1894587129354477,12.93111801147461,0.8980020880699158
