reference_key,source_sheet,source_row,station_code,station_name,latitude_xlsx,longitude_xlsx,lat_key,lon_key,K_r_sampled,a_r_sampled,b_r_sampled,c_r_sampled,latitude_metric,longitude_metric,K,a,b,c,K_r_metric,a_r_metric,b_r_metric,c_r_metric,K_r_abs_diff_sampled_minus_metric,K_r_rel_diff_pct_sampled_minus_metric,a_r_abs_diff_sampled_minus_metric,a_r_rel_diff_pct_sampled_minus_metric,b_r_abs_diff_sampled_minus_metric,b_r_rel_diff_pct_sampled_minus_metric,c_r_abs_diff_sampled_minus_metric,c_r_rel_diff_pct_sampled_minus_metric,max_abs_rel_diff_pct_sampled_vs_metric
standard,Standard,279,836004,Belo Jardim,-8.33333,-36.45,-8.33333,-36.45,1328.4400634765625,0.28485482931137085,14.501096725463867,0.8608534336090088,-8.33333,-36.45,2178.87,0.123,22.834,0.875,471.30078,0.22592442,1.8278829e-13,0.7945198,857.1392834765625,181.86672287632592,0.05893040931137086,26.084125528073002,14.501096725463684,7933274459465476.0,0.06633363360900879,8.34889622750859,7933274459465476.0
standard,Standard,277,835007,Bezerros,-8.2333,-35.75,-8.2333,-35.75,1367.4803466796875,0.28716838359832764,14.500842094421387,0.8608511686325073,-8.2333,-35.75,768.7,0.24,9.0,0.824,482.4767,0.25528216,2.1853432e-13,0.7890319,885.0036466796876,183.42930273724878,0.031886223598327657,12.490580461371708,14.500842094421168,6635498760295942.0,0.07181926863250732,9.102200891054888,6635498760295942.0
standard,Standard,26,1541001,Cândido Sales,-15.505,-41.2292,-15.505,-41.2292,5492.10595703125,0.16462136805057526,94.01820373535156,1.0318903923034668,-15.505,-41.2292,2828.391,0.204,34.463,0.956,268.39413,0.15259802,3.2164679e-12,0.641475,5223.71182703125,1946.2839321527822,0.012023348050575255,7.879098333369762,94.01820373534835,2923026333803870.5,0.3904153923034668,60.86213684141499,2923026333803870.5
standard,Standard,33,639034,Várzea Alegre,-6.8,-39.3,-6.8,-39.3,1642.6619873046875,0.168391615152359,15.016633987426758,0.8714619874954224,-6.8,-39.3,2977.1,0.1711,36.0,0.9059,605.84656,0.20284997,5.106993e-12,0.7441101,1036.8154273046875,171.1349862751862,-0.03445835484764098,-16.98711360304415,15.01663398742165,294040622092523.94,0.12735188749542237,17.114656486375118,294040622092523.94
standard,Standard,271,82899,Aeroporto de Recife,-8.11333,-35.01528,-8.11333,-35.01528,1218.466552734375,0.25577104091644287,14.502005577087402,0.8608615398406982,-8.11333,-35.01528,1423.97,0.1124,21.0,0.7721,822.6625,0.19995299,5.507732e-12,0.7685833,395.804052734375,48.11256775826964,0.055818050916442874,27.915587016949775,14.502005577081894,263302672989206.7,0.09227823984069827,12.006276982689876,263302672989206.7
standard,Standard,7,940024,Juazeiro,-9.4053,-40.5036,-9.4053,-40.5036,2174.059326171875,0.27414238452911377,21.71158790588379,0.9391328692436218,-9.4053,-40.5036,1519.0,0.188,9.3,0.8795,1013.8819,0.21168493,9.870191e-12,0.879096,1160.1774261718751,114.42924724979065,0.062457454529113776,29.504913046532774,21.71158790587392,219971304566182.38,0.06003686924362184,6.8293871481182755,219971304566182.38
standard,Standard,8,940024,Juazeiro,-9.4053,-40.5036,-9.4053,-40.5036,2174.059326171875,0.27414238452911377,21.71158790588379,0.9391328692436218,-9.4053,-40.5036,1519.0,0.188,9.3,0.8795,1013.8819,0.21168493,9.870191e-12,0.879096,1160.1774261718751,114.42924724979065,0.062457454529113776,29.504913046532774,21.71158790587392,219971304566182.38,0.06003686924362184,6.8293871481182755,219971304566182.38
standard,Standard,281,837011,Custódia,-8.1,-37.65,-8.1,-37.65,1329.3912353515625,0.22459863126277924,13.360357284545898,0.8555938005447388,-8.1,-37.65,3112.238,0.122,26.796,0.935,491.1319,0.16473724,1.9293053e-11,0.80306053,838.2593353515625,170.6790651048247,0.05986139126277923,36.337497983321335,13.360357284526605,69249575401708.61,0.052533270544738775,6.541632739033853,69249575401708.61
standard,Standard,270,-,São Gonçalo,-6.76666667,-38.23333333,-6.76667,-38.23333,1386.638427734375,0.2015373408794403,13.38701343536377,0.861144483089447,-6.76666667,-38.23333333,3077.38,0.14,30.0,0.93,604.1867,0.16773574,2.2244248e-11,0.74783224,782.451727734375,129.50495728131304,0.03380160087944031,20.151698665675134,13.387013435341526,60181910556569.62,0.11331224308944698,15.152093882639639,60181910556569.62
standard,Standard,414,-,Passo Fundo,-28.26666667,-52.41666667,-28.26667,-52.41667,1610.8018798828125,0.17339688539505005,5.258862495422363,0.7957806587219238,-28.26666667,-52.41666667,670.74,0.21,7.9,0.74,1143.9353,0.16823173,9.844828e-12,0.82287276,466.8665798828124,40.81232390352954,0.005165155395050053,3.0702623072651356,5.258862495412519,53417515221317.414,-0.027092101278076153,-3.2923803770191826,53417515221317.414
standard,Standard,68,1543002,Colônia do Jaíba,-15.3411,-43.6753,-15.3411,-43.6753,1000.1412963867188,0.2003398984670639,2.9934303760528564,0.8188679218292236,-15.3411,-43.6753,6527.477,0.226,32.114,1.141,622.4194,0.21216212,6.808448e-12,0.7975381,377.72189638671875,60.68607379312385,-0.011822221532936106,-5.572258390393207,2.993430376046048,43966413139177.21,0.021329821829223605,2.674458038960597,43966413139177.21
standard,Standard,285,-,Nazaré,-7.73333333,-35.25,-7.73333,-35.25,1328.4400634765625,0.28485482931137085,14.501096725463867,0.8608534336090088,-7.73333333,-35.25,421.19,0.23,4.0,0.68,655.02905,0.21248762,5.885981e-11,0.7833111,673.4110134765625,102.80628217581534,0.07236720931137086,34.05714145199182,14.501096725405008,24636669274679.97,0.07754233360900875,9.899302283474439,24636669274679.97
standard,Standard,272,735086,Vertentes,-7.9167,-35.9833,-7.9167,-35.9833,1277.3292236328125,0.30241501331329346,14.50129508972168,0.860855221748352,-7.9167,-35.9833,2282.3,0.17,17.913,0.909,485.19516,0.19251274,1.1310713e-10,0.7876377,792.1340636328125,163.2609162121099,0.10990227331329347,57.088311824606244,14.501295089608572,12820849657849.662,0.07321752174835205,9.295837635546402,12820849657849.662
standard,Standard,273,737037,Tabira,-7.5833,-37.55,-7.5833,-37.55,1470.56884765625,0.19403807818889618,13.356571197509766,0.8555589318275452,-7.5833,-37.55,599.973,0.103,7.628,0.632,571.20087,0.15678747,1.2267817e-10,0.79421085,899.36797765625,157.45213722385438,0.03725060818889617,23.75866399840253,13.356571197387087,10887488130436.805,0.06134808182754514,7.724407419962236,10887488130436.805
standard,Standard,274,738030,Serra Talhada,-7.98333,-38.3,-7.98333,-38.3,1467.1331787109375,0.20831164717674255,15.213725090026855,0.8612566590309143,-7.98333,-38.3,764.167,0.76,12.879,0.66,645.1832,0.18494639,1.6860842e-10,0.8093805,821.9499787109374,127.39792026682304,0.023365257176742565,12.633529736234681,15.213725089858247,9023111117379.693,0.05187615903091436,6.409366056003864,9023111117379.693
standard,Standard,278,835027,Glória do Goita,-8.0,-35.29999999,-8.0,-35.3,1367.4803466796875,0.28716838359832764,14.500842094421387,0.8608511686325073,-8.0,-35.29999999,565.2,0.2333,17.0,0.7533,567.54297,0.21880357,1.6927271e-10,0.78568304,799.9373766796875,140.94745578113452,0.06836481359832763,31.24483462419175,14.500842094252114,8566556354094.002,0.07516812863250733,9.56723319781821,8566556354094.002
standard,Standard,282,839017,Salgueiro,-8.0667,-39.1167,-8.0667,-39.1167,1435.4581298828125,0.22610406577587128,16.400192260742188,0.8660032153129578,-8.0667,-39.1167,1719.692,0.11,16.676,0.795,745.0934,0.17055678,3.7551073e-10,0.82012177,690.3647298828125,92.65479064541607,0.055547285775871286,32.56820735937398,16.400192260366676,4367436387334.837,0.04588144531295779,5.594467430483864,4367436387334.837
standard,Standard,254,1556009,Cuiabá,-15.6067,-56.06029999,-15.6067,-56.0603,982.3318481445312,0.12182091921567917,16.046751022338867,0.780393660068512,-15.6067,-56.06029999,1382.435,0.3002,27.7109,0.9315,310.86172,0.14639068,1.275557e-09,0.7146551,671.4701281445313,216.00283500475106,-0.024569760784320827,-16.783691956565015,16.04675102106331,1258019125845.6748,0.06573856006851198,9.198641424165585,1258019125845.6748
standard,Standard,253,1556003,Várzea Grande,-15.6,-56.1,-15.6,-56.1,982.3318481445312,0.12182091921567917,16.046751022338867,0.780393660068512,-15.6,-56.1,1016.453,0.133,7.5,0.739,293.6335,0.14530733,1.8155488e-09,0.70253026,688.6983481445312,234.54352045816677,-0.023486410784320844,-16.16326635712104,16.046751020523317,883851264175.5107,0.077863400068512,11.083280607516038,883851264175.5107
standard,Standard,262,-,Cuiabá,-15.55,-56.11666667,-15.55,-56.11667,983.9317626953125,0.17770706117153168,16.005949020385742,0.7853977680206299,-15.55,-56.11666667,2350.99,0.2,19.0,0.9,270.51483,0.1359259,4.577579e-09,0.68430316,713.4169326953124,263.72562742505187,0.04178116117153169,30.738189831026826,16.005949015808163,349659700374.5465,0.10109460802062986,14.773365655746769,349659700374.5465
standard,Standard,67,1541010,Itamarati,-15.5808,-41.4086,-15.5808,-41.4086,5001.54150390625,0.1486530750989914,92.286865234375,1.0240110158920288,-15.5808,-41.4086,2210.5,0.153,33.4,0.8938,264.96945,0.17652293,5.5040193e-08,0.63921875,4736.57205390625,1787.5917596939007,-0.0278698549010086,-15.788234934129294,92.28686517933481,167671768845.9683,0.38479226589202886,60.19727454678526,167671768845.9683
standard,Standard,276,740024,Serrolândia,-7.4167,-40.1833,-7.4167,-40.1833,1658.3260498046875,0.21276743710041046,20.404897689819336,0.8896556496620178,-7.4167,-40.1833,947.444,0.116,11.767,0.749,250.02295,0.19115928,1.11222036e-07,0.66780734,1408.3030998046875,563.2695317788576,0.021608157100410474,11.303744762174496,20.4048975785973,18346092476.31225,0.22184830966201785,33.22040600242847,18346092476.31225
standard,Standard,257,1653004,Alto Garças,-16.9442,-53.5336,-16.9442,-53.5336,1041.01025390625,0.16140301525592804,2.1971800327301025,0.8141079545021057,-16.9442,-53.5336,6037.949,0.182,17.764,1.178,811.0683,0.17465477,2.6815194e-08,0.82453096,229.94195390624998,28.350504378761933,-0.013251754744071947,-7.587399270041091,2.1971800059149085,8193787469.577539,-0.010423005497894322,-1.264113296351458,8193787469.577539
standard,Standard,411,-,Cruz Alta,-28.63333333,-53.61666667,-28.63333,-53.61667,2155.6337890625,0.15360529720783234,21.676483154296875,0.8453637361526489,-28.63333333,-53.61666667,863.25,0.14,3.6,0.7,931.684,0.15841062,2.8775688e-07,0.7839449,1223.9497890625,131.36962629630864,-0.0048053227921676656,-3.0334599991892373,21.676482866539995,7532915587.123406,0.06141883615264898,7.834585843041901,7532915587.123406
standard,Standard,69,1543013,Janaúba,-15.7756,-43.27969999,-15.7756,-43.2797,1010.4324951171875,0.15747857093811035,3.415837049484253,0.8174521923065186,-15.7756,-43.27969999,4323.837,0.224,45.869,1.03,627.7031,0.19803333,1.0959872e-07,0.7950173,382.72939511718755,60.972997443725795,-0.040554759061889656,-20.47875428943686,3.415836939885533,3116675942.826278,0.022434892306518517,2.8219376240640948,3116675942.826278
standard,Standard,258,1654000,Rondonópolis,-16.4711,-54.6561,-16.4711,-54.6561,1560.6866455078125,0.1706957370042801,17.966697692871094,0.8508358597755432,-16.4711,-54.6561,14615.726,0.207,39.234,1.331,420.76794,0.18194811,1.8235193e-06,0.73818904,1139.9187055078125,270.91386893873437,-0.011252372995719906,-6.184385754663737,17.966695869351796,985275882.1555547,0.11264681977554325,15.259887870394724,985275882.1555547
standard,Standard,417,-,Santa Maria,-29.68333333,-53.81666667,-29.68333,-53.81667,1637.68701171875,0.17371581494808197,9.942747116088867,0.8160983920097351,-29.68333333,-53.81666667,870.38,0.24,15.2,0.73,825.701,0.14438269,0.026205398,0.761925,811.98601171875,98.33898853443921,0.029333124948081962,20.316233856068177,9.916541718088867,37841.59934563431,0.054173392009735144,7.110068840074174,37841.59934563431
standard,Standard,60,1442025,Espinosa,-14.9333,-42.8167,-14.9333,-42.8167,1017.0270385742188,0.1863185614347458,4.7641401290893555,0.8195157051086426,-14.9333,-42.8167,679.357,0.188,8.715,0.731,551.00757,0.18069668,0.030235985,0.7855065,466.01946857421876,84.5758740799548,0.00562188143474579,3.11122563776257,4.7339041440893554,15656.523655800715,0.03400920510864258,4.329589266115886,15656.523655800715
standard,Standard,56,-,Barra do Corda,-5.5,-45.26666667,-5.5,-45.26667,2027.5794677734375,0.21321257948875427,11.044638633728027,0.8679878115653992,-5.5,-45.26666667,1530.67,0.2,17.0,0.83,899.93585,0.16886157,0.27640793,0.82451075,1127.6436177734377,125.30266660378489,0.044351009488754284,26.264714635043536,10.768230703728028,3895.774880166436,0.04347706156539921,5.273073949053934,3895.774880166436
standard,Standard,283,840013,Jutaí,-8.6333,-40.2333,-8.6333,-40.2333,4676.60498046875,0.2930990755558014,47.650550842285156,1.0237711668014526,-8.6333,-40.2333,395.531,0.133,1.34,0.565,1024.4584,0.19395019,1.316376,0.8758795,3652.14658046875,356.495352126426,0.0991488855558014,51.120798363642436,46.33417484228516,3519.8282893554087,0.1478916668014526,16.88493300750304,3519.8282893554087
standard,Standard,331,83695,Itaperuna,-21.2,-41.9,-21.2,-41.9,70149.1015625,0.17299845814704895,169.22134399414062,1.3695427179336548,-21.2,-41.9,4999.882,0.196,34.462,0.986,2333.011,0.15357794,43.382298,0.94344026,67816.0905625,2906.8054356580406,0.019420518147048954,12.645382629203747,125.83904599414063,290.07003269891476,0.42610245793365475,45.164752449047995,2906.8054356580406
standard,Standard,280,837003,Arcoverde (Rio Branco),-8.43329999,-37.06669999,-8.4333,-37.0667,1277.3292236328125,0.30241501331329346,14.50129508972168,0.860855221748352,-8.43329999,-37.06669999,1116.5,0.257,19.0,0.8837,578.924,0.21838035,0.5010358,0.80903536,698.4052236328125,120.63849894507959,0.08403466331329346,38.480872163312064,14.00025928972168,2794.263262170424,0.05181986174835207,6.405141766405868,2794.263262170424
standard,Standard,467,2251002,Marabá Paulista,-22.1,-51.9667,-22.1,-51.9667,26174.796875,0.18047858774662018,187.3885498046875,1.2184298038482666,-22.1,-51.9667,2000.0,0.146,23.925,0.856,1215.5358,0.1829758,50.17207,0.8501071,24959.261075,2053.354666723925,-0.0024972122533798158,-1.3647773385222612,137.2164798046875,273.4917650491349,0.3683227038482666,43.32662365109838,2053.354666723925
standard,Standard,416,-,Rio Grande,-32.03333333,-52.1,-32.03333,-52.1,60156.29296875,0.19948558509349823,176.82530212402344,1.3172248601913452,-32.03333333,-52.1,774.14,0.23,6.9,0.74,3708.0466,0.15221033,55.822227,1.0033853,56448.24636875,1522.317609728799,0.047275255093498225,31.05916339153737,121.00307512402344,216.76504436847966,0.3138395601913453,31.27807036751937,1522.317609728799
standard,Standard,267,-,Alto Tapajós,-7.33333333,-57.5,-7.33333,-57.5,2821.4482421875,0.17123742401599884,25.382783889770508,0.8830859661102295,-7.33333333,-57.5,1562.35,0.2,11.0,0.82,485.58337,0.115953624,1.6512526,0.7321891,2335.8648721875,481.0430126936802,0.055283800015998835,47.67750942911351,23.73153128977051,1437.1835835274694,0.15089686611022946,20.60900197916487,1437.1835835274694
standard,Standard,5,-,Parintins,-2.63333333,-56.73333333,-2.63333,-56.73333,20362.369140625,0.18525338172912598,123.57829284667969,1.1481413841247559,-2.63333333,-56.73333333,5775.73,0.18,30.0,1.02,1388.9017,0.12620884,41.807613,0.88611805,18973.467440625,1366.0770550302445,0.05904454172912599,46.783206096439834,81.77067984667968,195.5880137109949,0.26202333412475587,29.56979988442351,1366.0770550302445
standard,Standard,4,-,Manaus,-3.13333333,-60.01666667,-3.13333,-60.01667,25965.560546875,0.21227268874645233,142.6098175048828,1.1960078477859497,-3.13333333,-60.01666667,1387.98,0.1,12.0,0.78,2155.854,0.17242825,41.39713,0.93332213,23809.706546875,1104.4211039743416,0.039844438746452326,23.10783688081989,101.21268750488281,244.49203967734678,0.26268571778594973,28.145236177561735,1104.4211039743416
standard,Standard,220,2143003,Desterro de Melo,-21.1492,-43.52,-21.1492,-43.52,56916.64453125,0.16810713708400726,168.1245574951172,1.344786286354065,-21.1492,-43.52,3077.737,0.16,34.357,0.908,5893.8965,0.13487826,78.129906,1.068257,51022.74803125,865.6878862947457,0.03322887708400726,24.636199402340498,89.99465149511718,115.18592060653083,0.27652928635406493,25.886026148582683,865.6878862947457
standard,Standard,265,254001,Santarém - Taperinha,-2.41666667,-54.33333333,-2.41667,-54.33333,6817.22705078125,0.1873820424079895,64.77063751220703,1.0090012550354004,-2.41666667,-54.33333333,1712.51,0.19,15.0,0.84,783.6241,0.16352788,17.6913,0.7932738,6033.60295078125,769.9613820939466,0.023854162407989515,14.5872143685771,47.07933751220703,266.1157603579558,0.21572745503540036,27.194577084910705,769.9613820939466
standard,Standard,212,2045004,Santana do Jacaré,-20.905,-45.125,-20.905,-45.125,7593.7041015625,0.1850583851337433,81.27422332763672,1.1086206436157227,-20.905,-45.125,3628.1,0.171,29.525,1.011,901.5707,0.19296879,15.638396,0.83512133,6692.1334015625,742.274943225473,-0.007910404866256715,-4.0993182712379115,65.63582732763672,419.7094595100208,0.27349931361572266,32.7496501155973,742.274943225473
standard,Standard,337,2141044,Campos,-21.75,-41.33333333,-21.75,-41.33333,14433.947265625,0.1866936832666397,98.98664093017578,1.1572471857070923,-21.75,-41.33333333,1467.4,0.17,10.0,0.84,1778.3055,0.191481,38.28962,0.9324549,12655.641765625,711.6685949419265,-0.004787316733360303,-2.500152356296605,60.69702093017578,158.52082347689998,0.2247922857070923,24.107577289485242,711.6685949419265
standard,Standard,336,2141044,Campos,-21.75,-41.33333333,-21.75,-41.33333,14433.947265625,0.1866936832666397,98.98664093017578,1.1572471857070923,-21.75,-41.33333333,1467.4,0.17,10.0,0.84,1778.3055,0.191481,38.28962,0.9324549,12655.641765625,711.6685949419265,-0.004787316733360303,-2.500152356296605,60.69702093017578,158.52082347689998,0.2247922857070923,24.107577289485242,711.6685949419265
standard,Standard,61,1443000,Boca da Caatinga,-14.7864,-43.5514,-14.7864,-43.5514,1275.0787353515625,0.19805149734020233,7.681555271148682,0.831322968006134,-14.7864,-43.5514,1616.744,0.179,20.467,0.877,518.2997,0.18308727,1.016899,0.78206927,756.7790353515625,146.01186058019374,0.014964227340202335,8.173275695356828,6.664656271148681,655.3901883224078,0.049253698006133995,6.297868986225989,655.3901883224078
standard,Standard,6,-,Uapés,-0.13333333,-67.08333333,-0.13333,-67.08333,5544.478515625,0.18337902426719666,56.09709548950195,0.97422194480896,-0.13333333,-67.08333333,2235.25,0.15,19.0,0.85,811.5585,0.1294553,24.599136,0.8024002,4732.920015625,583.1890141776594,0.05392372426719666,41.654319496534065,31.49795948950195,128.0449829193267,0.17182174480895995,21.41347233075963,583.1890141776594
standard,Standard,260,1753000,Alto Araguaia,-17.3,-53.2194,-17.3,-53.2194,1042.923828125,0.16360996663570404,2.9438507556915283,0.7904951572418213,-17.3,-53.2194,7339.183,0.121,37.977,1.161,658.137,0.15945153,0.4392929,0.78094447,384.78682812500006,58.46606832999817,0.0041584366357040325,2.6079628309016742,2.5045578556915284,570.1339256089794,0.009550687241821287,1.2229662426345482,570.1339256089794
standard,Standard,264,254000,Santarém,-2.4433,-54.7025,-2.4433,-54.7025,4993.98486328125,0.15776056051254272,56.11842727661133,0.9691934585571289,-2.4433,-54.7025,2980.0,0.0931,27.0,0.8835,751.65656,0.1265537,20.140556,0.7801958,4242.32830328125,564.3971634174588,0.031206860512542733,24.658987064418294,35.977871276611324,178.63395269033944,0.1889976585571289,24.224388103233693,564.3971634174588
standard,Standard,296,2352019,Cianorte,-23.66666667,-52.58333333,-23.66667,-52.58333,26957.31640625,0.15749624371528625,114.98115539550781,1.216653823852539,-23.66666667,-52.58333333,2115.81,0.145,22.0,0.849,4260.9507,0.14046645,70.54976,0.99471647,22696.36570625,532.6596645732136,0.017029793715286262,12.123744648836972,44.431395395507806,62.97880445731892,0.2219373538525391,22.311619496210724,532.6596645732136
standard,Standard,88,1645009,Cachoeira da Manteiga,-16.6569,-45.0808,-16.6569,-45.0808,25891.693359375,0.20242148637771606,152.72885131835938,1.2412197589874268,-16.6569,-45.0808,3794.292,0.232,34.584,1.013,4213.3545,0.18686205,80.974525,1.0272597,21678.338859375,514.514951432997,0.015559436377716063,8.326696821380297,71.75432631835938,88.61345752674606,0.21396005898742665,20.82823447541324,514.514951432997
standard,Standard,222,2143055,Barbacena,-21.25,-43.7667,-21.25,-43.7667,34253.38671875,0.1751365214586258,143.4142608642578,1.2897530794143677,-21.25,-43.7667,3000.0,0.208,23.08,1.003,5589.157,0.15624757,73.6844,1.0588585,28664.22971875,512.8542590367385,0.01888895145862579,12.08911694346721,69.72986086425782,94.63313925913467,0.23089457941436775,21.805990074629214,512.8542590367385
standard,Standard,323,-,Laranjeiras do Sul,-25.41666667,-52.41666667,-25.41667,-52.41667,51995.4296875,0.15970247983932495,143.6551055908203,1.3080388307571411,-25.41666667,-52.41666667,771.97,0.148,8.0,0.726,8577.235,0.21425216,74.28861,1.0728393,43418.1946875,506.2026945455033,-0.054549680160675046,-25.460504183796814,69.3664955908203,93.37433503039065,0.23519953075714106,21.923090509188192,506.2026945455033
standard,Standard,470,2252036,Fazenda Guana,-22.31666667,-52.65,-22.31667,-52.65,8199.2392578125,0.16232214868068695,89.0621337890625,1.0604536533355713,-22.31666667,-52.65,1533.476,0.12,25.0,0.763,1362.1554,0.1770568,45.024044,0.86761075,6837.0838578125,501.931267006136,-0.014734651319313036,-8.32199120243506,44.0380897890625,97.81016069783179,0.1928429033355713,22.22689187928703,501.931267006136
standard,Standard,469,2251015,Fazenda Vista Bonita,-22.51666667,-51.81666667,-22.51667,-51.81667,8071.47216796875,0.1859721690416336,94.84415435791016,1.0620208978652954,-22.51666667,-51.81666667,1633.205,0.111,21.157,0.831,1392.2303,0.21407518,41.799232,0.8574905,6679.24186796875,479.75122132945603,-0.028103010958366398,-13.127636262347835,53.04492235791015,126.90405976337114,0.20453039786529537,23.85220569385846,479.75122132945603
standard,Standard,302,2452061,Palmital,-24.88333333,-52.21666667,-24.88333,-52.21667,50228.51171875,0.13529616594314575,130.9312286376953,1.2879092693328857,-24.88333333,-52.21666667,1548.46,0.13,16.0,0.834,8688.891,0.16516033,72.485565,1.0781121,41539.62071875,478.07736014584594,-0.029864164056854242,-18.081923217793427,58.44566363769532,80.63076232860338,0.20979716933288572,19.459680429603353,478.07736014584594
standard,Standard,445,2151008,Panorama,-21.35,-51.85,-21.35,-51.85,5458.64013671875,0.17496441304683685,85.64077758789062,1.0102933645248413,-21.35,-51.85,2000.0,0.101,23.017,0.867,966.809,0.17305101,36.328568,0.8257744,4491.83113671875,464.60377765605716,0.001913403046836848,1.1056873038977628,49.31220958789063,135.7394808072001,0.1845189645248413,22.344960624214224,464.60377765605716
standard,Standard,395,8161001,Caracaraí,1.8214,-61.1236,1.8214,-61.1236,4237.98779296875,0.20026789605617523,47.57821273803711,0.9550676345825195,1.8214,-61.1236,860.7,0.1635,0.0,0.7595,798.3995,0.13743599,22.920645,0.8061199,3439.58829296875,430.8104267310726,0.06283190605617522,45.7172142873022,24.65756773803711,107.57798368255828,0.14894773458251953,18.47711917079823,430.8104267310726
standard,Standard,457,2247031,Usina Ester,-22.6667,-47.2167,-22.6667,-47.2167,7549.01123046875,0.17481818795204163,40.790504455566406,1.0828927755355835,-22.6667,-47.2167,1811.9,0.1739,15.1,0.8801,1606.1537,0.15988292,8.129964,0.887679,5942.85753046875,370.0055312557416,0.014935267952041614,9.341378023394627,32.660540455566405,401.73044377030953,0.1952137755355835,21.991482904922105,401.73044377030953
standard,Standard,458,2247031,Usina Ester,-22.6667,-47.2167,-22.6667,-47.2167,7549.01123046875,0.17481818795204163,40.790504455566406,1.0828927755355835,-22.6667,-47.2167,1811.9,0.1739,15.1,0.8801,1606.1537,0.15988292,8.129964,0.887679,5942.85753046875,370.0055312557416,0.014935267952041614,9.341378023394627,32.660540455566405,401.73044377030953,0.1952137755355835,21.991482904922105,401.73044377030953
standard,Standard,419,-,Pelotas,-31.77611111,-52.35944444,-31.77611,-52.35944,11953.9619140625,0.16961941123008728,95.1345443725586,1.115509271621704,-31.77611111,-52.35944444,1100.0,0.163,16.47,0.766,2505.0115,0.16967115,43.090584,0.94230384,9448.9504140625,377.20187767850564,-5.1738769912712534e-05,-0.030493557633523752,52.043960372558594,120.77803441364033,0.1732054316217041,18.38105972503562,377.20187767850564
standard,Standard,301,2452013,Nova Cantu,-24.66666667,-52.56666667,-24.66667,-52.56667,42566.265625,0.12855497002601624,120.17325592041016,1.2714011669158936,-24.66666667,-52.56666667,2778.43,0.149,24.0,0.94,9378.683,0.1157526,71.77249,1.0994081,33187.582624999995,353.8618655199242,0.012802370026016238,11.060114438912162,48.40076592041015,67.4363755812431,0.17199306691589356,15.644151331602302,353.8618655199242
standard,Standard,322,-,Guaraqueçaba,-25.21666667,-48.33333333,-25.21667,-48.33333,10445.95703125,0.17767886817455292,64.83393859863281,1.0778017044067383,-25.21666667,-48.33333333,1479.78,0.172,19.0,0.802,2511.845,0.15601079,28.354038,0.91216606,7934.112031250001,315.8678991438565,0.021668078174552907,13.88883305735001,36.47990059863281,128.6585727176948,0.16563564440673828,18.158496755156435,315.8678991438565
standard,Standard,24,1444017,Fazenda Porto Alegre,-14.2683,-44.5217,-14.2683,-44.5217,16436.580078125,0.1895201951265335,79.89994049072266,1.1907278299331665,-14.2683,-44.5217,2500.0,0.184,34.478,0.902,4183.9805,0.21816716,41.49244,1.019674,12252.599578125,292.8455230162999,-0.02864696487346649,-13.130741067292846,38.407500490722654,92.56505640719767,0.17105382993316653,16.775344858569163,292.8455230162999
standard,Standard,251,1157000,Porto dos Gaúchos,-11.5358,-57.4172,-11.5358,-57.4172,7677.84814453125,0.23109285533428192,44.091583251953125,1.0423678159713745,-11.5358,-57.4172,5979.295,0.131,48.214,1.022,1957.1073,0.14301601,21.779642,0.9279514,5720.74084453125,292.30593767297535,0.08807684533428192,61.58530456435047,22.311941251953126,102.44402204569353,0.11441641597137453,12.330000899979733,292.30593767297535
standard,Standard,284,3878358,Catende,-8.66694,-35.71694,-8.66694,-35.71694,1218.466552734375,0.25577104091644287,14.502005577087402,0.8608615398406982,-8.66694,-35.71694,743.4,0.267,12.0,0.8155,791.12085,0.2237535,3.7239432,0.8126972,427.345702734375,54.01775250069253,0.03201754091644288,14.30929166088704,10.778062377087402,289.4260679670786,0.048164339840698234,5.926480347255808,289.4260679670786
standard,Standard,454,2246095,Pedra Bela,-22.8,-46.45,-22.8,-46.45,6845.72119140625,0.15865476429462433,60.7322998046875,1.0677584409713745,-22.8,-46.45,2065.3,0.1467,16.7,0.8878,1853.1921,0.16467516,29.259842,0.91674155,4992.52909140625,269.40159584137285,-0.0060203957053756585,-3.655922183634532,31.4724578046875,107.56195404160933,0.1510168909713745,16.47322421148845,269.40159584137285
standard,Standard,453,2246095,Pedra Bela,-22.8,-46.45,-22.8,-46.45,6845.72119140625,0.15865476429462433,60.7322998046875,1.0677584409713745,-22.8,-46.45,2065.3,0.1467,16.7,0.8878,1853.1921,0.16467516,29.259842,0.91674155,4992.52909140625,269.40159584137285,-0.0060203957053756585,-3.655922183634532,31.4724578046875,107.56195404160933,0.1510168909713745,16.47322421148845,269.40159584137285
standard,Standard,165,1944009,Pedro Leopoldo,-19.63439999,-44.0533,-19.6344,-44.0533,16001.896484375,0.1598019152879715,103.90484619140625,1.184004306793213,-19.63439999,-44.0533,925.109,0.196,11.264,0.761,4412.6865,0.18818644,60.675266,1.0155264,11589.209984375,262.6338849219178,-0.028384524712028514,-15.083193407574164,43.22958019140625,71.24745063566141,0.16847790679321295,16.59020452774177,262.6338849219178
standard,Standard,394,964005,Jaciparaná,-9.25,-64.4,-9.25,-64.4,3371.324462890625,0.21700698137283325,31.625625610351562,0.9363735318183899,-9.25,-64.4,1012.9,0.1658,12.1,0.7118,933.8368,0.15192065,11.037881,0.8258939,2437.487662890625,261.0185915666019,0.06508633137283326,42.842320232853965,20.587744610351564,186.5189940927209,0.11047963181838993,13.376976366866245,261.0185915666019
standard,Standard,525,2447040,Itapitangui,-24.93333333,-47.95,-24.93333,-47.95,8562.5966796875,0.21376413106918335,57.45015335083008,1.0512272119522095,-24.93333333,-47.95,668.325,0.186,10.358,0.628,2411.1487,0.1804608,28.941938,0.9128839,6151.4479796875,255.12520151442752,0.033303331069183345,18.45460680058126,28.508215350830078,98.50140426266574,0.1383433119522095,15.154535199077289,255.12520151442752
standard,Standard,542,-,Piracicaba,-22.70805556,-47.6175,-22.70806,-47.6175,7846.57861328125,0.17364928126335144,46.32915115356445,1.1015007495880127,-22.70805556,-47.6175,1773.932,0.173,24.999,0.798,2215.2996,0.18978888,16.771042,0.9434949,5631.27901328125,254.1994325860597,-0.016139598736648553,-8.503974909725246,29.558109153564452,176.24491760001823,0.15800584958801267,16.746868434372317,254.1994325860597
standard,Standard,76,1546008,Arinos (INMET),-15.9153,-46.1072,-15.9153,-46.1072,3172.724609375,0.19619368016719818,13.808040618896484,0.9700239896774292,-15.9153,-46.1072,3500.0,0.166,41.086,0.942,1613.9576,0.16830826,3.9021783,0.90216,1558.767009375,96.58041880251376,0.027885420167198194,16.568063960258513,9.905862318896485,253.85468211169348,0.06786398967742924,7.522389562542037,253.85468211169348
standard,Standard,87,1645000,São Romão,-16.3717,-45.0828,-16.3717,-45.0828,11505.5517578125,0.16433855891227722,67.43244934082031,1.134583592414856,-16.3717,-45.0828,1119.829,0.184,15.2,0.777,3290.9421,0.15558574,41.07358,1.0087755,8214.6096578125,249.61270688452709,0.008752818912277222,5.625720527007951,26.358869340820313,64.17475501483024,0.1258080924148559,12.471366762461608,249.61270688452709
standard,Standard,451,2245050,São Francisco Xavier,-22.9167,-45.9667,-22.9167,-45.9667,3342.703369140625,0.20953357219696045,44.92728042602539,0.9920280575752258,-22.9167,-45.9667,1326.828,0.104,13.697,0.8,976.4987,0.16580537,20.184214,0.8628776,2366.204669140625,242.3151888620666,0.04372820219696044,26.37321227711771,24.74306642602539,122.58622716755474,0.1291504575752258,14.967413405473245,242.3151888620666
standard,Standard,450,2245050,São Francisco Xavier,-22.9167,-45.9667,-22.9167,-45.9667,3342.703369140625,0.20953357219696045,44.92728042602539,0.9920280575752258,-22.9167,-45.9667,1326.828,0.104,13.697,0.8,976.4987,0.16580537,20.184214,0.8628776,2366.204669140625,242.3151888620666,0.04372820219696044,26.37321227711771,24.74306642602539,122.58622716755474,0.1291504575752258,14.967413405473245,242.3151888620666
standard,Standard,530,2448029,Faxinal,-24.8833,-48.3,-24.8833,-48.3,6761.705078125,0.17397761344909668,51.68651580810547,1.0416884422302246,-24.8833,-48.3,1999.359,0.127,23.88,0.888,1989.3044,0.14775428,30.876934,0.93382543,4772.400678125,239.90298710066693,0.026223333449096692,17.74793491538566,20.80958180810547,67.39523363331823,0.10786301223022465,11.55066126548135,239.90298710066693
standard,Standard,217,2048042,UHE Volta Grande Barramento,-20.03389999,-48.2222,-20.0339,-48.2222,23929.109375,0.14521096646785736,81.76927947998047,1.2343671321868896,-20.03389999,-48.2222,2618.624,0.165,31.915,0.888,7104.499,0.21345507,56.552586,1.1183707,16824.610375,236.8162818377482,-0.06824410353214264,-31.9711794768532,25.21669347998047,44.58981500860186,0.1159964321868896,10.371912657126085,236.8162818377482
standard,Standard,15,1239007,Argoim,-12.585,-39.5183,-12.585,-39.5183,2999.572021484375,0.20469525456428528,58.3213005065918,0.9888505935668945,-12.585,-39.5183,8999.0,0.245,56.068,1.119,911.21985,0.15239681,32.78683,0.8672917,2088.352171484375,229.18203235853292,0.052298444564285285,34.31728299580896,25.534470506591795,77.88026627335364,0.12155889356689453,14.015918008542515,229.18203235853292
standard,Standard,477,2346004,Piracaia,-23.05,-46.35,-23.05,-46.35,4993.08349609375,0.16784316301345825,47.73321533203125,1.0173132419586182,-23.05,-46.35,1158.201,0.139,5.0,0.818,1540.3861,0.21204771,27.839922,0.9132321,3452.6973960937503,224.14493327963362,-0.04420454698654175,-20.846509960679015,19.89329333203125,71.45599521446665,0.10408114195861817,11.397008707711672,224.14493327963362
standard,Standard,297,2353053,Umuarama,-23.73333333,-53.28333333,-23.73333,-53.28333,35474.50390625,0.187183678150177,127.7520751953125,1.2540041208267212,-23.73333333,-53.28333333,1752.27,0.148,17.0,0.84,11023.224,0.16578062,92.61809,1.1237663,24451.279906249998,221.81604861018877,0.021403058150177012,12.91047056656985,35.133985195312505,37.934257978449466,0.1302378208267212,11.589404382986142,221.81604861018877
standard,Standard,524,2447033,Momuna,-24.7,-47.66666667,-24.7,-47.66667,8464.38671875,0.17181406915187836,56.420772552490234,1.0444904565811157,-24.7,-47.66666667,745.325,0.17,25.0,0.558,2684.1812,0.22403002,28.814732,0.92081416,5780.20551875,215.34334264579456,-0.05221595084812164,-23.30756871249739,27.606040552490235,95.8053004015107,0.12367629658111567,13.431189696422097,215.34334264579456
standard,Standard,79,1641008,Pedra Azul (Fortaleza),-16.0,-41.28329999,-16.0,-41.2833,2573.56640625,0.1991649866104126,40.93955993652344,0.921431839466095,-16.0,-41.28329999,4451.964,0.176,37.326,1.013,835.4983,0.13795486,20.231123,0.82439005,1738.06810625,208.02772504145133,0.061210126610412585,44.36967759628953,20.708436936523437,102.35930519785498,0.09704178946609499,11.771344094472633,208.02772504145133
standard,Standard,219,2142009,Jussara,-20.9114,-42.3481,-20.9114,-42.3481,18636.466796875,0.14170588552951813,110.43000793457031,1.1956874132156372,-20.9114,-42.3481,2025.9,0.157,22.0,0.8914,6054.2495,0.14733662,79.1867,1.0612217,12582.217296875,207.82455854974265,-0.005630734470481874,-3.8216802248360753,31.24330793457031,39.455246821209,0.13446571321563727,12.670840901164881,207.82455854974265
standard,Standard,236,2146103,Caldas,-21.92579999,-46.3889,-21.9258,-46.3889,2812.982177734375,0.1610013097524643,28.915616989135742,0.9476133584976196,-21.92579999,-46.3889,3600.0,0.194,46.187,0.91,922.4671,0.20599052,15.480603,0.82985365,1890.5150777343752,204.94119277905685,-0.044989210247535716,-21.84042753401259,13.435013989135742,86.78611543191012,0.11775970849761963,14.190418816332208,204.94119277905685
standard,Standard,539,-,Bragança Paulista,-22.93333333,-46.52472222,-22.93333,-46.52472,7766.1572265625,0.1659126579761505,58.25300216674805,1.0733972787857056,-22.93333333,-46.52472222,2000.0,0.151,19.787,0.904,2574.0286,0.16367105,32.582756,0.95505625,5192.1286265625,201.7121576101563,0.0022416079761505003,1.3695812278044897,25.670246166748043,78.78476015579541,0.11834102878570552,12.391000926459096,201.7121576101563
standard,Standard,91,1646001,Unaí,-16.3514,-46.8897,-16.3514,-46.8897,5828.34130859375,0.18443596363067627,29.883750915527344,1.0477721691131592,-16.3514,-46.8897,3348.439,0.206,28.386,0.986,1960.6456,0.16844738,12.632023,0.9212709,3867.69570859375,197.2664365550689,0.015988583630676262,9.491737794126724,17.251727915527344,136.57137827826426,0.12650126911315918,13.731169530391025,197.2664365550689
standard,Standard,427,-,Florianópolis,-27.58333333,-48.55,-27.58333,-48.55,4075.907470703125,0.1957734376192093,38.72847366333008,0.9609528183937073,-27.58333333,-48.55,1625.5,0.23,33.0,0.82,1420.2545,0.21415883,14.532612,0.8271641,2655.652970703125,186.9843025107912,-0.018385392380790705,-8.58493314554936,24.195861663330078,166.49355025325164,0.13378871839370732,16.17438648433936,186.9843025107912
standard,Standard,500,2347004,Elias Fausto,-23.0333,-47.3667,-23.0333,-47.3667,17748.765625,0.15435060858726501,60.23988723754883,1.2060483694076538,-23.0333,-47.3667,1164.95,0.123,14.507,0.815,6188.775,0.2029032,33.451187,1.0847708,11559.990625,186.78964132643375,-0.04855259141273499,-23.928943167350237,26.78870023754883,80.08295860337881,0.12127756940765377,11.180017880980365,186.78964132643375
standard,Standard,291,742002,Oeiras,-7.0167,-42.13329999,-7.0167,-42.1333,5819.1484375,0.24535633623600006,74.00759887695312,1.0296635627746582,-7.0167,-42.13329999,2521.4,0.1654,31.3,0.9304,2055.9817,0.2292212,52.55163,0.9428847,3763.1667375,183.03503078359114,0.016135136236000047,7.039111668554238,21.455968876953122,40.82836037046447,0.08677886277465818,9.203549784470804,183.03503078359114
standard,Standard,505,2347042,Salto de Pirapora,-23.65,-47.5667,-23.65,-47.5667,11956.095703125,0.18413157761096954,65.70122528076172,1.1442903280258179,-23.65,-47.5667,761.717,0.138,8.919,0.671,4294.849,0.17528047,38.93806,1.0449668,7661.246703125,178.3822132774633,0.00885110761096955,5.049682723334522,26.76316528076172,68.73266228662064,0.09932352802581779,9.504945805533513,178.3822132774633
standard,Standard,528,2448014,Eldorado,-24.5167,-48.1,-24.5167,-48.1,6470.56201171875,0.15700432658195496,45.767738342285156,1.0259191989898682,-24.5167,-48.1,3543.4,0.1908,37.9,0.9604,2332.0938,0.16399029,27.87727,0.9292008,4138.468211718749,177.45719369086908,-0.006985963418045055,-4.259986013833535,17.890468342285157,64.17582619203802,0.09671839898986812,10.408772677538385,177.45719369086908
standard,Standard,527,2448014,Eldorado,-24.5167,-48.1,-24.5167,-48.1,6470.56201171875,0.15700432658195496,45.767738342285156,1.0259191989898682,-24.5167,-48.1,3543.4,0.1908,37.9,0.9604,2332.0938,0.16399029,27.87727,0.9292008,4138.468211718749,177.45719369086908,-0.006985963418045055,-4.259986013833535,17.890468342285157,64.17582619203802,0.09671839898986812,10.408772677538385,177.45719369086908
standard,Standard,523,2447027,Jurumirim,-24.5,-47.7333,-24.5,-47.7333,7869.4150390625,0.16021375358104706,51.969078063964844,1.0342649221420288,-24.5,-47.7333,1466.107,0.133,25.0,0.747,2837.9136,0.17939575,31.433165,0.94367987,5031.5014390625,177.29579360916767,-0.019181996418952935,-10.692559003740575,20.535913063964845,65.3319927025002,0.09058505214202883,9.599129431682043,177.29579360916767
standard,Standard,63,1444000,São Gonçalo,-14.3136,-44.4603,-14.3136,-44.4603,10460.8251953125,0.21194542944431305,67.87371826171875,1.1390525102615356,-14.3136,-44.4603,765.111,0.155,11.514,0.698,3777.0664,0.21391241,39.599472,1.0045681,6683.7587953125,176.95634885615195,-0.001966980555686948,-0.9195261535723654,28.27424626171875,71.40056377953411,0.13448441026153568,13.387286562407832,176.95634885615195
standard,Standard,317,-,Paranaguá,-25.51666667,-48.5,-25.51667,-48.5,6549.9130859375,0.1925046145915985,49.66339874267578,1.022524118423462,-25.51666667,-48.5,637.22,0.2,6.0,0.65,2366.824,0.19804849,24.391024,0.9023763,4183.0890859374995,176.738493691863,-0.005543875408401483,-2.7992515410753613,25.27237474267578,103.6134224732663,0.1201478184234619,13.314602613506349,176.738493691863
standard,Standard,479,2346015,Rio Acima,-23.2167,-46.6667,-23.2167,-46.6667,7766.40478515625,0.1780390739440918,51.72788619995117,1.0737425088882446,-23.2167,-46.6667,2144.7,0.1566,19.0,0.9165,2809.2188,0.18296905,31.296213,0.9858759,4957.185985156249,176.46137015586856,-0.004929976055908197,-2.694431684434169,20.43167319995117,65.28481001823182,0.0878666088882446,8.9125425307835,176.46137015586856
standard,Standard,478,2346015,Rio Acima,-23.2167,-46.6667,-23.2167,-46.6667,7766.40478515625,0.1780390739440918,51.72788619995117,1.0737425088882446,-23.2167,-46.6667,2144.7,0.1566,19.0,0.9165,2809.2188,0.18296905,31.296213,0.9858759,4957.185985156249,176.46137015586856,-0.004929976055908197,-2.694431684434169,20.43167319995117,65.28481001823182,0.0878666088882446,8.9125425307835,176.46137015586856
standard,Standard,328,11,Irajá,-22.82694444,-43.33694444,-22.82694,-43.33694,6218.9853515625,0.15876851975917816,47.484676361083984,1.0420860052108765,-22.82694444,-43.33694444,1642.0,0.1915,25.3,0.8445,2252.101,0.20363623,24.210098,0.9241166,3966.8843515625,176.14149416755728,-0.04486771024082184,-22.03326502401947,23.274578361083986,96.13582878137869,0.11796940521087651,12.765640743914405,176.14149416755728
standard,Standard,156,1943009,Vespasiano,-19.6872,-43.9208,-19.6872,-43.9208,11200.53515625,0.19991269707679749,86.029052734375,1.1334935426712036,-19.6872,-43.9208,1463.173,0.184,17.791,0.843,4058.8718,0.18872397,57.54981,1.008743,7141.66335625,175.95193216622414,0.011188727076797494,5.9286200246834015,28.479242734375,49.48624979713225,0.12475054267120367,12.366930196413128,175.95193216622414
standard,Standard,407,3152013,Pedro Osório,-31.8797,-52.8103,-31.8797,-52.8103,6053.4814453125,0.17224857211112976,58.13676834106445,1.011267900466919,-31.8797,-52.8103,813.4,0.1742,10.5,0.7474,2226.3496,0.16517267,36.533657,0.9236166,3827.1318453125,171.90165665412565,0.007075902111129767,4.283942441040499,21.603111341064455,59.132080155743665,0.08765130046691894,9.490009216694345,171.90165665412565
standard,Standard,188,2041044,Caparaó,-20.5167,-41.8667,-20.5167,-41.8667,21976.595703125,0.17495135962963104,112.95697021484375,1.2184638977050781,-20.5167,-41.8667,1088.097,0.14,13.969,0.782,8104.385,0.14544879,87.043976,1.1074891,13872.210703125,171.1691967141862,0.029502569629631048,20.283819225743336,25.91299421484375,29.770002940632846,0.11097479770507812,10.020396381786341,171.1691967141862
standard,Standard,529,2448015,Barra dos Pilões,-24.55,-48.4333,-24.55,-48.4333,6199.208984375,0.18063315749168396,43.4490966796875,1.0197474956512451,-24.55,-48.4333,1939.411,0.128,25.0,0.848,2292.3384,0.169705,29.659588,0.9372373,3906.870584375,170.43166856930895,0.010928157491683965,6.4395023668624765,13.7895086796875,46.49258337535741,0.08251019565124507,8.803554409459062,170.43166856930895
standard,Standard,526,2448006,Barreiro,-24.1667,-48.3333,-24.1667,-48.3333,5299.99609375,0.18465197086334229,44.603816986083984,1.0206128358840942,-24.1667,-48.3333,1662.659,0.129,19.72,0.87,1976.846,0.20622334,23.47487,0.90994465,3323.15009375,168.10364053396168,-0.02157136913665772,-10.460197733514411,21.128946986083985,90.0066623844306,0.11066818588409422,12.162078856564982,168.10364053396168
standard,Standard,27,1739005,Itamaraju,-17.045,-39.5447,-17.045,-39.5447,469.126220703125,0.2110234498977661,15.83702564239502,0.6715766191482544,-17.045,-39.5447,4032.86,0.211,28.605,1.06,178.41397,0.19724613,13.558582,0.6053499,290.712250703125,162.9425379095174,0.013777319897766122,6.984836608843033,2.27844364239502,16.804439006933173,0.0662267191482544,10.940237893531394,162.9425379095174
standard,Standard,363,-,Cidade de Deus,-22.95,-43.36,-22.95,-43.36,6206.6982421875,0.1889442354440689,49.12890625,1.0490037202835083,-22.95,-43.36,1306.84,0.19,19.46,0.79,2372.7783,0.21427555,25.214367,0.92873204,3833.9199421875,161.57935792768754,-0.0253313145559311,-11.821840875420037,23.91453925,94.84489239805228,0.12027168028350832,12.950094871660541,161.57935792768754
standard,Standard,295,2352017,Paranavaí,-23.08333333,-52.43333333,-23.08333,-52.43333,7968.84033203125,0.14295898377895355,73.80764770507812,1.0583058595657349,-23.08333333,-52.43333333,2808.67,0.104,33.0,0.93,3063.1038,0.15367478,68.27106,0.95253223,4905.73653203125,160.15573915683987,-0.010715796221046459,-6.973035016576213,5.536587705078119,8.109713991665163,0.10577362956573488,11.10446725416681,160.15573915683987
standard,Standard,508,2347049,Usina Batista,-23.8333,-47.65,-23.8333,-47.65,11246.13671875,0.18033139407634735,64.18940734863281,1.1256717443466187,-23.8333,-47.65,1985.607,0.143,24.251,0.857,4365.168,0.19263127,39.18463,1.034641,6880.96871875,157.63353709983215,-0.012299875923652642,-6.385191731151772,25.004777348632814,63.81271776365584,0.09103074434661873,8.79829277465505,157.63353709983215
standard,Standard,94,1646004,Fazenda O Resfriado,-16.5028,-46.66279999,-16.5028,-46.6628,4337.3896484375,0.18955683708190918,22.191513061523438,1.000481367111206,-16.5028,-46.66279999,2500.0,0.202,43.912,0.853,1712.0846,0.16678801,11.515682,0.90745705,2625.3050484375,153.33968008575627,0.022768827081909193,13.651357241991912,10.675831061523438,92.70689362144108,0.09302431711120607,10.251098617968317,153.33968008575627
standard,Standard,268,-,Belém,-1.45,-48.46666667,-1.45,-48.46667,1974.7491455078125,0.16574189066886902,31.010839462280273,0.888970136642456,-1.45,-48.46666667,1373.85,0.15,15.0,0.8,781.90906,0.1913144,16.097797,0.80432075,1192.8400855078125,152.55483617337964,-0.025572509331130977,-13.36674569772635,14.913042462280274,92.64026911434075,0.08464938664245603,10.524332070564638,152.55483617337964
standard,Standard,480,2346021,Franco da Rocha (Hosp. Juqueri),-23.3333,-46.6833,-23.3333,-46.6833,7201.072265625,0.19637010991573334,48.69011306762695,1.0608266592025757,-23.3333,-46.6833,2034.4,0.1516,18.0,0.8944,2863.0085,0.16635822,31.147432,0.9860745,4338.063765625,151.52116263800824,0.030011889915733336,18.04052118117959,17.542681067626955,56.32143628285939,0.07475215920257572,7.580782101410768,151.52116263800824
standard,Standard,481,2346021,Franco da Rocha (Hosp. Juqueri),-23.3333,-46.6833,-23.3333,-46.6833,7201.072265625,0.19637010991573334,48.69011306762695,1.0608266592025757,-23.3333,-46.6833,2034.4,0.1516,18.0,0.8944,2863.0085,0.16635822,31.147432,0.9860745,4338.063765625,151.52116263800824,0.030011889915733336,18.04052118117959,17.542681067626955,56.32143628285939,0.07475215920257572,7.580782101410768,151.52116263800824
standard,Standard,345,2243011,Rio da Cidade,-22.4381,-43.1703,-22.4381,-43.1703,4758.68115234375,0.18325160443782806,44.70616149902344,1.0141929388046265,-22.4381,-43.1703,2655.6,0.1644,30.6,0.8862,1900.0632,0.13524126,24.53736,0.88823986,2858.61795234375,150.44857204453777,0.04801034443782806,35.499776057859904,20.168801499023438,82.19629780474932,0.12595307880462647,14.180075053671478,150.44857204453777
standard,Standard,234,2145033,Machado,-21.66669999,-45.91669999,-21.6667,-45.9167,2064.5908203125,0.17256268858909607,20.897300720214844,0.9008018374443054,-21.66669999,-45.91669999,3811.29,0.207,20.34,1.075,828.6707,0.20752408,10.863465,0.8089891,1235.9201203124999,149.14490403878162,-0.03496139141090393,-16.846908277296752,10.033835720214844,92.36312465879757,0.0918127374443054,11.34906977662683,149.14490403878162
standard,Standard,452,2246024,Arcadas,-22.7167,-46.8333,-22.7167,-46.8333,6541.55712890625,0.1464424729347229,44.81930923461914,1.0646069049835205,-22.7167,-46.8333,2000.0,0.142,20.721,0.848,2655.7349,0.1715845,23.66451,0.96342856,3885.82222890625,146.31815204545643,-0.0251420270652771,-14.652854462540091,21.15479923461914,89.39462188153966,0.10117834498352052,10.501904259877922,146.31815204545643
standard,Standard,326,-,Santa Isabel do Ivaí,-23.0,-53.18333333,-23.0,-53.18333,14374.7236328125,0.2200581282377243,94.24422454833984,1.1440781354904175,-23.0,-53.18333333,1824.73,0.166,17.0,0.892,5891.908,0.1629608,85.54331,1.0558945,8482.8156328125,143.97400015092734,0.057097328237724315,35.037461915825354,8.700914548339838,10.171355946291811,0.08818363549041752,8.351557422679777,143.97400015092734
standard,Standard,420,2649020,Blumenau,-26.91666667,-49.05,-26.91667,-49.05,3531.921630859375,0.19754056632518768,33.32818603515625,0.9453481435775757,-26.91666667,-49.05,6649.15,0.21,43.0,1.1,1449.8062,0.17374885,18.318623,0.85835344,2082.115430859375,143.61336231417516,0.023791716325187673,13.69316477501156,15.009563035156251,81.93608785527303,0.08699470357757566,10.135067854749398,143.61336231417516
standard,Standard,521,2447012,Ribeirão da Serra,-24.28333333,-47.95,-24.28333,-47.95,8903.26171875,0.17822781205177307,58.321533203125,1.0773036479949951,-24.28333333,-47.95,1999.51,0.16,25.0,0.824,3668.8394,0.19022785,35.556393,0.9913807,5234.42231875,142.67242983571316,-0.012000037948226933,-6.308244533188454,22.765140203125,64.02544882188978,0.08592294799499511,8.66699825758108,142.67242983571316
standard,Standard,533,2548069,Rio Pardinho,-25.0608,-48.5583,-25.0608,-48.5583,6388.92529296875,0.15932412445545197,51.36945343017578,1.0367786884307861,-25.0608,-48.5583,1819.733,0.134,25.0,0.843,2639.5088,0.16516376,34.148952,0.9463729,3749.41649296875,142.04978187489846,-0.0058396355445480275,-3.535663964387846,17.22050143017578,50.427613211016784,0.09040578843078617,9.552871646132953,142.04978187489846
standard,Standard,544,-,São José do Rio Pardo,-21.57111111,-46.87805556,-21.57111,-46.87806,3219.799072265625,0.16664674878120422,31.78158950805664,0.9623861908912659,-21.57111111,-46.87805556,701.377,0.119,11.497,0.642,1333.6179,0.1767684,14.20929,0.86263937,1886.181172265625,141.43340249599416,-0.010121651218795769,-5.725939262218682,17.57229950805664,123.66768155239735,0.09974682089126585,11.562980355425449,141.43340249599416
standard,Standard,476,2346003,Vinhedo,-23.0333,-46.9667,-23.0333,-46.9667,8033.58349609375,0.18539346754550934,44.526668548583984,1.0811619758605957,-23.0333,-46.9667,1999.873,0.151,23.164,0.856,3332.1274,0.1335249,26.06856,0.99669766,4701.456096093751,141.09472813355669,0.051868567545509336,38.845614222897254,18.458108548583983,70.80601517147085,0.08446431586059566,8.474416992269818,141.09472813355669
standard,Standard,475,2346003,Vinhedo,-23.0333,-46.9667,-23.0333,-46.9667,8033.58349609375,0.18539346754550934,44.526668548583984,1.0811619758605957,-23.0333,-46.9667,1999.873,0.151,23.164,0.856,3332.1274,0.1335249,26.06856,0.99669766,4701.456096093751,141.09472813355669,0.051868567545509336,38.845614222897254,18.458108548583983,70.80601517147085,0.08446431586059566,8.474416992269818,141.09472813355669
standard,Standard,93,1646003,Santo Antonio do Boqueirão,-16.52969999,-46.7211,-16.5297,-46.7211,4179.05859375,0.18199189007282257,22.19153594970703,1.0004816055297852,-16.52969999,-46.7211,2980.0,0.1598,26.0,0.9306,1776.7499,0.17169052,12.740461,0.9087788,2402.30869375,135.20803877630723,0.010301370072822558,5.999964396882575,9.451074949707031,74.18157749320869,0.09170280552978516,10.090772972453271,135.20803877630723
standard,Standard,92,1646003,Santo Antonio do Boqueirão,-16.52969999,-46.7211,-16.5297,-46.7211,4179.05859375,0.18199189007282257,22.19153594970703,1.0004816055297852,-16.52969999,-46.7211,2980.0,0.1598,26.0,0.9306,1776.7499,0.17169052,12.740461,0.9087788,2402.30869375,135.20803877630723,0.010301370072822558,5.999964396882575,9.451074949707031,74.18157749320869,0.09170280552978516,10.090772972453271,135.20803877630723
standard,Standard,311,2554026,São Miguel do Iguaçu,-25.18333333,-54.13333333,-25.18333,-54.13333,114506.875,0.1580764204263687,162.12176513671875,1.4083281755447388,-25.18333333,-54.13333333,2886.0,0.124,26.0,0.927,48756.83,0.19078101,127.085884,1.315707,65750.045,134.85299392926078,-0.03270458957363129,-17.142476378351958,35.03588113671876,27.568664617951402,0.09262117554473881,7.039650586698925,134.85299392926078
standard,Standard,501,2347006,Pereiras,-23.0667,-47.9667,-23.0667,-47.9667,14655.5654296875,0.1894950121641159,81.96401977539062,1.1757910251617432,-23.0667,-47.9667,1382.363,0.152,11.96,0.813,6323.954,0.1856089,62.74074,1.0949348,8331.6114296875,131.74686959594425,0.0038861121641159124,2.093710034441189,19.223279775390623,30.63923022806333,0.08085622516174307,7.384569853998893,131.74686959594425
standard,Standard,461,2248048,Bairro Anhumas,-22.93333333,-48.3,-22.93333,-48.3,13649.314453125,0.22751222550868988,81.69126892089844,1.164157509803772,-22.93333333,-48.3,1405.75,0.139,18.368,0.787,5946.0513,0.2135336,57.116478,1.0698792,7703.263153125,129.55258480741665,0.01397862550868989,6.546335334902746,24.574790920898437,43.02574630196637,0.09427830980377205,8.812051846953569,129.55258480741665
standard,Standard,424,2749016,Neisse Central,-27.0403,-49.3814,-27.0403,-49.3814,3718.95654296875,0.175108402967453,30.353605270385742,0.9418445825576782,-27.0403,-49.3814,1251.6,0.1495,18.9,0.8083,1620.4183,0.16419591,17.09414,0.8684307,2098.5382429687497,129.50595799669443,0.010912492967453002,6.6460199693482025,13.259465270385743,77.56731412276805,0.07341388255767822,8.45362589757343,129.50595799669443
standard,Standard,545,-,Socorro,-22.57527778,-46.50444444,-22.57528,-46.50444,5349.3935546875,0.18995489180088043,46.41075897216797,1.0260828733444214,-22.57527778,-46.50444444,1900.574,0.166,25.0,0.849,2349.0476,0.16697939,30.74428,0.9381272,3000.3459546875,127.72606032706618,0.022975501800880427,13.759483611049498,15.666478972167969,50.95737799736396,0.08795567334442134,9.37566604447897,127.72606032706618
standard,Standard,358,-,Teresópolis,-22.45,-42.91666667,-22.45,-42.91667,4504.89990234375,0.17238278687000275,42.61961364746094,1.0046967267990112,-22.45,-42.91666667,934.49,0.25,17.0,0.76,1982.1394,0.15690139,22.859674,0.8998026,2522.76050234375,127.27462570713998,0.015481396870002745,9.866959668109214,19.75993964746094,86.44016379000392,0.10489412679901122,11.657459847194398,127.27462570713998
standard,Standard,503,2347021,Boituva,-23.2833,-47.6667,-23.2833,-47.6667,13327.9189453125,0.15302573144435883,63.144168853759766,1.159860372543335,-23.2833,-47.6667,1999.559,0.186,17.789,0.881,5880.011,0.18409242,41.425,1.0792352,7447.9079453125,126.66486415267758,-0.03106668855564118,-16.87559355004469,21.71916885375977,52.430099828026,0.0806251725433349,7.470584034261937,126.66486415267758
standard,Standard,504,2347024,Pirapitingui,-23.33333333,-47.33333333,-23.33333,-47.33333,10889.6611328125,0.13706594705581665,53.93140411376953,1.1336889266967773,-23.33333333,-47.33333333,1868.668,0.121,25.0,0.827,4807.6235,0.15267679,37.685566,1.0669278,6082.0376328125,126.50819334776321,-0.015610842944183356,-10.22476497192753,16.24583811376953,43.108913672066194,0.06676112669677736,6.2573237567506785,126.50819334776321
standard,Standard,199,2043026,Braz Pires,-20.8475,-43.2419,-20.8475,-43.2419,9913.7783203125,0.1923384964466095,76.66050720214844,1.1021260023117065,-20.8475,-43.2419,4645.625,0.185,34.958,1.046,4385.9487,0.1599679,63.46387,1.0258276,5527.8296203125,126.03498121882959,0.0323705964466095,20.23568256294513,13.196637202148437,20.79393708916339,0.07629840231170659,7.437741225884992,126.03498121882959
standard,Standard,553,848003,Tupiratins,-8.3992,-48.1303,-8.3992,-48.1303,4512.78564453125,0.15098442137241364,45.69477844238281,0.9884128570556641,-8.3992,-48.1303,2300.09,0.155,31.686,0.869,2028.5848,0.1474211,32.77255,0.9351502,2484.20084453125,122.45979781230983,0.003563321372413636,2.417104045766607,12.92222844238281,39.430036546996824,0.05326265705566402,5.695625906476202,122.45979781230983
standard,Standard,321,-,Guarapuava,-25.36472222,-51.51361111,-25.36472,-51.51361,15828.8291015625,0.20672860741615295,77.00112915039062,1.138044834136963,-25.36472222,-51.51361111,1039.68,0.171,10.0,0.799,7127.6514,0.19532502,60.216053,1.066675,8701.177701562501,122.0763644748746,0.011403587416152966,5.838262510431571,16.785076150390623,27.874753183159683,0.07136983413696285,6.690869677920908,122.0763644748746
standard,Standard,318,-,Apucarana,-23.5,-51.53333333,-23.5,-51.53333,8819.41796875,0.1759481430053711,63.875816345214844,1.068961501121521,-23.5,-51.53333333,1301.07,0.177,15.0,0.836,3983.6309,0.23511665,49.845978,0.9947419,4835.78706875,121.3914438897941,-0.05916850699462892,-25.16559630916352,14.029838345214841,28.146379925005867,0.07421960112152104,7.461191804780822,121.3914438897941
standard,Standard,189,2042008,Raul Soares,-20.1036,-42.43999999,-20.1036,-42.44,32706.107421875,0.1931702345609665,129.6274871826172,1.2738193273544312,-20.1036,-42.43999999,1289.065,0.189,12.647,0.832,14836.975,0.1763681,111.58157,1.1874868,17869.132421875,120.43649343531955,0.016802134560966492,9.526742398974923,18.04591718261719,16.172847525462483,0.08633252735443109,7.270188380572405,120.43649343531955
standard,Standard,161,1943049,Ponte Raul Soares,-19.5614,-43.9178,-19.5614,-43.9178,8220.974609375,0.20624570548534393,71.79740142822266,1.0895850658416748,-19.5614,-43.9178,3316.813,0.235,32.054,1.006,3747.4248,0.18855017,54.527252,1.0022095,4473.549809375,119.37663990949198,0.017695535485343944,9.385054113366191,17.27014942822266,31.672510157347855,0.08737556584167483,8.71829351464687,119.37663990949198
standard,Standard,303,2453023,Cascavel,-24.93333333,-53.43333333,-24.93333,-53.43333,49845.484375,0.1407756507396698,123.81343841552734,1.2986454963684082,-24.93333333,-53.43333333,1062.92,0.141,5.0,0.776,22857.484,0.17483683,99.09739,1.2160095,26988.000375,118.07073943483894,-0.0340611792603302,-19.481695739010025,24.71604841552734,24.941169909245176,0.08263599636840824,6.795670294385713,118.07073943483894
standard,Standard,357,-,Petrópolis,-22.51666667,-43.18333333,-22.51667,-43.18333,5226.80615234375,0.1852264404296875,45.05126190185547,1.0249457359313965,-22.51666667,-43.18333333,2187.74,0.15,29.0,0.85,2399.3105,0.15322417,24.197044,0.90581685,2827.49565234375,117.84617507170289,0.03200227042968751,20.88591534200349,20.854217901855467,86.18498152855145,0.11912888593139648,13.151542271640949,117.84617507170289
standard,Standard,406,3152011,Passo do Mendonça,-31.0006,-52.0492,-31.0006,-52.0492,3219.41064453125,0.14101693034172058,40.78389358520508,0.9305896162986755,-31.0006,-52.0492,880.1,0.1783,0.0,0.7595,1486.6113,0.16186732,25.689762,0.86015964,1732.79934453125,116.56035068018451,-0.020850389658279428,-12.881160729836898,15.094131585205076,58.75543566812755,0.07042997629867553,8.188012204185206,116.56035068018451
standard,Standard,64,1444001,Capitânea,-14.4311,-44.4817,-14.4311,-44.4817,6353.37060546875,0.20878159999847412,51.991363525390625,1.0641798973083496,-14.4311,-44.4817,6040.241,0.21,37.64,1.1,3019.5435,0.2169923,35.399292,0.9749548,3333.82710546875,110.40831521283762,-0.008210700001525878,-3.7838669858450635,16.592071525390622,46.8711959702206,0.0892250973083496,9.151716295806699,110.40831521283762
standard,Standard,502,2347020,Fazenda Pinhal,-23.26666667,-47.11666667,-23.26667,-47.11667,10012.13671875,0.2010895311832428,50.35707092285156,1.1182754039764404,-23.26666667,-47.11666667,516.072,0.104,5.004,0.632,4782.546,0.19835144,35.949062,1.0542018,5229.59071875,109.347421200967,0.002738091183242808,1.3804241518200262,14.408008922851565,40.07895650476656,0.06407360397644046,6.077925874954915,109.347421200967
standard,Standard,511,2347053,Tapiraí,-23.9667,-47.5,-23.9667,-47.5,10241.0830078125,0.18406106531620026,61.41600036621094,1.1016331911087036,-23.9667,-47.5,940.296,0.118,13.848,0.739,4893.4795,0.21543872,39.571888,1.0352889,5347.6035078125,109.28018617044373,-0.031377654683799744,-14.564538205481234,21.844112366210936,55.201087110655266,0.06634429110870355,6.4082876874951085,109.28018617044373
standard,Standard,275,740014,Araripina,-7.55,-40.5667,-7.55,-40.5667,1701.4757080078125,0.1574590802192688,20.895559310913086,0.898543655872345,-7.55,-40.5667,387.23,0.143,0.725,0.609,816.2653,0.20321275,24.1513,0.8333564,885.2104080078125,108.44640927500072,-0.0457536697807312,-22.5151570365202,-3.255740689086913,-13.480602241233031,0.06518725587234497,7.822254184685565,108.44640927500072
disaggregation,Disaggregation,132,,,-1.9014,-55.5186,-1.9014,-55.5186,15443.9150390625,0.20342318713665009,113.76622772216797,1.1270502805709839,-1.9014,-55.5186,3812.1,0.143,33.9,0.9321,14852.4795,0.09768536,113.67828,1.1268669,591.4355390625005,3.9820660184213725,0.10573782713665009,108.24326914150707,0.08794772216796787,0.0773654581754473,0.00018338057098388205,0.01627348988455354,108.24326914150707
standard,Standard,263,82246,Belterra,-2.633333,-54.95,-2.63333,-54.95,4396.96923828125,0.18265308439731598,54.23564529418945,0.9496349096298218,-2.633333,-54.95,1310.41,0.1064,9.7941,0.7244,2113.9917,0.116397485,57.436745,0.92652094,2282.97753828125,107.99368504054438,0.06625559939731598,56.921847922501065,-3.201099705810549,-5.573260994874533,0.023113969629821818,2.494705584292765,107.99368504054438
standard,Standard,499,2346353,Cidade Universitária,-23.5667,-46.7333,-23.5667,-46.7333,7750.4462890625,0.18721288442611694,51.08844757080078,1.0771619081497192,-23.5667,-46.7333,1646.12,0.128,15.722,0.856,3738.5342,0.18112618,30.606258,0.9944359,4011.9120890625,107.31243515339514,0.006086704426116946,3.360477445125241,20.48218957080078,66.9215739173367,0.0827260081497192,8.318887939355287,107.31243515339514
standard,Standard,380,-,Riocentro,-22.98,-43.41,-22.98,-43.41,5656.30419921875,0.17578965425491333,46.742515563964844,1.035269021987915,-22.98,-43.41,1886.83,0.18,37.42,0.78,2789.2744,0.2288425,30.898754,0.9507646,2867.02979921875,102.78765686225601,-0.053052845745086674,-23.183126274659067,15.843761563964843,51.276376917868085,0.08450442198791508,8.888048838578454,102.78765686225601
standard,Standard,221,2143018,Rio Novo,-21.4725,-43.1211,-21.4725,-43.1211,11027.291015625,0.16331975162029266,93.25924682617188,1.1232210397720337,-21.4725,-43.1211,2066.0,0.179,13.2,0.9057,5471.381,0.1698329,84.40389,1.0677375,5555.910015625,101.54493016708213,-0.006513148379707345,-3.8350333649766006,8.855356826171871,10.491645380529109,0.055483539772033685,5.196365190136498,101.54493016708213
standard,Standard,50,2041017,Santa Cruz - Caparaó,-20.3228,-41.7042,-20.3228,-41.7042,18167.69921875,0.16025836765766144,106.11090087890625,1.1999303102493286,-20.3228,-41.7042,3873.672,0.18,35.418,0.986,9050.557,0.14537774,86.57813,1.120423,9117.14221875,100.73570299319698,0.014880627657661433,10.235836420115922,19.53277087890625,22.5608602067361,0.07950731024932867,7.096186908812892,100.73570299319698
standard,Standard,266,651002,Projeto Tucumã,-6.7444,-51.1492,-6.7444,-51.1492,1516.44580078125,0.15919765830039978,11.487279891967773,0.8386160731315613,-6.7444,-51.1492,3171.5,0.1708,3.1,0.9353,762.2934,0.1411127,9.705023,0.80537474,754.15240078125,98.93203860629647,0.018084958300399773,12.815967875605649,1.7822568919677728,18.36427272730598,0.0332413331315613,4.127436767083271,98.93203860629647
standard,Standard,240,2245089,Silvianópolis,-22.03419999,-45.83529999,-22.0342,-45.8353,1945.5811767578125,0.12526552379131317,18.469261169433594,0.8992601037025452,-22.03419999,-45.83529999,666.894,0.184,20.877,0.635,997.1482,0.19271067,11.903355,0.84279424,948.4329767578125,95.11454533617095,-0.06744514620868683,-34.99813799032863,6.565906169433594,55.16013064748212,0.05646586370254514,6.69983977376793,95.11454533617095
disaggregation,Disaggregation,285,,,-10.2364,-62.6272,-10.2364,-62.6272,4098.4755859375,0.235788956284523,37.40974426269531,0.9721235632896423,-10.2364,-62.6272,926.701,0.173,13.868,0.714,5168.5967,0.12085819,37.77886,0.9733995,-1070.1211140625,-20.704287375768747,0.114930766284523,95.09555478575594,-0.36911573730468916,-0.9770430799253581,-0.0012759367103576391,-0.13108047727142239,95.09555478575594
disaggregation,Disaggregation,14,,,1.22611111,-50.89722222,1.22611,-50.89722,3177.363037109375,0.21648961305618286,32.10988998413086,0.9284177422523499,1.22611111,-50.89722222,786.5,0.157,9.19,0.706,2213.4966,0.11150084,28.248604,0.8884861,963.866437109375,43.54497030216243,0.10498877305618286,94.15962521554354,3.861285984130859,13.668944433965159,0.03993164225234991,4.4943463102405214,94.15962521554354
standard,Standard,493,2346070,Mombaca,-23.7667,-46.8333,-23.7667,-46.8333,7561.2216796875,0.21683572232723236,47.78408432006836,1.0580768585205078,-23.7667,-46.8333,2000.0,0.153,20.035,0.855,3899.793,0.15807702,35.2027,1.014177,3661.4286796875,93.88776993259643,0.05875870232723235,37.17093245256796,12.58138432006836,35.73982768386618,0.043899858520507706,4.3286190202013755,93.88776993259643
standard,Standard,492,2346070,Mombaca,-23.7667,-46.8333,-23.7667,-46.8333,7561.2216796875,0.21683572232723236,47.78408432006836,1.0580768585205078,-23.7667,-46.8333,2000.0,0.153,20.035,0.855,3899.793,0.15807702,35.2027,1.014177,3661.4286796875,93.88776993259643,0.05875870232723235,37.17093245256796,12.58138432006836,35.73982768386618,0.043899858520507706,4.3286190202013755,93.88776993259643
standard,Standard,99,1742008,Carbonita,-17.5794,-42.99499999,-17.5794,-42.995,1152.642333984375,0.14685210585594177,1.6108356714248657,0.8111111521720886,-17.5794,-42.99499999,1542.323,0.208,16.364,0.878,3207.9492,0.18339324,25.342512,1.0109246,-2055.306866015625,-64.06918370202449,-0.03654113414405824,-19.925016943949647,-23.731676328575134,-93.64374111206945,-0.19981344782791144,-19.765415524353788,93.64374111206945
standard,Standard,249,956001,Jusante Foz Peixoto de Azevedo,-9.6433,-56.01859999,-9.6433,-56.0186,3345.394775390625,0.19295115768909454,21.31430435180664,0.9201629757881165,-9.6433,-56.01859999,3407.41,0.163,19.952,1.029,1731.3644,0.13476864,12.140837,0.89468,1614.030375390625,93.22303123424653,0.05818251768909455,43.17214872027688,9.173467351806641,75.55877203364679,0.025482975788116424,2.8482782434072993,93.22303123424653
standard,Standard,101,1743002,Vila Terra Branca - Jusante (Bocaiúva),-17.3128,-43.20779999,-17.3128,-43.2078,1144.7152099609375,0.2040979415178299,2.2119264602661133,0.8094902038574219,-17.3128,-43.20779999,716.71,0.213,5.25,0.752,3168.2378,0.14699106,27.138279,1.0121675,-2023.5225900390624,-63.869024921016425,0.05710688151782989,38.85058146926071,-24.926352539733887,-91.84942250661469,-0.20267729614257823,-20.024086541266957,91.84942250661469
standard,Standard,346,2243141,Bangu,-22.86666667,-43.45,-22.86667,-43.45,5274.2158203125,0.17666183412075043,44.170623779296875,1.025661826133728,-22.86666667,-43.45,2396.68,0.22,24.0,0.9,2757.1401,0.22285065,29.346748,0.9469997,2517.0757203125,91.29299306598529,-0.046188815879249584,-20.726354569416596,14.823875779296873,50.512839716676176,0.07866212613372803,8.30645734457234,91.29299306598529
standard,Standard,248,956000,Alta Floresta,-9.8703,-56.1022,-9.8703,-56.1022,3888.23291015625,0.22853803634643555,24.596786499023438,0.9366915822029114,-9.8703,-56.1022,4766.289,0.098,29.239,1.036,2042.3367,0.12506534,16.397926,0.91827106,1845.89621015625,90.381581555884,0.10347269634643555,82.73490988505333,8.19886049902344,49.99937491499499,0.01842052220291135,2.006000516112459,90.381581555884
standard,Standard,22,1439044,Santa Cruz da Vitória,-14.9589,-39.8075,-14.9589,-39.8075,3722.564208984375,0.22860145568847656,37.72262954711914,0.9754822850227356,-14.9589,-39.8075,1098.6,0.1895,12.7,0.8331,1963.0457,0.18627714,36.753273,0.9487271,1759.518508984375,89.63207066368223,0.042324315688476555,22.72115391533097,0.9693565471191405,2.637469993812906,0.02675518502273555,2.8201139213516244,89.63207066368223
standard,Standard,21,1439044,Santa Cruz da Vitória,-14.9589,-39.8075,-14.9589,-39.8075,3722.564208984375,0.22860145568847656,37.72262954711914,0.9754822850227356,-14.9589,-39.8075,1098.6,0.1895,12.7,0.8331,1963.0457,0.18627714,36.753273,0.9487271,1759.518508984375,89.63207066368223,0.042324315688476555,22.72115391533097,0.9693565471191405,2.637469993812906,0.02675518502273555,2.8201139213516244,89.63207066368223
disaggregation,Disaggregation,289,,,-11.6836,-61.1922,-11.6836,-61.1922,2384.4619140625,0.2897605299949646,21.9288330078125,0.8903408646583557,-11.6836,-61.1922,867.613,0.183,13.868,0.714,2685.084,0.15379055,21.927168,0.8903595,-300.62208593749983,-11.196003027745123,0.1359699799949646,88.4124414633829,0.0016650078124982315,0.007593355477999855,-1.8635341644257508e-05,-0.002093013175493439,88.4124414633829
standard,Standard,100,1742016,Itamarandiba,-17.85,-42.85,-17.85,-42.85,1029.7572021484375,0.16923260688781738,3.5008771419525146,0.8097432851791382,-17.85,-42.85,3220.0,0.209,35.476,0.918,3071.7144,0.1709161,27.23535,1.0021513,-2041.9571978515623,-66.4761410713041,-0.0016834931121826047,-0.9849821708912179,-23.734472858047486,-87.14583384479172,-0.19240801482086178,-19.199497602893075,87.14583384479172
standard,Standard,482,2346044,Ponte Pequena,-23.51666667,-46.65,-23.51667,-46.65,6589.7392578125,0.20810198783874512,46.23164749145508,1.0452277660369873,-23.51666667,-46.65,2000.0,0.108,20.206,0.838,3540.5078,0.15609275,30.117298,0.98510504,3049.2314578125,86.12412766927108,0.052009237838745115,33.31944490615042,16.114349491455076,53.50529616386927,0.06012272603698732,6.10317921396355,86.12412766927108
standard,Standard,96,1647008,Fazenda Limeira,-16.2089,-47.2325,-16.2089,-47.2325,3130.845947265625,0.17280061542987823,20.68952751159668,0.9576214551925659,-16.2089,-47.2325,522.749,0.193,8.503,0.61,1685.6189,0.19136687,12.765696,0.9069662,1445.227047265625,85.73865938888234,-0.01856625457012176,-9.701916831331232,7.9238315115966795,62.071284727418536,0.05065525519256597,5.5851315288889465,85.73865938888234
standard,Standard,28,1740005,Medeiros Neto,-17.3722,-40.2258,-17.3722,-40.2258,513.4883422851562,0.23396264016628265,10.863990783691406,0.7040454149246216,-17.3722,-40.2258,6899.271,0.227,40.913,1.107,276.7977,0.18336567,11.715703,0.69097966,236.69064228515623,85.51033562965164,0.050596970166282645,27.593480375188356,-0.8517122163085933,-7.269834480343119,0.013065754924621586,1.890902971676704,85.51033562965164
standard,Standard,213,2045012,Piumhi,-20.4619,-45.945,-20.4619,-45.945,2367.746826171875,0.19733309745788574,25.97037696838379,0.9178776144981384,-20.4619,-45.945,2049.118,0.168,16.674,0.913,1277.6672,0.15687768,19.686869,0.86665666,1090.079626171875,85.31796278184763,0.04045541745788575,25.787873365978992,6.283507968383788,31.917253923840235,0.05122095449813846,5.91017837422936,85.31796278184763
standard,Standard,449,2245012,São Bento do Sapucai (Fazenda Est.),-22.68333333,-45.75,-22.68333,-45.75,1900.424560546875,0.15234743058681488,22.39617347717285,0.90666663646698,-22.68333333,-45.75,629.16,0.113,5.0,0.704,1028.4844,0.19435354,13.68194,0.8509215,871.940160546875,84.77913330983678,-0.04200610941318511,-21.613246361854337,8.71423347717285,63.69150483902758,0.05574513646697998,6.551149132673223,84.77913330983678
standard,Standard,506,2347043,Ibiuna,-23.65,-47.2167,-23.65,-47.2167,9371.015625,0.19557811319828033,55.239505767822266,1.1047639846801758,-23.65,-47.2167,953.1,0.1761,11.5,0.7912,5094.096,0.17867076,41.852055,1.0564554,4276.919625,83.95836326995017,0.016907353198280323,9.462854021710278,13.387450767822266,31.987558956955077,0.04830858468017585,4.572704600703054,83.95836326995017
standard,Standard,507,2347043,Ibiuna,-23.65,-47.2167,-23.65,-47.2167,9371.015625,0.19557811319828033,55.239505767822266,1.1047639846801758,-23.65,-47.2167,953.1,0.1761,11.5,0.7912,5094.096,0.17867076,41.852055,1.0564554,4276.919625,83.95836326995017,0.016907353198280323,9.462854021710278,13.387450767822266,31.987558956955077,0.04830858468017585,4.572704600703054,83.95836326995017
standard,Standard,137,1848000,Monte Alegre de Minas,-18.87219999,-48.86939999,-18.8722,-48.8694,970.2612915039062,0.15561732649803162,11.343729972839355,0.8122053146362305,-18.87219999,-48.86939999,5942.282,0.177,40.081,1.061,531.07465,0.15220925,10.725398,0.7562504,439.18664150390623,82.69772272201398,0.003408076498031626,2.2390731824981898,0.6183319728393553,5.765119139069293,0.05595491463623048,7.398993063174642,82.69772272201398
standard,Standard,485,2346052,Cachoeira da Graça,-23.65,-46.95,-23.65,-46.95,6920.9267578125,0.20241719484329224,47.44631576538086,1.068985939025879,-23.65,-46.95,1999.91,0.197,17.527,0.894,3817.0676,0.16611218,32.768177,1.0146178,3103.8591578125,81.31527871847227,0.03630501484329224,21.855721141756273,14.678138765380858,44.79388269106597,0.054368139025879,5.358484645733498,81.31527871847227
standard,Standard,136,1847041,UHE Emborcação Barrament (Araguari),-18.45189999,-47.9844,-18.4519,-47.9844,1705.19580078125,0.1657327115535736,1.0759778022766113,0.8732106685638428,-18.45189999,-47.9844,6000.0,0.173,58.696,0.997,1821.809,0.13365862,5.5064354,0.9315685,-116.61319921874997,-6.400956369122667,0.0320740915535736,23.997024324786235,-4.430457597723389,-80.45963088431743,-0.05835783143615725,-6.264470238759388,80.45963088431743
standard,Standard,429,-,Lages (CAV Weather Station),-27.81666667,-50.33333333,-27.81667,-50.33333,3321.143310546875,0.18172267079353333,22.507265090942383,0.9322957992553711,-27.81666667,-50.33333333,2050.0,0.2,30.0,0.89,1843.6553,0.18720612,13.532569,0.89136446,1477.488010546875,80.13905910431711,-0.0054834492064666784,-2.9290971932256693,8.974696090942382,66.31923392330297,0.04093133925537107,4.591986902346439,80.13905910431711
standard,Standard,418,-,Santa Vitória do Palmar,-33.51666667,-53.36666667,-33.51667,-53.36667,4148.25439453125,0.2135607749223709,42.08156967163086,0.9557402729988098,-33.51666667,-53.36666667,1036.5,0.28,22.8,0.77,2326.7878,0.17400774,36.443832,0.93703204,1821.46659453125,78.28245422858285,0.03955303492237092,22.730618145130165,5.637737671630859,15.469662113552877,0.01870823299880986,1.9965414415082179,78.28245422858285
standard,Standard,169,1944027,Juatuba,-19.9556,-44.3344,-19.9556,-44.3344,7383.05712890625,0.13343751430511475,66.12059783935547,1.0713016986846924,-19.9556,-44.3344,6985.577,0.226,46.471,1.092,4144.2593,0.1883597,50.87934,0.9887008,3238.7978289062503,78.15142814317267,-0.054922185694885245,-29.158140353209973,15.24125783935547,29.95569093340336,0.08260089868469234,8.354488909556089,78.15142814317267
standard,Standard,168,1944027,Juatuba,-19.9556,-44.3344,-19.9556,-44.3344,7383.05712890625,0.13343751430511475,66.12059783935547,1.0713016986846924,-19.9556,-44.3344,6985.577,0.226,46.471,1.092,4144.2593,0.1883597,50.87934,0.9887008,3238.7978289062503,78.15142814317267,-0.054922185694885245,-29.158140353209973,15.24125783935547,29.95569093340336,0.08260089868469234,8.354488909556089,78.15142814317267
standard,Standard,187,1947021,UHE Nova Ponte,-19.1167,-47.6667,-19.1167,-47.6667,1724.1038818359375,0.16355425119400024,18.765426635742188,0.8693467378616333,-19.1167,-47.6667,3865.965,0.147,35.838,0.971,967.9506,0.16231832,14.242626,0.8395925,756.1532818359375,78.11899510532227,0.001235931194000256,0.761424338300357,4.522800635742188,31.755384405531593,0.029754237861633337,3.543890382731306,78.11899510532227
standard,Standard,196,2043010,Piranga,-20.6906,-43.2994,-20.6906,-43.2994,10917.02734375,0.15610036253929138,79.60093688964844,1.1147674322128296,-20.6906,-43.2994,1031.255,0.172,13.92,0.745,6137.1704,0.16809319,82.69888,1.0756068,4779.85694375,77.88372543395569,-0.011992827460708622,-7.134630177884435,-3.097943110351565,-3.746052075132777,0.039160632212829505,3.640794406732042,77.88372543395569
standard,Standard,514,2348018,Campo do Paiol,-23.3833,-48.0333,-23.3833,-48.0333,8498.521484375,0.17958371341228485,59.11634063720703,1.099583625793457,-23.3833,-48.0333,500.0,0.096,5.077,0.598,4799.1836,0.19321474,46.78788,1.0467826,3699.3378843749997,77.08264973182104,-0.013631026587715145,-7.054858541183321,12.32846063720703,26.349688503105998,0.052801025793457024,5.044125283841843,77.08264973182104
standard,Standard,59,83587,Raja Gabaglia,-19.93,-43.95,-19.93,-43.95,8781.9638671875,0.16496968269348145,74.3571548461914,1.0982824563980103,-19.93,-43.95,2481.99,0.1245,20.0,0.8975,4963.415,0.20145331,54.194374,0.9986795,3818.5488671875,76.93390270987818,-0.03648362730651855,-18.110214871385608,20.162780846191403,37.20456452950523,0.0996029563980102,9.973465601127307,76.93390270987818
standard,Standard,83,1642029,UHE Irapé Rio Itacambiruçu,-16.5925,-42.9164,-16.5925,-42.9164,1261.4376220703125,0.20126989483833313,6.720371246337891,0.8295471668243408,-16.5925,-42.9164,5618.979,0.199,37.915,1.074,2525.6763,0.18013063,28.714512,0.9846739,-1264.2386779296876,-50.05545160041639,0.021139264838333116,11.735519294155088,-21.99414075366211,-76.59590646590863,-0.15512673317565917,-15.754122575571381,76.59590646590863
standard,Standard,310,2553015,Planalto,-25.7,-53.76666667,-25.7,-53.76667,62502.1796875,0.14149072766304016,132.004638671875,1.319636344909668,-25.7,-53.76666667,1659.59,0.156,14.0,0.84,35458.395,0.19467457,107.77944,1.2630762,27043.784687500003,76.26906036638152,-0.05318384233695983,-27.319357806702662,24.225198671875006,22.476641808377373,0.056560144909667986,4.477967751246361,76.26906036638152
standard,Standard,245,2053000,Ribas do Rio Prado,-20.4447,-53.7581,-20.4447,-53.7581,1266.2742919921875,0.17837098240852356,15.470662117004395,0.8264947533607483,-20.4447,-53.7581,3217.5,0.1515,22.14,0.9418,4515.534,0.14947087,64.65933,1.0623817,-3249.259708007812,-71.95737443252143,0.028900112408523554,19.334946273159147,-49.1886678829956,-76.07358115680383,-0.2358869466392517,-22.203596564139957,76.07358115680383
standard,Standard,468,2251010,Usina Laranja Doce,-22.25,-51.1667,-22.25,-51.1667,2602.1669921875,0.16855576634407043,44.27784729003906,0.9172777533531189,-22.25,-51.1667,2000.0,0.136,24.661,0.856,1477.9414,0.17118904,37.37452,0.8715293,1124.2255921875,76.06699373787757,-0.002633273655929552,-1.5382256106638326,6.903327290039066,18.47067812520152,0.045748453353118945,5.249215758221663,76.06699373787757
standard,Standard,513,2348014,Guarei,-23.3667,-48.1833,-23.3667,-48.1833,7627.22265625,0.18009372055530548,56.08344268798828,1.0828869342803955,-23.3667,-48.1833,1358.1,0.116,15.474,0.809,4350.2407,0.1964162,45.85749,1.0373312,3276.9819562499997,75.3287503436304,-0.016322479444694532,-8.3101492874287,10.225952687988283,22.299416492242127,0.04555573428039561,4.391628660199907,75.3287503436304
standard,Standard,365,-,Gericinó,-22.52,-43.35,-22.52,-43.35,4569.8681640625,0.1742878258228302,40.72590255737305,1.0058929920196533,-22.52,-43.35,11547.76,0.2,61.63,1.15,2608.0542,0.16274038,28.052217,0.9268946,1961.8139640625,75.22136480378742,0.01154744582283021,7.095624222353549,12.673685557373048,45.17890888043911,0.07899839201965331,8.52290994247386,75.22136480378742
standard,Standard,218,2142006,Usina Maurício,-21.47139999,-42.81309999,-21.4714,-42.8131,11367.6103515625,0.1543278694152832,94.40728759765625,1.1153125762939453,-21.47139999,-42.81309999,1450.4,0.1848,12.9,0.8231,6526.1997,0.15719764,90.90934,1.0795697,4841.4106515625,74.18422472671959,-0.0028697705847167965,-1.8255812140161878,3.4979475976562497,3.8477318146367026,0.03574287629394535,3.3108447091415543,74.18422472671959
standard,Standard,98,1741012,Teófilo Otoni,-17.85,-41.5167,-17.85,-41.5167,983.6267700195312,0.18846848607063293,5.777225494384766,0.8056806921958923,-17.85,-41.5167,1715.786,0.201,26.962,0.815,1914.0514,0.14981064,22.002983,0.93073744,-930.4246299804688,-48.61022175164516,0.03865784607063294,25.80447294707034,-16.225757505615235,-73.74344426669435,-0.1250567478041077,-13.436307859723328,73.74344426669435
disaggregation,Disaggregation,379,,,-23.25,-45.6833,-23.25,-45.6833,1542.438720703125,0.1791159063577652,6.583115100860596,0.8477388024330139,-23.25,-45.6833,2569.9,0.172,33.4,0.9376,1933.2485,0.1042511,6.4971547,0.84764194,-390.8097792968749,-20.215185957567012,0.0748648063577652,71.81200616373852,0.08596040086059542,1.3230468540420535,9.686243301387787e-05,0.011427281785263936,71.81200616373852
standard,Standard,413,-,Iraí,-27.18333333,-53.28333333,-27.18333,-53.28333,2338.413818359375,0.14287760853767395,8.762128829956055,0.8524249792098999,-27.18333333,-53.28333333,598.65,0.2,4.4,0.67,1361.8992,0.14989713,8.351948,0.8339056,976.5146183593749,71.70241515373347,-0.007019521462326039,-4.682892502562284,0.41018082995605454,4.911199518436352,0.018519379209899878,2.2208004371118117,71.70241515373347
disaggregation,Disaggregation,88,,,-19.6967,-56.2828,-19.6967,-56.2828,1454.85400390625,0.2448670119047165,5.8946452140808105,0.802245557308197,-19.6967,-56.2828,6252.52,0.163,32.96,1.06,2122.697,0.18748072,20.7831,0.8603254,-667.8429960937501,-31.462003107073222,0.0573862919047165,30.60916978808088,-14.88845478591919,-71.63731486601705,-0.058079842691802996,-6.750915722330527,71.63731486601705
standard,Standard,325,-,Piraquara,-25.41666667,-49.13333333,-25.41667,-49.13333,5563.6455078125,0.13028371334075928,43.027320861816406,1.0114078521728516,-25.41666667,-49.13333333,1537.8,0.12,17.0,0.859,3244.9941,0.17129646,33.82974,0.9778704,2318.6514078125,71.45317792141749,-0.041012746659240734,-23.94255354678125,9.197580861816405,27.187855602249396,0.033537452172851534,3.4296418188802456,71.45317792141749
disaggregation,Disaggregation,381,,,-23.2833,-45.95,-23.2833,-45.95,2142.9521484375,0.2393590658903122,18.64345932006836,0.8969588279724121,-23.2833,-45.95,2594.3,0.2255,23.7,0.9644,2469.7876,0.13986808,18.474585,0.896123,-326.8354515625001,-13.233342477000859,0.09949098589031219,71.13201660472653,0.16887432006835823,0.9140899244467912,0.0008358279724121065,0.0932715678999542,71.13201660472653
standard,Standard,287,342004,Luzilândia (Porto Alegre),-3.4667,-42.3667,-3.4667,-42.3667,1633.8245849609375,0.18241308629512787,12.876516342163086,0.85650235414505,-3.4667,-42.3667,3480.4,0.1546,32.7,0.9615,4403.267,0.16134742,43.74006,1.0431818,-2769.4424150390623,-62.895173402818,0.021065666295127877,13.056091194472076,-30.863543657836914,-70.56127416797534,-0.1866794458549499,-17.895197735902784,70.56127416797534
standard,Standard,437,2148071,Itaju,-21.9833,-48.8,-21.9833,-48.8,685.0214233398438,0.13901637494564056,21.18122100830078,0.7371869087219238,-21.9833,-48.8,2000.0,0.151,21.057,0.864,2297.1084,0.17034088,59.471752,0.9509649,-1612.0869766601563,-70.17896833515371,-0.031324505054359436,-18.389305640759538,-38.29053099169922,-64.38440049941562,-0.21377799127807617,-22.480113753733303,70.17896833515371
standard,Standard,81,1642000,Araçuaí,-16.8667,-42.0667,-16.8667,-42.0667,1338.8568115234375,0.20417284965515137,5.429431438446045,0.8404014110565186,-16.8667,-42.0667,3450.0,0.225,58.409,0.947,1918.3468,0.17278357,18.006401,0.93650085,-579.4899884765625,-30.207780390728228,0.03138927965515137,18.166819712748943,-12.576969561553955,-69.84721467412592,-0.0960994389434815,-10.261543162879295,69.84721467412592
disaggregation,Disaggregation,282,,,-10.5169,-62.00139999,-10.5169,-62.0014,4535.5810546875,0.2611050605773926,42.75963592529297,0.9898045063018799,-10.5169,-62.00139999,1223.7,0.1361,12.7,0.7775,5473.9336,0.15401134,42.75486,0.9898028,-938.3525453125003,-17.14219816828798,0.10709372057739258,69.53625660122988,0.004775925292967997,0.011170485163483162,1.706301879900174e-06,0.00017238806355166644,69.53625660122988
standard,Standard,491,2346068,Recalque ABC,-23.75,-46.5333,-23.75,-46.5333,5244.18359375,0.2223571389913559,40.91737365722656,1.0093915462493896,-23.75,-46.5333,1535.589,0.127,17.996,0.843,3095.3284,0.1485875,28.387222,0.97408396,2148.85519375,69.42252698453579,0.07376963899135588,49.64727113071818,12.530151657226561,44.14011225623472,0.03530758624938968,3.6246964018778915,69.42252698453579
standard,Standard,410,-,Caxias do Sul,-29.16666667,-51.2,-29.16667,-51.2,2526.979248046875,0.1546059548854828,6.01505184173584,0.8709874153137207,-29.16666667,-51.2,702.71,0.24,8.85,0.74,3786.126,0.1692928,19.262032,0.9885778,-1259.1467519531252,-33.25686339950454,-0.014686845114517205,-8.675410362707218,-13.246980158264162,-68.77249585227644,-0.11759038468627925,-11.894904446193234,68.77249585227644
